experiment,domain,dataset,seed,model,variant,fit_samples,train_samples,test_samples,n_features,fit_seconds,predict_seconds,split_protocol,accuracy,macro_f1,balanced_accuracy,mcc,minority_recall,g_mean,gb_feature_seconds,n_balls,average_ball_size,compression_ratio
fault_gbfeat_v1,industrial_tabular,aps_failure,1,catboost,gbfeat,48000,48000,16000,182,1.5668043749974458,0.005738416002714075,official first-60000 train / last-16000 test; seeded stratified 80/20 validation inside official train,0.977875,0.8272981180861314,0.9600426666666666,0.6876223249323417,0.9413333333333334,0.9598603453975305,0.42898533300467534,1.0,12000.0,8.333333333333333e-05
raw_baseline_v1,industrial_tabular,aps_failure,1,catboost,raw,48000,48000,16000,170,1.5628485420020297,0.0036467919999267906,official first-60000 train / last-16000 test; seeded stratified 80/20 validation inside official train,0.978875,0.8329724079559986,0.961856,0.6971786198656262,0.944,0.9616902453493016,0.0,,,
fault_gbfeat_v1,industrial_tabular,aps_failure,1,extra_trees,gbfeat,48000,48000,16000,182,3.60222999999678,0.054680084002029616,official first-60000 train / last-16000 test; seeded stratified 80/20 validation inside official train,0.9891875,0.857502036439015,0.7966613333333333,0.7324849191761384,0.5946666666666667,0.77062794827768,0.42898533300467534,1.0,12000.0,8.333333333333333e-05
raw_baseline_v1,industrial_tabular,aps_failure,1,extra_trees,raw,48000,48000,16000,170,2.542114665993722,0.03765883299638517,official first-60000 train / last-16000 test; seeded stratified 80/20 validation inside official train,0.9895,0.8609598405672838,0.7981226666666668,0.7405899099335838,0.5973333333333334,0.772452868896651,0.0,,,
fault_gbfeat_v1,industrial_tabular,aps_failure,1,lightgbm,gbfeat,48000,48000,16000,182,1.9180694580063573,0.02311287500197068,official first-60000 train / last-16000 test; seeded stratified 80/20 validation inside official train,0.9916875,0.9135854372619513,0.9345813333333334,0.8282457271355474,0.8746666666666667,0.932658834372641,0.42898533300467534,1.0,12000.0,8.333333333333333e-05
raw_baseline_v1,industrial_tabular,aps_failure,1,lightgbm,raw,48000,48000,16000,170,1.9057959580022725,0.025201333002769388,official first-60000 train / last-16000 test; seeded stratified 80/20 validation inside official train,0.9910625,0.9091080668934437,0.9394666666666667,0.8203955524607041,0.8853333333333333,0.9379057521947501,0.0,,,
fault_gbfeat_v1,industrial_tabular,aps_failure,1,random_forest,gbfeat,48000,48000,16000,182,5.875464875003672,0.032658541000273544,official first-60000 train / last-16000 test; seeded stratified 80/20 validation inside official train,0.9876875,0.8296315582458731,0.7607573333333333,0.6868299703159139,0.5226666666666666,0.7225403481236647,0.42898533300467534,1.0,12000.0,8.333333333333333e-05
raw_baseline_v1,industrial_tabular,aps_failure,1,random_forest,raw,48000,48000,16000,170,6.0891912919978495,0.04490383400116116,official first-60000 train / last-16000 test; seeded stratified 80/20 validation inside official train,0.988125,0.8391670206050326,0.7739946666666666,0.7010155822162906,0.5493333333333333,0.7406720119819119,0.0,,,
fault_gbfeat_v1,industrial_tabular,aps_failure,1,xgboost,gbfeat,48000,48000,16000,182,1.3109799579979153,0.005045750003773719,official first-60000 train / last-16000 test; seeded stratified 80/20 validation inside official train,0.9901875,0.9018671762072906,0.9390186666666667,0.8069565522831678,0.8853333333333333,0.9374827685527523,0.42898533300467534,1.0,12000.0,8.333333333333333e-05
raw_baseline_v1,industrial_tabular,aps_failure,1,xgboost,raw,48000,48000,16000,170,1.314061999997648,0.0050765000050887465,official first-60000 train / last-16000 test; seeded stratified 80/20 validation inside official train,0.9899375,0.8993669768749923,0.936288,0.801937336641385,0.88,0.9345945003048114,0.0,,,
fault_gbfeat_v1,industrial_tabular,aps_failure,7,catboost,gbfeat,48000,48000,16000,182,1.8213627910008654,0.007147374999476597,official first-60000 train / last-16000 test; seeded stratified 80/20 validation inside official train,0.977625,0.8278547382502444,0.9677226666666667,0.6914384530255606,0.9573333333333334,0.9676668958548357,0.4806678329987335,1.0,12000.0,8.333333333333333e-05
raw_baseline_v1,industrial_tabular,aps_failure,7,catboost,raw,48000,48000,16000,170,1.5882160420005675,0.003957166998588946,official first-60000 train / last-16000 test; seeded stratified 80/20 validation inside official train,0.9771875,0.8246460620384817,0.9635946666666666,0.6848700732079303,0.9493333333333334,0.9634891260413891,0.0,,,
fault_gbfeat_v1,industrial_tabular,aps_failure,7,extra_trees,gbfeat,48000,48000,16000,182,3.277809208004328,0.05088350000005448,official first-60000 train / last-16000 test; seeded stratified 80/20 validation inside official train,0.9885625,0.8478188749397031,0.7859306666666667,0.7146974610448422,0.5733333333333334,0.756630284000493,0.4806678329987335,1.0,12000.0,8.333333333333333e-05
raw_baseline_v1,industrial_tabular,aps_failure,7,extra_trees,raw,48000,48000,16000,170,2.834172666000086,0.05528133399639046,official first-60000 train / last-16000 test; seeded stratified 80/20 validation inside official train,0.989125,0.8550713773466567,0.7914239999999999,0.7299403083036096,0.584,0.763758621555266,0.0,,,
fault_gbfeat_v1,industrial_tabular,aps_failure,7,lightgbm,gbfeat,48000,48000,16000,182,2.153663000004599,0.028436458997020964,official first-60000 train / last-16000 test; seeded stratified 80/20 validation inside official train,0.9908125,0.9058838556359183,0.932832,0.8135235307771167,0.872,0.9308463933431766,0.4806678329987335,1.0,12000.0,8.333333333333333e-05
raw_baseline_v1,industrial_tabular,aps_failure,7,lightgbm,raw,48000,48000,16000,170,1.9566308339999523,0.026470167002116796,official first-60000 train / last-16000 test; seeded stratified 80/20 validation inside official train,0.99125,0.9104744709161131,0.9382613333333334,0.8227894584389869,0.8826666666666667,0.936612813635745,0.0,,,
fault_gbfeat_v1,industrial_tabular,aps_failure,7,random_forest,gbfeat,48000,48000,16000,182,7.2726565830016625,0.038063208005041815,official first-60000 train / last-16000 test; seeded stratified 80/20 validation inside official train,0.989,0.8515017309329488,0.7848533333333334,0.7256539964075822,0.5706666666666667,0.7550621343086056,0.4806678329987335,1.0,12000.0,8.333333333333333e-05
raw_baseline_v1,industrial_tabular,aps_failure,7,random_forest,raw,48000,48000,16000,170,6.579780790998484,0.042662250001740176,official first-60000 train / last-16000 test; seeded stratified 80/20 validation inside official train,0.989,0.8515017309329488,0.7848533333333334,0.7256539964075822,0.5706666666666667,0.7550621343086056,0.0,,,
fault_gbfeat_v1,industrial_tabular,aps_failure,7,xgboost,gbfeat,48000,48000,16000,182,1.5283057089982321,0.005858541997440625,official first-60000 train / last-16000 test; seeded stratified 80/20 validation inside official train,0.99075,0.9055881000179256,0.9341013333333333,0.8131297742658229,0.8746666666666667,0.9322085717978211,0.4806678329987335,1.0,12000.0,8.333333333333333e-05
raw_baseline_v1,industrial_tabular,aps_failure,7,xgboost,raw,48000,48000,16000,170,1.3523009580021608,0.005137124993780162,official first-60000 train / last-16000 test; seeded stratified 80/20 validation inside official train,0.99025,0.9009647053446048,0.9312426666666667,0.8041386834830976,0.8693333333333333,0.9291825109560913,0.0,,,
fault_gbfeat_v1,industrial_tabular,aps_failure,21,catboost,gbfeat,48000,48000,16000,182,2.006580415996723,0.0067577089939732105,official first-60000 train / last-16000 test; seeded stratified 80/20 validation inside official train,0.9758125,0.8176689129530719,0.9628906666666667,0.673844920105602,0.9493333333333334,0.9627952194868162,0.4920447080003214,1.0,12000.0,8.333333333333333e-05
raw_baseline_v1,industrial_tabular,aps_failure,21,catboost,raw,48000,48000,16000,170,1.6203483329954906,0.003894665998814162,official first-60000 train / last-16000 test; seeded stratified 80/20 validation inside official train,0.976625,0.8217594321846468,0.9633066666666668,0.6802990293200868,0.9493333333333334,0.9632053155999505,0.0,,,
fault_gbfeat_v1,industrial_tabular,aps_failure,21,extra_trees,gbfeat,48000,48000,16000,182,2.9979037500015693,0.0512472920017899,official first-60000 train / last-16000 test; seeded stratified 80/20 validation inside official train,0.9889375,0.8532777425910312,0.791328,0.7251939002042149,0.584,0.7636852126367251,0.4920447080003214,1.0,12000.0,8.333333333333333e-05
raw_baseline_v1,industrial_tabular,aps_failure,21,extra_trees,raw,48000,48000,16000,170,2.729259957995964,0.04253966700343881,official first-60000 train / last-16000 test; seeded stratified 80/20 validation inside official train,0.98925,0.8567372235840516,0.7927893333333333,0.7333601084376772,0.5866666666666667,0.7655249005312194,0.0,,,
fault_gbfeat_v1,industrial_tabular,aps_failure,21,lightgbm,gbfeat,48000,48000,16000,182,2.154053999998723,0.060238958001718856,official first-60000 train / last-16000 test; seeded stratified 80/20 validation inside official train,0.991375,0.9117534070458829,0.9396266666666666,0.8253527278594894,0.8853333333333333,0.9380567715584525,0.4920447080003214,1.0,12000.0,8.333333333333333e-05
raw_baseline_v1,industrial_tabular,aps_failure,21,lightgbm,raw,48000,48000,16000,170,1.958799457999703,0.02716195900575258,official first-60000 train / last-16000 test; seeded stratified 80/20 validation inside official train,0.9911875,0.9095051629189863,0.9356266666666666,0.8206523207650382,0.8773333333333333,0.9338089454843891,0.0,,,
fault_gbfeat_v1,industrial_tabular,aps_failure,21,random_forest,gbfeat,48000,48000,16000,182,7.0594450420030626,0.05349945800116984,official first-60000 train / last-16000 test; seeded stratified 80/20 validation inside official train,0.9885,0.8437367303609342,0.7767893333333333,0.711261087019775,0.5546666666666666,0.7443542095893146,0.4920447080003214,1.0,12000.0,8.333333333333333e-05
raw_baseline_v1,industrial_tabular,aps_failure,21,random_forest,raw,48000,48000,16000,170,6.600687541002117,0.04452562500227941,official first-60000 train / last-16000 test; seeded stratified 80/20 validation inside official train,0.9890625,0.8521053151712321,0.7848853333333333,0.7273022414243889,0.5706666666666667,0.7550863191273786,0.0,,,
fault_gbfeat_v1,industrial_tabular,aps_failure,21,xgboost,gbfeat,48000,48000,16000,182,1.4017092499998398,0.005476499994983897,official first-60000 train / last-16000 test; seeded stratified 80/20 validation inside official train,0.9903125,0.9033465139328534,0.9416853333333334,0.8100960041620003,0.8906666666666667,0.940302271967194,0.4920447080003214,1.0,12000.0,8.333333333333333e-05
raw_baseline_v1,industrial_tabular,aps_failure,21,xgboost,raw,48000,48000,16000,170,1.333597999997437,0.00524329200561624,official first-60000 train / last-16000 test; seeded stratified 80/20 validation inside official train,0.99,0.8989127433754678,0.9311146666666666,0.800315196235808,0.8693333333333333,0.9290627477911991,0.0,,,
fault_gbfeat_v1,industrial_tabular,aps_failure,42,catboost,gbfeat,48000,48000,16000,182,1.7910683340014657,0.007410499994875863,official first-60000 train / last-16000 test; seeded stratified 80/20 validation inside official train,0.978625,0.8322351562757726,0.9643306666666667,0.6969547248692359,0.9493333333333334,0.964214039861828,0.47412045899545774,1.0,12000.0,8.333333333333333e-05
raw_baseline_v1,industrial_tabular,aps_failure,42,catboost,raw,48000,48000,16000,170,1.6356253750054748,0.0040745419973973185,official first-60000 train / last-16000 test; seeded stratified 80/20 validation inside official train,0.9783125,0.829626309306623,0.9602666666666666,0.6913414405629152,0.9413333333333334,0.9600799966669444,0.0,,,
fault_gbfeat_v1,industrial_tabular,aps_failure,42,extra_trees,gbfeat,48000,48000,16000,182,2.8804259169992292,0.05234358300367603,official first-60000 train / last-16000 test; seeded stratified 80/20 validation inside official train,0.989375,0.8597509878789791,0.7980586666666667,0.7374243814534066,0.5973333333333334,0.7724033764814858,0.47412045899545774,1.0,12000.0,8.333333333333333e-05
raw_baseline_v1,industrial_tabular,aps_failure,42,extra_trees,raw,48000,48000,16000,170,2.864779499999713,0.044726291998813394,official first-60000 train / last-16000 test; seeded stratified 80/20 validation inside official train,0.9888125,0.8511452383289992,0.7886613333333333,0.7215228937848064,0.5786666666666667,0.7601900674612019,0.0,,,
fault_gbfeat_v1,industrial_tabular,aps_failure,42,lightgbm,gbfeat,48000,48000,16000,182,2.004594541998813,0.02772187499795109,official first-60000 train / last-16000 test; seeded stratified 80/20 validation inside official train,0.991125,0.9091955347863434,0.936896,0.8202261890184842,0.88,0.9351668086496655,0.47412045899545774,1.0,12000.0,8.333333333333333e-05
raw_baseline_v1,industrial_tabular,aps_failure,42,lightgbm,raw,48000,48000,16000,170,1.9777670839976054,0.02772579200245673,official first-60000 train / last-16000 test; seeded stratified 80/20 validation inside official train,0.9910625,0.9086670170691684,0.9368639999999999,0.819233717532538,0.88,0.9351366958899645,0.0,,,
fault_gbfeat_v1,industrial_tabular,aps_failure,42,random_forest,gbfeat,48000,48000,16000,182,7.2107723750013974,0.038404875005653594,official first-60000 train / last-16000 test; seeded stratified 80/20 validation inside official train,0.98875,0.8481267702723341,0.7821226666666667,0.718697717692722,0.5653333333333334,0.7514773786792698,0.47412045899545774,1.0,12000.0,8.333333333333333e-05
raw_baseline_v1,industrial_tabular,aps_failure,42,random_forest,raw,48000,48000,16000,170,6.816501125002105,0.04554912500316277,official first-60000 train / last-16000 test; seeded stratified 80/20 validation inside official train,0.988,0.8358692390744051,0.7687253333333333,0.6966720348968091,0.5386666666666666,0.7334927729705317,0.0,,,
fault_gbfeat_v1,industrial_tabular,aps_failure,42,xgboost,gbfeat,48000,48000,16000,182,1.3852978340000845,0.005558374999964144,official first-60000 train / last-16000 test; seeded stratified 80/20 validation inside official train,0.9899375,0.899605088665738,0.9375893333333334,0.8025835218977468,0.8826666666666667,0.9359793046145126,0.47412045899545774,1.0,12000.0,8.333333333333333e-05
raw_baseline_v1,industrial_tabular,aps_failure,42,xgboost,raw,48000,48000,16000,170,1.352622957994754,0.005074167005659547,official first-60000 train / last-16000 test; seeded stratified 80/20 validation inside official train,0.9905,0.9041969156764258,0.9378773333333333,0.8110676799255409,0.8826666666666667,0.9362508609697866,0.0,,,
fault_gbfeat_v1,industrial_tabular,aps_failure,2026,catboost,gbfeat,48000,48000,16000,182,1.779911584002548,0.007340333999309223,official first-60000 train / last-16000 test; seeded stratified 80/20 validation inside official train,0.97875,0.8335213562721319,0.9669973333333333,0.6999729851892785,0.9546666666666667,0.9669187128881793,0.49429208399669733,1.0,12000.0,8.333333333333333e-05
raw_baseline_v1,industrial_tabular,aps_failure,2026,catboost,raw,48000,48000,16000,170,1.6500502089984366,0.00403316700248979,official first-60000 train / last-16000 test; seeded stratified 80/20 validation inside official train,0.9791875,0.8365001757899293,0.969824,0.70569698936348,0.96,0.9697742417697017,0.0,,,
fault_gbfeat_v1,industrial_tabular,aps_failure,2026,extra_trees,gbfeat,48000,48000,16000,182,3.1099635420032428,0.05162212499999441,official first-60000 train / last-16000 test; seeded stratified 80/20 validation inside official train,0.988875,0.8507833038253125,0.7860906666666667,0.7226147763312126,0.5733333333333334,0.75675151359831,0.49429208399669733,1.0,12000.0,8.333333333333333e-05
raw_baseline_v1,industrial_tabular,aps_failure,2026,extra_trees,raw,48000,48000,16000,170,2.813788375002332,0.05436987500434043,official first-60000 train / last-16000 test; seeded stratified 80/20 validation inside official train,0.989,0.853873726558305,0.7913600000000001,0.7267662247543897,0.584,0.7637096830602581,0.0,,,
fault_gbfeat_v1,industrial_tabular,aps_failure,2026,lightgbm,gbfeat,48000,48000,16000,182,2.091955667005095,0.02920224999979837,official first-60000 train / last-16000 test; seeded stratified 80/20 validation inside official train,0.9908125,0.9058838556359183,0.932832,0.8135235307771167,0.872,0.9308463933431766,0.49429208399669733,1.0,12000.0,8.333333333333333e-05
raw_baseline_v1,industrial_tabular,aps_failure,2026,lightgbm,raw,48000,48000,16000,170,1.9822836250023101,0.026814582997758407,official first-60000 train / last-16000 test; seeded stratified 80/20 validation inside official train,0.99125,0.9095956325650092,0.933056,0.8205310640137529,0.872,0.9310562088295207,0.0,,,
fault_gbfeat_v1,industrial_tabular,aps_failure,2026,random_forest,gbfeat,48000,48000,16000,182,7.395187292000628,0.03828891699959058,official first-60000 train / last-16000 test; seeded stratified 80/20 validation inside official train,0.9885,0.845254322208675,0.7806933333333334,0.7119994759035041,0.5626666666666666,0.749630878054882,0.49429208399669733,1.0,12000.0,8.333333333333333e-05
raw_baseline_v1,industrial_tabular,aps_failure,2026,random_forest,raw,48000,48000,16000,170,6.709864292002749,0.045179833003203385,official first-60000 train / last-16000 test; seeded stratified 80/20 validation inside official train,0.9884375,0.843654190323874,0.7780586666666667,0.7098740014022379,0.5573333333333333,0.7460935705392454,0.0,,,
fault_gbfeat_v1,industrial_tabular,aps_failure,2026,xgboost,gbfeat,48000,48000,16000,182,1.3661669170032837,0.005136833002325147,official first-60000 train / last-16000 test; seeded stratified 80/20 validation inside official train,0.99075,0.9067180494744145,0.940608,0.8161256158116565,0.888,0.9391356707100418,0.49429208399669733,1.0,12000.0,8.333333333333333e-05
raw_baseline_v1,industrial_tabular,aps_failure,2026,xgboost,raw,48000,48000,16000,170,1.3467265420040349,0.005299083000863902,official first-60000 train / last-16000 test; seeded stratified 80/20 validation inside official train,0.9905625,0.9042543372567258,0.9353066666666667,0.8108071748082979,0.8773333333333333,0.9335082502759863,0.0,,,
fault_gbfeat_v1,industrial_tabular,secom,1,catboost,gbfeat,940,940,314,602,1.4667108329958864,0.0007903750010882504,chronological 60/20/20 by official production test timestamp,0.945859872611465,0.486088379705401,0.5,0.0,0.0,1e-06,0.013970458996482193,1.0,940.0,0.0010638297872340426
raw_baseline_v1,industrial_tabular,secom,1,catboost,raw,940,940,314,590,1.4488792920019478,0.000720042000466492,chronological 60/20/20 by official production test timestamp,0.945859872611465,0.486088379705401,0.5,0.0,0.0,1e-06,0.0,,,
fault_gbfeat_v1,industrial_tabular,secom,1,extra_trees,gbfeat,940,940,314,602,0.12068654099857667,0.015952333000313956,chronological 60/20/20 by official production test timestamp,0.945859872611465,0.486088379705401,0.5,0.0,0.0,1e-06,0.013970458996482193,1.0,940.0,0.0010638297872340426
raw_baseline_v1,industrial_tabular,secom,1,extra_trees,raw,940,940,314,590,0.12268016600137344,0.015892541996436194,chronological 60/20/20 by official production test timestamp,0.945859872611465,0.486088379705401,0.5,0.0,0.0,1e-06,0.0,,,
fault_gbfeat_v1,industrial_tabular,secom,1,lightgbm,gbfeat,940,940,314,602,0.8064770830023917,0.0011120409981231205,chronological 60/20/20 by official production test timestamp,0.945859872611465,0.486088379705401,0.5,0.0,0.0,1e-06,0.013970458996482193,1.0,940.0,0.0010638297872340426
raw_baseline_v1,industrial_tabular,secom,1,lightgbm,raw,940,940,314,590,0.7984653750027064,0.0011222500033909455,chronological 60/20/20 by official production test timestamp,0.945859872611465,0.486088379705401,0.5,0.0,0.0,1e-06,0.0,,,
fault_gbfeat_v1,industrial_tabular,secom,1,random_forest,gbfeat,940,940,314,602,0.2727944159996696,0.015851790994929615,chronological 60/20/20 by official production test timestamp,0.945859872611465,0.486088379705401,0.5,0.0,0.0,1e-06,0.013970458996482193,1.0,940.0,0.0010638297872340426
raw_baseline_v1,industrial_tabular,secom,1,random_forest,raw,940,940,314,590,0.27284570899792016,0.015970458000083454,chronological 60/20/20 by official production test timestamp,0.945859872611465,0.486088379705401,0.5,0.0,0.0,1e-06,0.0,,,
fault_gbfeat_v1,industrial_tabular,secom,1,xgboost,gbfeat,940,940,314,602,0.8644844590016874,0.0007234160002553836,chronological 60/20/20 by official production test timestamp,0.9426751592356688,0.4852459016393443,0.4983164983164983,-0.013523031736457278,0.0,9.983150788368352e-07,0.013970458996482193,1.0,940.0,0.0010638297872340426
raw_baseline_v1,industrial_tabular,secom,1,xgboost,raw,940,940,314,590,0.8541859580000164,0.0007593330010422505,chronological 60/20/20 by official production test timestamp,0.9426751592356688,0.4852459016393443,0.4983164983164983,-0.013523031736457278,0.0,9.983150788368352e-07,0.0,,,
fault_gbfeat_v1,industrial_tabular,secom,7,catboost,gbfeat,940,940,314,602,1.446198458004801,0.0007808329974068329,chronological 60/20/20 by official production test timestamp,0.945859872611465,0.486088379705401,0.5,0.0,0.0,1e-06,0.013648708001710474,1.0,940.0,0.0010638297872340426
raw_baseline_v1,industrial_tabular,secom,7,catboost,raw,940,940,314,590,1.4323025829944527,0.0007056660033413209,chronological 60/20/20 by official production test timestamp,0.945859872611465,0.486088379705401,0.5,0.0,0.0,1e-06,0.0,,,
fault_gbfeat_v1,industrial_tabular,secom,7,extra_trees,gbfeat,940,940,314,602,0.1214667919994099,0.01598241699684877,chronological 60/20/20 by official production test timestamp,0.945859872611465,0.486088379705401,0.5,0.0,0.0,1e-06,0.013648708001710474,1.0,940.0,0.0010638297872340426
raw_baseline_v1,industrial_tabular,secom,7,extra_trees,raw,940,940,314,590,0.13436079100210918,0.015854707999096718,chronological 60/20/20 by official production test timestamp,0.945859872611465,0.486088379705401,0.5,0.0,0.0,1e-06,0.0,,,
fault_gbfeat_v1,industrial_tabular,secom,7,lightgbm,gbfeat,940,940,314,602,0.8048133339980268,0.0010976249977829866,chronological 60/20/20 by official production test timestamp,0.945859872611465,0.486088379705401,0.5,0.0,0.0,1e-06,0.013648708001710474,1.0,940.0,0.0010638297872340426
raw_baseline_v1,industrial_tabular,secom,7,lightgbm,raw,940,940,314,590,0.7982154169949354,0.0011290409966022708,chronological 60/20/20 by official production test timestamp,0.945859872611465,0.486088379705401,0.5,0.0,0.0,1e-06,0.0,,,
fault_gbfeat_v1,industrial_tabular,secom,7,random_forest,gbfeat,940,940,314,602,0.26895033400069224,0.015312124996853527,chronological 60/20/20 by official production test timestamp,0.945859872611465,0.486088379705401,0.5,0.0,0.0,1e-06,0.013648708001710474,1.0,940.0,0.0010638297872340426
raw_baseline_v1,industrial_tabular,secom,7,random_forest,raw,940,940,314,590,0.2692925000010291,0.014814707996265497,chronological 60/20/20 by official production test timestamp,0.945859872611465,0.486088379705401,0.5,0.0,0.0,1e-06,0.0,,,
fault_gbfeat_v1,industrial_tabular,secom,7,xgboost,gbfeat,940,940,314,602,0.86338466599409,0.0006094999989727512,chronological 60/20/20 by official production test timestamp,0.945859872611465,0.486088379705401,0.5,0.0,0.0,1e-06,0.013648708001710474,1.0,940.0,0.0010638297872340426
raw_baseline_v1,industrial_tabular,secom,7,xgboost,raw,940,940,314,590,0.8599817919966881,0.0007178749947343022,chronological 60/20/20 by official production test timestamp,0.9394904458598726,0.48440065681444994,0.49663299663299665,-0.019155078532433645,0.0,9.966273091110805e-07,0.0,,,
fault_gbfeat_v1,industrial_tabular,secom,21,catboost,gbfeat,940,940,314,602,1.4778808330011088,0.0008057500017457642,chronological 60/20/20 by official production test timestamp,0.945859872611465,0.486088379705401,0.5,0.0,0.0,1e-06,0.013254041004984174,1.0,940.0,0.0010638297872340426
raw_baseline_v1,industrial_tabular,secom,21,catboost,raw,940,940,314,590,1.4679672079946613,0.0007009580003796145,chronological 60/20/20 by official production test timestamp,0.945859872611465,0.486088379705401,0.5,0.0,0.0,1e-06,0.0,,,
fault_gbfeat_v1,industrial_tabular,secom,21,extra_trees,gbfeat,940,940,314,602,0.12030641700403066,0.014303790994745214,chronological 60/20/20 by official production test timestamp,0.945859872611465,0.486088379705401,0.5,0.0,0.0,1e-06,0.013254041004984174,1.0,940.0,0.0010638297872340426
raw_baseline_v1,industrial_tabular,secom,21,extra_trees,raw,940,940,314,590,0.12897308300307486,0.015950125001836568,chronological 60/20/20 by official production test timestamp,0.945859872611465,0.486088379705401,0.5,0.0,0.0,1e-06,0.0,,,
fault_gbfeat_v1,industrial_tabular,secom,21,lightgbm,gbfeat,940,940,314,602,0.8033121670014225,0.0010713750016293488,chronological 60/20/20 by official production test timestamp,0.945859872611465,0.486088379705401,0.5,0.0,0.0,1e-06,0.013254041004984174,1.0,940.0,0.0010638297872340426
raw_baseline_v1,industrial_tabular,secom,21,lightgbm,raw,940,940,314,590,0.7908242079938645,0.0011098329996457323,chronological 60/20/20 by official production test timestamp,0.945859872611465,0.486088379705401,0.5,0.0,0.0,1e-06,0.0,,,
fault_gbfeat_v1,industrial_tabular,secom,21,random_forest,gbfeat,940,940,314,602,0.28345112500392133,0.01414683299663011,chronological 60/20/20 by official production test timestamp,0.945859872611465,0.486088379705401,0.5,0.0,0.0,1e-06,0.013254041004984174,1.0,940.0,0.0010638297872340426
raw_baseline_v1,industrial_tabular,secom,21,random_forest,raw,940,940,314,590,0.27324495799985016,0.015926708998449612,chronological 60/20/20 by official production test timestamp,0.945859872611465,0.486088379705401,0.5,0.0,0.0,1e-06,0.0,,,
fault_gbfeat_v1,industrial_tabular,secom,21,xgboost,gbfeat,940,940,314,602,0.8671503750010743,0.0006312500045169145,chronological 60/20/20 by official production test timestamp,0.945859872611465,0.486088379705401,0.5,0.0,0.0,1e-06,0.013254041004984174,1.0,940.0,0.0010638297872340426
raw_baseline_v1,industrial_tabular,secom,21,xgboost,raw,940,940,314,590,0.8531712499971036,0.0006429589993786067,chronological 60/20/20 by official production test timestamp,0.945859872611465,0.486088379705401,0.5,0.0,0.0,1e-06,0.0,,,
fault_gbfeat_v1,industrial_tabular,secom,42,catboost,gbfeat,940,940,314,602,1.459509459004039,0.0007565840060124174,chronological 60/20/20 by official production test timestamp,0.945859872611465,0.486088379705401,0.5,0.0,0.0,1e-06,0.013094250003632624,1.0,940.0,0.0010638297872340426
raw_baseline_v1,industrial_tabular,secom,42,catboost,raw,940,940,314,590,1.4460973749955883,0.0007003329956205562,chronological 60/20/20 by official production test timestamp,0.945859872611465,0.486088379705401,0.5,0.0,0.0,1e-06,0.0,,,
fault_gbfeat_v1,industrial_tabular,secom,42,extra_trees,gbfeat,940,940,314,602,0.1253534999996191,0.0159680409997236,chronological 60/20/20 by official production test timestamp,0.945859872611465,0.486088379705401,0.5,0.0,0.0,1e-06,0.013094250003632624,1.0,940.0,0.0010638297872340426
raw_baseline_v1,industrial_tabular,secom,42,extra_trees,raw,940,940,314,590,0.1230135000005248,0.015955666996887885,chronological 60/20/20 by official production test timestamp,0.945859872611465,0.486088379705401,0.5,0.0,0.0,1e-06,0.0,,,
fault_gbfeat_v1,industrial_tabular,secom,42,lightgbm,gbfeat,940,940,314,602,0.8042054170000483,0.0010592920007184148,chronological 60/20/20 by official production test timestamp,0.945859872611465,0.486088379705401,0.5,0.0,0.0,1e-06,0.013094250003632624,1.0,940.0,0.0010638297872340426
raw_baseline_v1,industrial_tabular,secom,42,lightgbm,raw,940,940,314,590,0.7964445000034175,0.0011180840010638349,chronological 60/20/20 by official production test timestamp,0.9426751592356688,0.4852459016393443,0.4983164983164983,-0.013523031736457278,0.0,9.983150788368352e-07,0.0,,,
fault_gbfeat_v1,industrial_tabular,secom,42,random_forest,gbfeat,940,940,314,602,0.2668789589952212,0.015885959001025185,chronological 60/20/20 by official production test timestamp,0.945859872611465,0.486088379705401,0.5,0.0,0.0,1e-06,0.013094250003632624,1.0,940.0,0.0010638297872340426
raw_baseline_v1,industrial_tabular,secom,42,random_forest,raw,940,940,314,590,0.2823415000020759,0.016109875003166962,chronological 60/20/20 by official production test timestamp,0.945859872611465,0.486088379705401,0.5,0.0,0.0,1e-06,0.0,,,
fault_gbfeat_v1,industrial_tabular,secom,42,xgboost,gbfeat,940,940,314,602,0.8617726669981494,0.0006152499991003424,chronological 60/20/20 by official production test timestamp,0.9426751592356688,0.4852459016393443,0.4983164983164983,-0.013523031736457278,0.0,9.983150788368352e-07,0.013094250003632624,1.0,940.0,0.0010638297872340426
raw_baseline_v1,industrial_tabular,secom,42,xgboost,raw,940,940,314,590,0.8561629579999135,0.0006741250035702251,chronological 60/20/20 by official production test timestamp,0.945859872611465,0.486088379705401,0.5,0.0,0.0,1e-06,0.0,,,
fault_gbfeat_v1,industrial_tabular,secom,2026,catboost,gbfeat,940,940,314,602,1.4645305420053774,0.0007945420002215542,chronological 60/20/20 by official production test timestamp,0.945859872611465,0.486088379705401,0.5,0.0,0.0,1e-06,0.013008750000153668,1.0,940.0,0.0010638297872340426
raw_baseline_v1,industrial_tabular,secom,2026,catboost,raw,940,940,314,590,1.4504179170035059,0.0006912909957463853,chronological 60/20/20 by official production test timestamp,0.945859872611465,0.486088379705401,0.5,0.0,0.0,1e-06,0.0,,,
fault_gbfeat_v1,industrial_tabular,secom,2026,extra_trees,gbfeat,940,940,314,602,0.12048499999946216,0.015953333000652492,chronological 60/20/20 by official production test timestamp,0.945859872611465,0.486088379705401,0.5,0.0,0.0,1e-06,0.013008750000153668,1.0,940.0,0.0010638297872340426
raw_baseline_v1,industrial_tabular,secom,2026,extra_trees,raw,940,940,314,590,0.12352433300111443,0.013301291000971105,chronological 60/20/20 by official production test timestamp,0.945859872611465,0.486088379705401,0.5,0.0,0.0,1e-06,0.0,,,
fault_gbfeat_v1,industrial_tabular,secom,2026,lightgbm,gbfeat,940,940,314,602,0.8129017079991172,0.0011185829935129732,chronological 60/20/20 by official production test timestamp,0.945859872611465,0.486088379705401,0.5,0.0,0.0,1e-06,0.013008750000153668,1.0,940.0,0.0010638297872340426
raw_baseline_v1,industrial_tabular,secom,2026,lightgbm,raw,940,940,314,590,0.7979353749979055,0.0010885419978876598,chronological 60/20/20 by official production test timestamp,0.945859872611465,0.486088379705401,0.5,0.0,0.0,1e-06,0.0,,,
fault_gbfeat_v1,industrial_tabular,secom,2026,random_forest,gbfeat,940,940,314,602,0.27509825000015553,0.014776875003008172,chronological 60/20/20 by official production test timestamp,0.945859872611465,0.486088379705401,0.5,0.0,0.0,1e-06,0.013008750000153668,1.0,940.0,0.0010638297872340426
raw_baseline_v1,industrial_tabular,secom,2026,random_forest,raw,940,940,314,590,0.27740074999746867,0.015976541995769367,chronological 60/20/20 by official production test timestamp,0.945859872611465,0.486088379705401,0.5,0.0,0.0,1e-06,0.0,,,
fault_gbfeat_v1,industrial_tabular,secom,2026,xgboost,gbfeat,940,940,314,602,0.8626840420038207,0.0006241250011953525,chronological 60/20/20 by official production test timestamp,0.9426751592356688,0.4852459016393443,0.4983164983164983,-0.013523031736457278,0.0,9.983150788368352e-07,0.013008750000153668,1.0,940.0,0.0010638297872340426
raw_baseline_v1,industrial_tabular,secom,2026,xgboost,raw,940,940,314,590,0.853338207998604,0.0006645419998676516,chronological 60/20/20 by official production test timestamp,0.945859872611465,0.486088379705401,0.5,0.0,0.0,1e-06,0.0,,,
fault_gbfeat_v1,industrial_tabular,steel_plates,1,catboost,gbfeat,1164,1164,389,39,0.7801886660017772,0.0007065419995342381,seeded stratified 60/20/20; no acquisition/session IDs are published,0.7532133676092545,0.7716774377865837,0.8080367743275011,0.6923061106069692,0.8181818181818182,0.798954167930073,1.0578012919941102,256.0,4.546875,0.21993127147766323
raw_baseline_v1,industrial_tabular,steel_plates,1,catboost,raw,1164,1164,389,27,0.6208589169982588,0.00043670900049619377,seeded stratified 60/20/20; no acquisition/session IDs are published,0.7660668380462725,0.7780951519355985,0.8202089426400203,0.7090140370731906,0.8181818181818182,0.8104434578118319,0.0,,,
fault_gbfeat_v1,industrial_tabular,steel_plates,1,extra_trees,gbfeat,1164,1164,389,39,0.12962216600135434,0.01575099999899976,seeded stratified 60/20/20; no acquisition/session IDs are published,0.7480719794344473,0.7530787597832563,0.7437157152696,0.6727898353655418,0.8181818181818182,0.6915091531798109,1.0578012919941102,256.0,4.546875,0.21993127147766323
raw_baseline_v1,industrial_tabular,steel_plates,1,extra_trees,raw,1164,1164,389,27,0.13591862500470597,0.01595787500264123,seeded stratified 60/20/20; no acquisition/session IDs are published,0.7532133676092545,0.7606498522093963,0.7678836404243673,0.6811552922480612,0.8181818181818182,0.7411465438802081,0.0,,,
fault_gbfeat_v1,industrial_tabular,steel_plates,1,lightgbm,gbfeat,1164,1164,389,39,3.161490541002422,0.004094333999091759,seeded stratified 60/20/20; no acquisition/session IDs are published,0.7686375321336761,0.7813460219213468,0.8014826843304287,0.7043332121646934,0.8181818181818182,0.7883074605057905,1.0578012919941102,256.0,4.546875,0.21993127147766323
raw_baseline_v1,industrial_tabular,steel_plates,1,lightgbm,raw,1164,1164,389,27,3.064609291999659,0.004149375003180467,seeded stratified 60/20/20; no acquisition/session IDs are published,0.7763496143958869,0.7834090766781603,0.8122715612847192,0.7136943424063565,0.8181818181818182,0.794759006803978,0.0,,,
fault_gbfeat_v1,industrial_tabular,steel_plates,1,random_forest,gbfeat,1164,1164,389,39,0.26171270899794763,0.016146458001458086,seeded stratified 60/20/20; no acquisition/session IDs are published,0.7686375321336761,0.7764584656726301,0.7631717181685855,0.700370425443051,0.8181818181818182,0.7378439014182016,1.0578012919941102,256.0,4.546875,0.21993127147766323
raw_baseline_v1,industrial_tabular,steel_plates,1,random_forest,raw,1164,1164,389,27,0.2557550839992473,0.016197041994018946,seeded stratified 60/20/20; no acquisition/session IDs are published,0.7609254498714653,0.7749701579984646,0.7655345965183058,0.6900843362669945,0.8181818181818182,0.7413582659135792,0.0,,,
fault_gbfeat_v1,industrial_tabular,steel_plates,1,xgboost,gbfeat,1164,1164,389,39,1.8011942080047447,0.0013524579990189523,seeded stratified 60/20/20; no acquisition/session IDs are published,0.7917737789203085,0.8065026527747446,0.8063785600596377,0.7315804328589675,0.8181818181818182,0.7907432231571098,1.0578012919941102,256.0,4.546875,0.21993127147766323
raw_baseline_v1,industrial_tabular,steel_plates,1,xgboost,raw,1164,1164,389,27,1.7063314999977592,0.0014148330010357313,seeded stratified 60/20/20; no acquisition/session IDs are published,0.7969151670951157,0.8058697836343977,0.8090797574976775,0.7379176264154588,0.8181818181818182,0.7920501478006302,0.0,,,
fault_gbfeat_v1,industrial_tabular,steel_plates,7,catboost,gbfeat,1164,1164,389,39,0.7090542920050211,0.00044166699808556587,seeded stratified 60/20/20; no acquisition/session IDs are published,0.7223650385604113,0.7418143016060242,0.8027774503181772,0.657732496087388,0.9090909090909091,0.7890204382918865,1.052880457995343,256.0,4.546875,0.21993127147766323
raw_baseline_v1,industrial_tabular,steel_plates,7,catboost,raw,1164,1164,389,27,0.5684283750015311,0.0003839589990093373,seeded stratified 60/20/20; no acquisition/session IDs are published,0.7275064267352185,0.7493685509354236,0.8110011345287035,0.6637807545466197,0.9090909090909091,0.7967462608422877,0.0,,,
fault_gbfeat_v1,industrial_tabular,steel_plates,7,extra_trees,gbfeat,1164,1164,389,39,0.12216054199961945,0.0160570829975768,seeded stratified 60/20/20; no acquisition/session IDs are published,0.7352185089974294,0.723578615006417,0.696871608619729,0.6575863522140832,0.6363636363636364,0.6619032144660483,1.052880457995343,256.0,4.546875,0.21993127147766323
raw_baseline_v1,industrial_tabular,steel_plates,7,extra_trees,raw,1164,1164,389,27,0.12254633299744455,0.016089290998934302,seeded stratified 60/20/20; no acquisition/session IDs are published,0.7532133676092545,0.7478315110876717,0.739385113633234,0.6807664302876614,0.8181818181818182,0.7122317165073764,0.0,,,
fault_gbfeat_v1,industrial_tabular,steel_plates,7,lightgbm,gbfeat,1164,1164,389,39,3.121548499999335,0.0041234579985029995,seeded stratified 60/20/20; no acquisition/session IDs are published,0.7789203084832905,0.7824928500570473,0.7800009253486697,0.7167294437366798,0.6363636363636364,0.7646288172288892,1.052880457995343,256.0,4.546875,0.21993127147766323
raw_baseline_v1,industrial_tabular,steel_plates,7,lightgbm,raw,1164,1164,389,27,3.045156375002989,0.004129917004320305,seeded stratified 60/20/20; no acquisition/session IDs are published,0.8020565552699229,0.8090316520751691,0.8241427403238181,0.7461216527875948,0.9090909090909091,0.8119364457283702,0.0,,,
fault_gbfeat_v1,industrial_tabular,steel_plates,7,random_forest,gbfeat,1164,1164,389,39,0.25359583299723454,0.01608699999633245,seeded stratified 60/20/20; no acquisition/session IDs are published,0.7069408740359897,0.6947862895321012,0.6521588692797966,0.6203110772188603,0.5454545454545454,0.5981216254573687,1.052880457995343,256.0,4.546875,0.21993127147766323
raw_baseline_v1,industrial_tabular,steel_plates,7,random_forest,raw,1164,1164,389,27,0.2539697079992038,0.016081209003459662,seeded stratified 60/20/20; no acquisition/session IDs are published,0.7506426735218509,0.7674576068751747,0.7420320402933186,0.6781149827774635,0.9090909090909091,0.706865532767643,0.0,,,
fault_gbfeat_v1,industrial_tabular,steel_plates,7,xgboost,gbfeat,1164,1164,389,39,1.786191917002725,0.0013118339993525296,seeded stratified 60/20/20; no acquisition/session IDs are published,0.7686375321336761,0.7686679722320094,0.743484535166866,0.7014582640929521,0.6363636363636364,0.7213030310342802,1.052880457995343,256.0,4.546875,0.21993127147766323
raw_baseline_v1,industrial_tabular,steel_plates,7,xgboost,raw,1164,1164,389,27,1.7143610830025864,0.0013245410009403713,seeded stratified 60/20/20; no acquisition/session IDs are published,0.7840616966580977,0.7990644219486028,0.7778034975560038,0.7209917983530976,0.8181818181818182,0.7563224620496514,0.0,,,
fault_gbfeat_v1,industrial_tabular,steel_plates,21,catboost,gbfeat,1164,1164,389,39,0.7073355410029762,0.0004688749977503903,seeded stratified 60/20/20; no acquisition/session IDs are published,0.7223650385604113,0.7705508992865454,0.7881587061411623,0.6565787562237133,0.8181818181818182,0.7717989714427884,1.0545984999989741,256.0,4.546875,0.21993127147766323
raw_baseline_v1,industrial_tabular,steel_plates,21,catboost,raw,1164,1164,389,27,0.5506949169939617,0.0003896670023095794,seeded stratified 60/20/20; no acquisition/session IDs are published,0.7275064267352185,0.7613426225691523,0.7922030049223031,0.6630095005034975,0.8181818181818182,0.7765852311393434,0.0,,,
fault_gbfeat_v1,industrial_tabular,steel_plates,21,extra_trees,gbfeat,1164,1164,389,39,0.12436808300117264,0.015821332999621518,seeded stratified 60/20/20; no acquisition/session IDs are published,0.7532133676092545,0.762865560273337,0.7241041794926507,0.6791470186212073,0.5454545454545454,0.7055503103533808,1.0545984999989741,256.0,4.546875,0.21993127147766323
raw_baseline_v1,industrial_tabular,steel_plates,21,extra_trees,raw,1164,1164,389,27,0.12475104100303724,0.014816916002018843,seeded stratified 60/20/20; no acquisition/session IDs are published,0.7712082262210797,0.7870368930782059,0.758912122524278,0.7033690799008715,0.7272727272727273,0.7395540068936355,0.0,,,
fault_gbfeat_v1,industrial_tabular,steel_plates,21,lightgbm,gbfeat,1164,1164,389,39,3.112442749996262,0.004072083000210114,seeded stratified 60/20/20; no acquisition/session IDs are published,0.781491002570694,0.8049506684278986,0.7944240387849411,0.7184002788513544,0.8181818181818182,0.7783213941967823,1.0545984999989741,256.0,4.546875,0.21993127147766323
raw_baseline_v1,industrial_tabular,steel_plates,21,lightgbm,raw,1164,1164,389,27,3.044871875004901,0.004211749997921288,seeded stratified 60/20/20; no acquisition/session IDs are published,0.7634961439588689,0.7749621778939023,0.7728903551428613,0.697326351113107,0.7272727272727273,0.7581895140159333,0.0,,,
fault_gbfeat_v1,industrial_tabular,steel_plates,21,random_forest,gbfeat,1164,1164,389,39,0.25736870800028555,0.016024249998736195,seeded stratified 60/20/20; no acquisition/session IDs are published,0.7634961439588689,0.7861346829231388,0.7467399542117586,0.6937911586758881,0.7272727272727273,0.7267777225664057,1.0545984999989741,256.0,4.546875,0.21993127147766323
raw_baseline_v1,industrial_tabular,steel_plates,21,random_forest,raw,1164,1164,389,27,0.2600276249941089,0.0149827080022078,seeded stratified 60/20/20; no acquisition/session IDs are published,0.7634961439588689,0.7895573098106583,0.7507842529928996,0.6925011603794904,0.7272727272727273,0.7324306286817017,0.0,,,
fault_gbfeat_v1,industrial_tabular,steel_plates,21,xgboost,gbfeat,1164,1164,389,39,1.7803644160012482,0.0012777500014635734,seeded stratified 60/20/20; no acquisition/session IDs are published,0.7686375321336761,0.7855139753654026,0.7554913149368037,0.6998587171197607,0.6363636363636364,0.7413820484579358,1.0545984999989741,256.0,4.546875,0.21993127147766323
raw_baseline_v1,industrial_tabular,steel_plates,21,xgboost,raw,1164,1164,389,27,1.7154284159987583,0.0012832499996875413,seeded stratified 60/20/20; no acquisition/session IDs are published,0.7737789203084833,0.7865496794475869,0.7610143818633793,0.707293412826679,0.6363636363636364,0.7464125471479592,0.0,,,
fault_gbfeat_v1,industrial_tabular,steel_plates,42,catboost,gbfeat,1164,1164,389,39,0.7068051250025746,0.0005507090027094819,seeded stratified 60/20/20; no acquisition/session IDs are published,0.7506426735218509,0.7567010869015881,0.7878184570697103,0.6933705416044179,0.6363636363636364,0.7740423264097787,1.0429558329997235,256.0,4.546875,0.21993127147766323
raw_baseline_v1,industrial_tabular,steel_plates,42,catboost,raw,1164,1164,389,27,0.5471462079949561,0.00037820800207555294,seeded stratified 60/20/20; no acquisition/session IDs are published,0.7660668380462725,0.7725956949139864,0.8184989648335514,0.7142356072736403,0.7272727272727273,0.8068846911987837,0.0,,,
fault_gbfeat_v1,industrial_tabular,steel_plates,42,extra_trees,gbfeat,1164,1164,389,39,0.12507645800360478,0.016047583005274646,seeded stratified 60/20/20; no acquisition/session IDs are published,0.7634961439588689,0.7522250725677896,0.7228545953953223,0.6929482707102019,0.45454545454545453,0.6885410514453393,1.0429558329997235,256.0,4.546875,0.21993127147766323
raw_baseline_v1,industrial_tabular,steel_plates,42,extra_trees,raw,1164,1164,389,27,0.13777425000444055,0.015320207996410318,seeded stratified 60/20/20; no acquisition/session IDs are published,0.7892030848329049,0.7990787826093373,0.7957662516403118,0.7282329599936234,0.7272727272727273,0.7863914875835056,0.0,,,
fault_gbfeat_v1,industrial_tabular,steel_plates,42,lightgbm,gbfeat,1164,1164,389,39,3.1355584999982966,0.004356790996098425,seeded stratified 60/20/20; no acquisition/session IDs are published,0.7609254498714653,0.7500976724593819,0.7464290229171182,0.69397729465743,0.45454545454545453,0.7157281589595318,1.0429558329997235,256.0,4.546875,0.21993127147766323
raw_baseline_v1,industrial_tabular,steel_plates,42,lightgbm,raw,1164,1164,389,27,3.105195290998381,0.0040533749997848645,seeded stratified 60/20/20; no acquisition/session IDs are published,0.7866323907455013,0.8014492198751267,0.8092965160477693,0.728440462742995,0.7272727272727273,0.7987329504966545,0.0,,,
fault_gbfeat_v1,industrial_tabular,steel_plates,42,random_forest,gbfeat,1164,1164,389,39,0.2586726669978816,0.031837083006394096,seeded stratified 60/20/20; no acquisition/session IDs are published,0.7557840616966581,0.7454862945593531,0.7102615516619277,0.683438591676128,0.36363636363636365,0.6752301133675535,1.0429558329997235,256.0,4.546875,0.21993127147766323
raw_baseline_v1,industrial_tabular,steel_plates,42,random_forest,raw,1164,1164,389,27,0.26727658299932955,0.014995041994552594,seeded stratified 60/20/20; no acquisition/session IDs are published,0.7917737789203085,0.7926685405261505,0.7740914311716317,0.7305121099626871,0.6363636363636364,0.7632388898304677,0.0,,,
fault_gbfeat_v1,industrial_tabular,steel_plates,42,xgboost,gbfeat,1164,1164,389,39,1.7718714579968946,0.0012612909995368682,seeded stratified 60/20/20; no acquisition/session IDs are published,0.7660668380462725,0.7551025627162673,0.7450715069762689,0.6985358897214899,0.45454545454545453,0.7133767946194672,1.0429558329997235,256.0,4.546875,0.21993127147766323
raw_baseline_v1,industrial_tabular,steel_plates,42,xgboost,raw,1164,1164,389,27,1.7134739169996465,0.0012707089990726672,seeded stratified 60/20/20; no acquisition/session IDs are published,0.7917737789203085,0.7949628156276853,0.7904877014056214,0.732056337621839,0.6363636363636364,0.7762981084579191,0.0,,,
fault_gbfeat_v1,industrial_tabular,steel_plates,2026,catboost,gbfeat,1164,1164,389,39,0.7212367079991964,0.0005406249983934686,seeded stratified 60/20/20; no acquisition/session IDs are published,0.7557840616966581,0.7702198404958523,0.7867432489769582,0.6919289962319531,0.7272727272727273,0.7806350941343623,1.0465194159987732,256.0,4.546875,0.21993127147766323
raw_baseline_v1,industrial_tabular,steel_plates,2026,catboost,raw,1164,1164,389,27,0.5503137080013403,0.0003818339973804541,seeded stratified 60/20/20; no acquisition/session IDs are published,0.7506426735218509,0.7596967327346942,0.7866898301735396,0.6868484958863535,0.7272727272727273,0.7798472075119645,0.0,,,
fault_gbfeat_v1,industrial_tabular,steel_plates,2026,extra_trees,gbfeat,1164,1164,389,39,0.1270772920033778,0.015290957999241073,seeded stratified 60/20/20; no acquisition/session IDs are published,0.7377892030848329,0.7052829935428317,0.6680199969203728,0.6609328593923876,0.36363636363636365,0.5967081010294367,1.0465194159987732,256.0,4.546875,0.21993127147766323
raw_baseline_v1,industrial_tabular,steel_plates,2026,extra_trees,raw,1164,1164,389,27,0.14233362500090152,0.016092582998680882,seeded stratified 60/20/20; no acquisition/session IDs are published,0.7403598971722365,0.7411293445253345,0.7191944397614825,0.6632358845788664,0.6363636363636364,0.6854184369335247,0.0,,,
fault_gbfeat_v1,industrial_tabular,steel_plates,2026,lightgbm,gbfeat,1164,1164,389,39,3.1339979590047733,0.00415916700148955,seeded stratified 60/20/20; no acquisition/session IDs are published,0.7609254498714653,0.7516831464736802,0.7300723370428885,0.6903868289226326,0.45454545454545453,0.7031999497440053,1.0465194159987732,256.0,4.546875,0.21993127147766323
raw_baseline_v1,industrial_tabular,steel_plates,2026,lightgbm,raw,1164,1164,389,27,3.0467422080037068,0.004032958000607323,seeded stratified 60/20/20; no acquisition/session IDs are published,0.7866323907455013,0.7664547283960442,0.7555706894052759,0.7246556390605801,0.45454545454545453,0.7272872120428333,0.0,,,
fault_gbfeat_v1,industrial_tabular,steel_plates,2026,random_forest,gbfeat,1164,1164,389,39,0.2915201249998063,0.01594012499845121,seeded stratified 60/20/20; no acquisition/session IDs are published,0.7326478149100257,0.684868312271829,0.660366693433736,0.6530007677358741,0.36363636363636365,0.5719050994880568,1.0465194159987732,256.0,4.546875,0.21993127147766323
raw_baseline_v1,industrial_tabular,steel_plates,2026,random_forest,raw,1164,1164,389,27,0.27318141700379783,0.016011125000659376,seeded stratified 60/20/20; no acquisition/session IDs are published,0.7480719794344473,0.7356847287773941,0.704753853892325,0.6723923323077273,0.5454545454545454,0.6732319312696258,0.0,,,
fault_gbfeat_v1,industrial_tabular,steel_plates,2026,xgboost,gbfeat,1164,1164,389,39,1.792427291002241,0.001293749999604188,seeded stratified 60/20/20; no acquisition/session IDs are published,0.7737789203084833,0.7449361559228997,0.7097423583795764,0.7056170644785876,0.36363636363636365,0.6610086034791679,1.0465194159987732,256.0,4.546875,0.21993127147766323
raw_baseline_v1,industrial_tabular,steel_plates,2026,xgboost,raw,1164,1164,389,27,1.7065982499989332,0.001299957999435719,seeded stratified 60/20/20; no acquisition/session IDs are published,0.7712082262210797,0.762739386052168,0.7427077766520123,0.7032366232262259,0.5454545454545454,0.713857935114389,0.0,,,
