experiment,dataset,seed,model,variant,train_samples,test_samples,n_features,fit_seconds,predict_seconds,gb_feature_seconds,n_balls,split_protocol,validation_pr_auc,validation_roc_auc,pr_auc,roc_auc,macro_f1,mcc,recall_positive,threshold
finance_gb_v1,australian_credit,1,catboost,gbfeat,414,138,26,0.09775591599463951,0.0002671250040293671,0.3805168330000015,54.0,seeded stratified 60/20/20; anonymized application rows have no valid event order,0.8810819215475395,0.9233870967741936,0.9242011916852519,0.92931658505429,0.853097721950181,0.7061954439003619,0.8360655737704918,0.6770255275520323
finance_gb_v1,australian_credit,1,catboost,gbweight,414,138,14,0.06439604199840687,0.00017983399447984993,0.3805168330000015,54.0,seeded stratified 60/20/20; anonymized application rows have no valid event order,0.8852555594180713,0.926358234295416,0.9333979076037734,0.9452842239727486,0.8356075373619233,0.677174153062715,0.7540983606557377,0.8200000000000001
finance_gb_v1,australian_credit,1,catboost,raw,414,138,14,0.06491245800134493,0.0001687499971012585,0.0,,seeded stratified 60/20/20; anonymized application rows have no valid event order,0.8959186297943156,0.9261460101867572,0.9322206988032177,0.9450713221205024,0.8583850931677018,0.7214353695002401,0.7868852459016393,0.73
finance_gb_v1,australian_credit,1,lightgbm,gbfeat,414,138,26,0.3549489170036395,0.0005610419975710101,0.3805168330000015,54.0,seeded stratified 60/20/20; anonymized application rows have no valid event order,0.8954441978912124,0.9235993208828522,0.9153241423352224,0.9261230572705983,0.8043375518563252,0.6334659018605756,0.9180327868852459,0.15
finance_gb_v1,australian_credit,1,lightgbm,gbweight,414,138,14,0.3576182079996215,0.0005659169983118773,0.3805168330000015,54.0,seeded stratified 60/20/20; anonymized application rows have no valid event order,0.8977521628153713,0.9282682512733447,0.9336715021087527,0.942303598041303,0.8610860927152317,0.7229999246673924,0.8688524590163934,0.5900000000000001
finance_gb_v1,australian_credit,1,lightgbm,raw,414,138,14,0.3647695420004311,0.0005842499958816916,0.0,,seeded stratified 60/20/20; anonymized application rows have no valid event order,0.9148639602142222,0.9316638370118846,0.9332958409796666,0.9401745795188419,0.8389219015280136,0.6782029522956753,0.8360655737704918,0.6
finance_gb_v1,australian_credit,1,xgboost,gbfeat,414,138,26,0.24193574999662815,0.00035799999750452116,0.3805168330000015,54.0,seeded stratified 60/20/20; anonymized application rows have no valid event order,0.8958124089604902,0.9252971137521223,0.9023442881530566,0.9210134128166916,0.8384074941451991,0.6768149882903981,0.819672131147541,0.6900000000000001
finance_gb_v1,australian_credit,1,xgboost,gbweight,414,138,14,0.25050870899576694,0.0003516669967211783,0.3805168330000015,54.0,seeded stratified 60/20/20; anonymized application rows have no valid event order,0.8921132016325866,0.9335738539898133,0.9309396650949002,0.9429423035980413,0.8834459459459459,0.7702714890817567,0.9180327868852459,0.5800000000000001
finance_gb_v1,australian_credit,1,xgboost,raw,414,138,14,0.32690095800353447,0.0003967500015278347,0.0,,seeded stratified 60/20/20; anonymized application rows have no valid event order,0.8918599412852043,0.9331494057724958,0.9307035919968842,0.9416648924845646,0.8688766891891893,0.7410769091605036,0.9016393442622951,0.56
finance_gb_v1,australian_credit,7,catboost,gbfeat,414,138,26,0.1024312080044183,0.0002695419971132651,0.476801417004026,81.0,seeded stratified 60/20/20; anonymized application rows have no valid event order,0.9518150795034941,0.9547962648556876,0.9143110387756648,0.9244198424526293,0.8434782608695652,0.6915380478813112,0.7704918032786885,0.62
finance_gb_v1,australian_credit,7,catboost,gbweight,414,138,14,0.06475737500295509,0.000171125000633765,0.476801417004026,81.0,seeded stratified 60/20/20; anonymized application rows have no valid event order,0.96538753739696,0.9637096774193549,0.9337559448224197,0.9286778794975517,0.8719082719082719,0.7558167927053012,0.7704918032786885,0.703442146512121
finance_gb_v1,australian_credit,7,catboost,raw,414,138,14,0.06801891600480303,0.0001691249999566935,0.0,,seeded stratified 60/20/20; anonymized application rows have no valid event order,0.9608124492416572,0.9603140916808149,0.9293590316743425,0.9291036832020437,0.8389219015280136,0.6782029522956753,0.8360655737704918,0.43000000000000005
finance_gb_v1,australian_credit,7,lightgbm,gbfeat,414,138,26,0.3765235829996527,0.0006244999967748299,0.476801417004026,81.0,seeded stratified 60/20/20; anonymized application rows have no valid event order,0.954460045749096,0.9567062818336163,0.9093990715875804,0.9171811794762615,0.8417690417690418,0.6951050829303701,0.7377049180327869,0.778773834859395
finance_gb_v1,australian_credit,7,lightgbm,gbweight,414,138,14,0.3747308329984662,0.0005479169994941913,0.476801417004026,81.0,seeded stratified 60/20/20; anonymized application rows have no valid event order,0.9401782378409081,0.9469439728353141,0.9223827202992874,0.9259101554183521,0.8610860927152317,0.7229999246673924,0.8688524590163934,0.41000000000000003
finance_gb_v1,australian_credit,7,lightgbm,raw,414,138,14,0.38029500000266125,0.0005700420006178319,0.0,,seeded stratified 60/20/20; anonymized application rows have no valid event order,0.9398368378609857,0.9492784380305602,0.9261409677898649,0.9267617628273367,0.8471760797342193,0.6987571779654349,0.8852459016393442,0.31
finance_gb_v1,australian_credit,7,xgboost,gbfeat,414,138,26,0.25620441699720686,0.00035291600215714425,0.476801417004026,81.0,seeded stratified 60/20/20; anonymized application rows have no valid event order,0.956569864480859,0.9562818336162988,0.905886235494623,0.914413455397062,0.8559578091523375,0.7285953970294927,0.7377049180327869,0.78
finance_gb_v1,australian_credit,7,xgboost,gbweight,414,138,14,0.24779137499717763,0.00036587499926099554,0.476801417004026,81.0,seeded stratified 60/20/20; anonymized application rows have no valid event order,0.9489530739912526,0.9541595925297114,0.9365255762999004,0.9344262295081966,0.8610860927152317,0.7229999246673924,0.8688524590163934,0.3880283534526825
finance_gb_v1,australian_credit,7,xgboost,raw,414,138,14,0.3328891659984947,0.0003557500021997839,0.0,,seeded stratified 60/20/20; anonymized application rows have no valid event order,0.94287476337552,0.950339558573854,0.9342083805291711,0.93314881839472,0.8471760797342193,0.6987571779654349,0.8852459016393442,0.31
finance_gb_v1,australian_credit,21,catboost,gbfeat,414,138,26,0.09989670800132444,0.0003595000016503036,0.3592752920012572,53.0,seeded stratified 60/20/20; anonymized application rows have no valid event order,0.9064626338557563,0.9106536502546689,0.9044593419612564,0.9246327443048754,0.8112373737373737,0.6649347312738517,0.9672131147540983,0.1
finance_gb_v1,australian_credit,21,catboost,gbweight,414,138,14,0.06783670800359687,0.00016533299640286714,0.3592752920012572,53.0,seeded stratified 60/20/20; anonymized application rows have no valid event order,0.933932547370872,0.9284804753820034,0.915612745730872,0.921865020225676,0.8760238862759605,0.754378320906602,0.9016393442622951,0.51
finance_gb_v1,australian_credit,21,catboost,raw,414,138,14,0.0697985000006156,0.00019095800234936178,0.0,,seeded stratified 60/20/20; anonymized application rows have no valid event order,0.9264914565009945,0.9233870967741936,0.919081875886826,0.9250585480093676,0.8693181818181819,0.7478466668234028,0.9344262295081968,0.3486846086124567
finance_gb_v1,australian_credit,21,lightgbm,gbfeat,414,138,26,0.35400333299912745,0.0005761669963249005,0.3592752920012572,53.0,seeded stratified 60/20/20; anonymized application rows have no valid event order,0.9076561877174855,0.9110780984719865,0.9064928254902317,0.9159037683627846,0.8610860927152317,0.7229999246673924,0.8688524590163934,0.47000000000000003
finance_gb_v1,australian_credit,21,lightgbm,gbweight,414,138,14,0.3516151660005562,0.0005639589944621548,0.3592752920012572,53.0,seeded stratified 60/20/20; anonymized application rows have no valid event order,0.9309455322570591,0.9263582342954161,0.9204739996608183,0.9269746646795827,0.8400421496311907,0.685784362326575,0.8852459016393442,0.43000000000000005
finance_gb_v1,australian_credit,21,lightgbm,raw,414,138,14,0.35297916700073984,0.0006080000021029264,0.0,,seeded stratified 60/20/20; anonymized application rows have no valid event order,0.9241974388369898,0.9244482173174874,0.9084640322434243,0.9248456461571216,0.8550420168067226,0.7278741544356403,0.9508196721311475,0.30000000000000004
finance_gb_v1,australian_credit,21,xgboost,gbfeat,414,138,26,0.24541541699727532,0.0003648749989224598,0.3592752920012572,53.0,seeded stratified 60/20/20; anonymized application rows have no valid event order,0.9197600907135511,0.9191426146010186,0.918020975960669,0.9261230572705982,0.834712543554007,0.6788386823211576,0.7377049180327869,0.77
finance_gb_v1,australian_credit,21,xgboost,gbweight,414,138,14,0.24767195900494698,0.0003567080057109706,0.3592752920012572,53.0,seeded stratified 60/20/20; anonymized application rows have no valid event order,0.9286424951257234,0.9257215619694397,0.9295115355539295,0.9314456035767511,0.8331142541668857,0.6769084933387522,0.9016393442622951,0.4
finance_gb_v1,australian_credit,21,xgboost,raw,414,138,14,0.3304087080032332,0.00036204199568601325,0.0,,seeded stratified 60/20/20; anonymized application rows have no valid event order,0.9308536264122659,0.9272071307300509,0.9294744918163601,0.9322972109857356,0.840546218487395,0.7101997412229646,0.9672131147540983,0.22
finance_gb_v1,australian_credit,42,catboost,gbfeat,414,138,26,0.09836108300078195,0.00035808300162898377,0.4433942079995177,75.0,seeded stratified 60/20/20; anonymized application rows have no valid event order,0.9352542829061102,0.9276133702363211,0.8885666906012716,0.9244198424526293,0.8378205128205127,0.6760041473031106,0.8032786885245902,0.74
finance_gb_v1,australian_credit,42,catboost,gbweight,414,138,14,0.06531429199822014,0.00017879100050777197,0.4433942079995177,75.0,seeded stratified 60/20/20; anonymized application rows have no valid event order,0.9255056080651625,0.9216521183734299,0.8783383667342242,0.9244198424526293,0.8035121025154248,0.611201042469766,0.8360655737704918,0.63
finance_gb_v1,australian_credit,42,catboost,raw,414,138,14,0.06519766700512264,0.00018599999748403206,0.0,,seeded stratified 60/20/20; anonymized application rows have no valid event order,0.9235155792872805,0.923781136895891,0.8901290720379983,0.93314881839472,0.8247619047619048,0.6509298262223417,0.8360655737704918,0.66
finance_gb_v1,australian_credit,42,lightgbm,gbfeat,414,138,26,0.3612437499978114,0.000582125001528766,0.4433942079995177,75.0,seeded stratified 60/20/20; anonymized application rows have no valid event order,0.9145420083682233,0.9086651053864169,0.8689362918770946,0.9246327443048754,0.8614384611319559,0.7251683859220028,0.8852459016393442,0.61
finance_gb_v1,australian_credit,42,lightgbm,gbweight,414,138,14,0.345630625000922,0.00056412500271108,0.4433942079995177,75.0,seeded stratified 60/20/20; anonymized application rows have no valid event order,0.9161582140138895,0.9139876516925697,0.8648803679672994,0.9203747072599531,0.8322676108439465,0.6667485159528047,0.8524590163934426,0.56
finance_gb_v1,australian_credit,42,lightgbm,raw,414,138,14,0.3620359999986249,0.0005431250028777868,0.0,,seeded stratified 60/20/20; anonymized application rows have no valid event order,0.9165913463313663,0.9150521609538004,0.8590971601637298,0.9161166702150307,0.8114357788522177,0.6577438248269876,0.9508196721311475,0.24
finance_gb_v1,australian_credit,42,xgboost,gbfeat,414,138,26,0.24682941699575167,0.00038791700353613123,0.4433942079995177,75.0,seeded stratified 60/20/20; anonymized application rows have no valid event order,0.9139798848297045,0.9163295720672769,0.8755784672981481,0.9305939961677667,0.8397381756756757,0.6826877493179975,0.8688524590163934,0.5
finance_gb_v1,australian_credit,42,xgboost,gbweight,414,138,14,0.24938970900257118,0.00037766700552310795,0.4433942079995177,75.0,seeded stratified 60/20/20; anonymized application rows have no valid event order,0.9209352678552166,0.9163295720672769,0.8738484849061668,0.9280391739408133,0.8402777777777778,0.6894575069808968,0.9016393442622951,0.38
finance_gb_v1,australian_credit,42,xgboost,raw,414,138,14,0.32820987500599585,0.000455082998087164,0.0,,seeded stratified 60/20/20; anonymized application rows have no valid event order,0.9227318731648395,0.9176069831807537,0.8825533912857308,0.9284649776453054,0.8332545311268715,0.6987385210782976,0.9672131147540983,0.25
finance_gb_v1,australian_credit,2026,catboost,gbfeat,414,138,26,0.09887791600340279,0.00041162499837810174,0.45830329199816333,59.0,seeded stratified 60/20/20; anonymized application rows have no valid event order,0.906068903801806,0.9242359932088287,0.9398442141961697,0.948051948051948,0.8695378151260504,0.7571674274925426,0.9672131147540983,0.22
finance_gb_v1,australian_credit,2026,catboost,gbweight,414,138,14,0.06832420799764805,0.00016741600120440125,0.45830329199816333,59.0,seeded stratified 60/20/20; anonymized application rows have no valid event order,0.9062460718840908,0.9278438030560271,0.9405148859839266,0.949755162869917,0.855072463768116,0.7334468809878646,0.9672131147540983,0.13999999999999999
finance_gb_v1,australian_credit,2026,catboost,raw,414,138,14,0.0654723340048804,0.00017512500198790804,0.0,,seeded stratified 60/20/20; anonymized application rows have no valid event order,0.9011073656651409,0.9250848896434635,0.948266515940834,0.9544390036193315,0.8623116105655622,0.7512009785700159,0.9836065573770492,0.12786074344294646
finance_gb_v1,australian_credit,2026,lightgbm,gbfeat,414,138,26,0.3794695420001517,0.0005721669949707575,0.45830329199816333,59.0,seeded stratified 60/20/20; anonymized application rows have no valid event order,0.8952559320914147,0.9157470288624788,0.938698704585412,0.9520970832446243,0.8768051252428715,0.7745785164587349,0.9836065573770492,0.19684801681578865
finance_gb_v1,australian_credit,2026,lightgbm,gbweight,414,138,14,0.36977358299918706,0.0006062079992261715,0.45830329199816333,59.0,seeded stratified 60/20/20; anonymized application rows have no valid event order,0.9174153870647969,0.9293293718166383,0.9378025182554609,0.9493293591654247,0.8766496661233503,0.7645382982925495,0.9508196721311475,0.29000000000000004
finance_gb_v1,australian_credit,2026,lightgbm,raw,414,138,14,0.37563075000070967,0.0005945419979980215,0.0,,seeded stratified 60/20/20; anonymized application rows have no valid event order,0.9103600824324753,0.9240237691001698,0.9424420865976451,0.9527357888013626,0.8694555392053815,0.7521808698065524,0.9508196721311475,0.26
finance_gb_v1,australian_credit,2026,xgboost,gbfeat,414,138,26,0.2586387499977718,0.0003618749979068525,0.45830329199816333,59.0,seeded stratified 60/20/20; anonymized application rows have no valid event order,0.9158756941495017,0.9284804753820034,0.9388203531551563,0.9499680647221631,0.8695378151260504,0.7571674274925426,0.9672131147540983,0.21
finance_gb_v1,australian_credit,2026,xgboost,gbweight,414,138,14,0.25421225000172853,0.0003839589990093373,0.45830329199816333,59.0,seeded stratified 60/20/20; anonymized application rows have no valid event order,0.9190882632334647,0.9316638370118846,0.939380832355867,0.9495422610176709,0.8695378151260504,0.7571674274925426,0.9672131147540983,0.2496444284915924
finance_gb_v1,australian_credit,2026,xgboost,raw,414,138,14,0.34506191699620103,0.0003774580036406405,0.0,,seeded stratified 60/20/20; anonymized application rows have no valid event order,0.9177348093400647,0.9316638370118845,0.9402361286381221,0.9514583776878859,0.840546218487395,0.7101997412229646,0.9672131147540983,0.16
finance_gb_v1,polish_bankruptcy_5year,1,catboost,gbfeat,3546,1182,76,0.3874342500057537,0.0006571669946424663,0.03225383300014073,1.0,seeded stratified 60/20/20 within the 5-year forecasting-horizon task; horizons are not pooled,0.6505725705485358,0.932028824833703,0.6961763891204584,0.9397560975609756,0.7968847006651885,0.5937694013303769,0.6219512195121951,0.55
finance_gb_v1,polish_bankruptcy_5year,1,catboost,gbweight,3546,1182,64,0.37794525000208523,0.000578125000174623,0.03225383300014073,1.0,seeded stratified 60/20/20 within the 5-year forecasting-horizon task; horizons are not pooled,0.6585077700865197,0.9354878048780488,0.6877298593029927,0.9432039911308204,0.7715004427175939,0.5513159402095861,0.6829268292682927,0.35715566721731823
finance_gb_v1,polish_bankruptcy_5year,1,catboost,raw,3546,1182,64,0.37560875000053784,0.0005761669963249005,0.0,,seeded stratified 60/20/20 within the 5-year forecasting-horizon task; horizons are not pooled,0.6588787201966554,0.9274944567627496,0.6654325072518817,0.9403325942350332,0.786449864498645,0.5760157348366781,0.5487804878048781,0.6330871059569813
finance_gb_v1,polish_bankruptcy_5year,1,lightgbm,gbfeat,3546,1182,76,0.8691317080010776,0.0025804999968386255,0.03225383300014073,1.0,seeded stratified 60/20/20 within the 5-year forecasting-horizon task; horizons are not pooled,0.7279939552073998,0.9414966740576496,0.8043308634000688,0.958669623059867,0.8585512689514236,0.722860484524647,0.6585365853658537,0.5732080555433166
finance_gb_v1,polish_bankruptcy_5year,1,lightgbm,gbweight,3546,1182,64,0.8650131249960396,0.00261920800403459,0.03225383300014073,1.0,seeded stratified 60/20/20 within the 5-year forecasting-horizon task; horizons are not pooled,0.7435574526510921,0.9421951219512196,0.8112219543256742,0.9611640798226163,0.8651386265387102,0.7407917594323844,0.6463414634146342,0.65
finance_gb_v1,polish_bankruptcy_5year,1,lightgbm,raw,3546,1182,64,0.8734016670059646,0.0027102079984615557,0.0,,seeded stratified 60/20/20 within the 5-year forecasting-horizon task; horizons are not pooled,0.7340020203899408,0.9444567627494456,0.8094495902859256,0.9589356984478935,0.859496996996997,0.7273237182786427,0.6463414634146342,0.62
finance_gb_v1,polish_bankruptcy_5year,1,xgboost,gbfeat,3546,1182,76,0.4331720000045607,0.0007160000022849999,0.03225383300014073,1.0,seeded stratified 60/20/20 within the 5-year forecasting-horizon task; horizons are not pooled,0.7203310126621496,0.9445011086474501,0.7837469221085415,0.9590465631929046,0.8426617309618285,0.6952863099131515,0.6097560975609756,0.5900000000000001
finance_gb_v1,polish_bankruptcy_5year,1,xgboost,gbweight,3546,1182,64,0.4205162919970462,0.0006862079972052015,0.03225383300014073,1.0,seeded stratified 60/20/20 within the 5-year forecasting-horizon task; horizons are not pooled,0.7165721339556428,0.942960088691796,0.7796271550225261,0.9603436807095344,0.8256631454052619,0.6668422724801476,0.5609756097560976,0.6374374628067017
finance_gb_v1,polish_bankruptcy_5year,1,xgboost,raw,3546,1182,64,0.41636975000437815,0.0007121670059859753,0.0,,seeded stratified 60/20/20 within the 5-year forecasting-horizon task; horizons are not pooled,0.7215521342451162,0.9462084257206208,0.7910398173161374,0.9582261640798226,0.8447072072072073,0.6974534345843529,0.6219512195121951,0.62
finance_gb_v1,polish_bankruptcy_5year,7,catboost,gbfeat,3546,1182,76,0.38874924999981886,0.0006332909979391843,0.03224245900491951,1.0,seeded stratified 60/20/20 within the 5-year forecasting-horizon task; horizons are not pooled,0.7048228457618722,0.9426274944567627,0.7122200857572731,0.955210643015521,0.784522832923161,0.5817028034999766,0.5,0.66
finance_gb_v1,polish_bankruptcy_5year,7,catboost,gbweight,3546,1182,64,0.3747321249975357,0.000570500000321772,0.03224245900491951,1.0,seeded stratified 60/20/20 within the 5-year forecasting-horizon task; horizons are not pooled,0.7292891573628392,0.9517073170731707,0.7300462225069829,0.9498447893569845,0.8163690824995435,0.6328654083976909,0.6707317073170732,0.5114190408905471
finance_gb_v1,polish_bankruptcy_5year,7,catboost,raw,3546,1182,64,0.37796116700337734,0.0005640840026899241,0.0,,seeded stratified 60/20/20 within the 5-year forecasting-horizon task; horizons are not pooled,0.7240403895191473,0.9456430155210643,0.7430786147977838,0.9535809312638581,0.8153052853627094,0.6443946397194407,0.5487804878048781,0.6900000000000001
finance_gb_v1,polish_bankruptcy_5year,7,lightgbm,gbfeat,3546,1182,76,0.8707437080011005,0.0027216670059715398,0.03224245900491951,1.0,seeded stratified 60/20/20 within the 5-year forecasting-horizon task; horizons are not pooled,0.7737925299258935,0.9586917960088692,0.8261438926066669,0.9716407982261641,0.8361029009304871,0.6797435959475648,0.8048780487804879,0.15784935917859141
finance_gb_v1,polish_bankruptcy_5year,7,lightgbm,gbweight,3546,1182,64,0.8658351660051267,0.0026691249950090423,0.03224245900491951,1.0,seeded stratified 60/20/20 within the 5-year forecasting-horizon task; horizons are not pooled,0.7734940787677985,0.958569844789357,0.8205574488110988,0.9729822616407983,0.831194894806864,0.6669237887127925,0.7682926829268293,0.22
finance_gb_v1,polish_bankruptcy_5year,7,lightgbm,raw,3546,1182,64,0.8561824999997043,0.0029560420007328503,0.0,,seeded stratified 60/20/20 within the 5-year forecasting-horizon task; horizons are not pooled,0.7607756198355529,0.9521618625277163,0.8107354231572146,0.9703991130820399,0.8405575539568345,0.6932675778211259,0.5975609756097561,0.6
finance_gb_v1,polish_bankruptcy_5year,7,xgboost,gbfeat,3546,1182,76,0.43795933300134493,0.000727250000636559,0.03224245900491951,1.0,seeded stratified 60/20/20 within the 5-year forecasting-horizon task; horizons are not pooled,0.7662459173010642,0.9533592017738359,0.798216928089644,0.9689356984478936,0.8178455848358761,0.6500418427104396,0.8170731707317073,0.1768646091222763
finance_gb_v1,polish_bankruptcy_5year,7,xgboost,gbweight,3546,1182,64,0.42205775000184076,0.0006801669951528311,0.03224245900491951,1.0,seeded stratified 60/20/20 within the 5-year forecasting-horizon task; horizons are not pooled,0.7604040032359358,0.9515964523281597,0.803360328742358,0.9686252771618624,0.827698725064756,0.6554588866643238,0.6707317073170732,0.36000000000000004
finance_gb_v1,polish_bankruptcy_5year,7,xgboost,raw,3546,1182,64,0.42283304200100247,0.00070525000046473,0.0,,seeded stratified 60/20/20 within the 5-year forecasting-horizon task; horizons are not pooled,0.7649072001502414,0.9513414634146341,0.7945221080382622,0.9697893569844789,0.8250655031408618,0.6501894304133415,0.6829268292682927,0.32
finance_gb_v1,polish_bankruptcy_5year,21,catboost,gbfeat,3546,1182,76,0.3926914170006057,0.0006234169995877892,0.03230870900006266,1.0,seeded stratified 60/20/20 within the 5-year forecasting-horizon task; horizons are not pooled,0.6837427381253178,0.930509977827051,0.691152359017461,0.9471729490022173,0.7816224314960152,0.5664975866787652,0.6585365853658537,0.5323216054043032
finance_gb_v1,polish_bankruptcy_5year,21,catboost,gbweight,3546,1182,64,0.3810633340035565,0.0005697079977835529,0.03230870900006266,1.0,seeded stratified 60/20/20 within the 5-year forecasting-horizon task; horizons are not pooled,0.6854660908618482,0.9294456762749446,0.6867491852230408,0.9415188470066519,0.7890691919672599,0.5803866950311906,0.5609756097560976,0.7200000000000001
finance_gb_v1,polish_bankruptcy_5year,21,catboost,raw,3546,1182,64,0.3748486660042545,0.000568208000913728,0.0,,seeded stratified 60/20/20 within the 5-year forecasting-horizon task; horizons are not pooled,0.7032734098897522,0.9338691796008869,0.6750440794472663,0.9414301552106431,0.7832574474367142,0.5725946954723838,0.524390243902439,0.76
finance_gb_v1,polish_bankruptcy_5year,21,lightgbm,gbfeat,3546,1182,76,0.8764576670000679,0.0026729169985628687,0.03230870900006266,1.0,seeded stratified 60/20/20 within the 5-year forecasting-horizon task; horizons are not pooled,0.7560160005060502,0.937660753880266,0.7661471882906725,0.9510975609756097,0.8153052853627094,0.6443946397194407,0.5487804878048781,0.7191405065111073
finance_gb_v1,polish_bankruptcy_5year,21,lightgbm,gbweight,3546,1182,64,0.8639200420002453,0.003090999998676125,0.03230870900006266,1.0,seeded stratified 60/20/20 within the 5-year forecasting-horizon task; horizons are not pooled,0.7525235883286113,0.9378048780487805,0.755684617365332,0.9454434589800443,0.8337517917902341,0.6705103692079044,0.6341463414634146,0.5246211054044866
finance_gb_v1,polish_bankruptcy_5year,21,lightgbm,raw,3546,1182,64,0.8669934580029803,0.002492125000571832,0.0,,seeded stratified 60/20/20 within the 5-year forecasting-horizon task; horizons are not pooled,0.7522988333922143,0.9368070953436807,0.7605988973888559,0.9467073170731708,0.802222073489057,0.6233333008989216,0.5121951219512195,0.7000000000000001
finance_gb_v1,polish_bankruptcy_5year,21,xgboost,gbfeat,3546,1182,76,0.43848233300377615,0.0007140829984564334,0.03230870900006266,1.0,seeded stratified 60/20/20 within the 5-year forecasting-horizon task; horizons are not pooled,0.7450154021332545,0.9324833702882485,0.759534960104451,0.9546008869179602,0.8250835162136378,0.6587263954713978,0.5853658536585366,0.6172316074371338
finance_gb_v1,polish_bankruptcy_5year,21,xgboost,gbweight,3546,1182,64,0.4228849579958478,0.0007685000018682331,0.03230870900006266,1.0,seeded stratified 60/20/20 within the 5-year forecasting-horizon task; horizons are not pooled,0.7473243919334215,0.9360864745011086,0.7510586351555176,0.9520177383592018,0.8319726393189933,0.6639606296632108,0.6829268292682927,0.4493408501148224
finance_gb_v1,polish_bankruptcy_5year,21,xgboost,raw,3546,1182,64,0.41936662499938393,0.0006932500036782585,0.0,,seeded stratified 60/20/20 within the 5-year forecasting-horizon task; horizons are not pooled,0.7405074368651421,0.9355543237250554,0.7551022500958351,0.9532483370288248,0.8225225225225226,0.6526480090429182,0.5853658536585366,0.61
finance_gb_v1,polish_bankruptcy_5year,42,catboost,gbfeat,3546,1182,76,0.39087620899954345,0.0006068749935366213,0.03236225000000559,1.0,seeded stratified 60/20/20 within the 5-year forecasting-horizon task; horizons are not pooled,0.7112821814185296,0.938059866962306,0.6657972566342484,0.9328381374722838,0.7752884573200158,0.5933960571120654,0.4268292682926829,0.8389228246956362
finance_gb_v1,polish_bankruptcy_5year,42,catboost,gbweight,3546,1182,64,0.37600887499866076,0.00046558300527976826,0.03236225000000559,1.0,seeded stratified 60/20/20 within the 5-year forecasting-horizon task; horizons are not pooled,0.6808411519370551,0.9384368070953437,0.6704868522334485,0.9388470066518846,0.7745174548670725,0.5749168284836916,0.45121951219512196,0.8200000000000001
finance_gb_v1,polish_bankruptcy_5year,42,catboost,raw,3546,1182,64,0.37897199999861186,0.0006370840055751614,0.0,,seeded stratified 60/20/20 within the 5-year forecasting-horizon task; horizons are not pooled,0.671268745115009,0.9388913525498892,0.6617815090599924,0.9371175166297118,0.7626664881868683,0.5421543716721118,0.45121951219512196,0.78
finance_gb_v1,polish_bankruptcy_5year,42,lightgbm,gbfeat,3546,1182,76,0.8741921249966254,0.0026991659979103133,0.03236225000000559,1.0,seeded stratified 60/20/20 within the 5-year forecasting-horizon task; horizons are not pooled,0.7359416536173021,0.9451552106430156,0.7582975216867168,0.9425166297117517,0.8405575539568345,0.6932675778211259,0.5975609756097561,0.64
finance_gb_v1,polish_bankruptcy_5year,42,lightgbm,gbweight,3546,1182,64,0.8603337079985067,0.002714417001698166,0.03236225000000559,1.0,seeded stratified 60/20/20 within the 5-year forecasting-horizon task; horizons are not pooled,0.7388691517230219,0.9431596452328159,0.7688065452062516,0.9462860310421286,0.8433965672990063,0.6904107612704083,0.6463414634146342,0.56
finance_gb_v1,polish_bankruptcy_5year,42,lightgbm,raw,3546,1182,64,0.8650343749977765,0.003589917003409937,0.0,,seeded stratified 60/20/20 within the 5-year forecasting-horizon task; horizons are not pooled,0.7379998035756415,0.9432594235033259,0.76841145831377,0.9445121951219513,0.8334114500539169,0.6826500532765765,0.573170731707317,0.7016940344658783
finance_gb_v1,polish_bankruptcy_5year,42,xgboost,gbfeat,3546,1182,76,0.4354365000035614,0.0007122919996618293,0.03236225000000559,1.0,seeded stratified 60/20/20 within the 5-year forecasting-horizon task; horizons are not pooled,0.7392841750851628,0.9462084257206209,0.7248547049882693,0.9310088691796009,0.7996710034395095,0.6165820152981186,0.5121951219512195,0.7697116732597351
finance_gb_v1,polish_bankruptcy_5year,42,xgboost,gbweight,3546,1182,64,0.424310250004055,0.0006862919981358573,0.03236225000000559,1.0,seeded stratified 60/20/20 within the 5-year forecasting-horizon task; horizons are not pooled,0.7435402877312639,0.9502771618625278,0.7381039148926272,0.9355099778270509,0.8256631454052619,0.6668422724801476,0.5609756097560976,0.73
finance_gb_v1,polish_bankruptcy_5year,42,xgboost,raw,3546,1182,64,0.4228345419978723,0.0007126249984139577,0.0,,seeded stratified 60/20/20 within the 5-year forecasting-horizon task; horizons are not pooled,0.7472981646671953,0.9481263858093126,0.7396043629222551,0.93990022172949,0.8101331905494946,0.6395690867442835,0.524390243902439,0.7867248058319092
finance_gb_v1,polish_bankruptcy_5year,2026,catboost,gbfeat,3546,1182,76,0.3921085409965599,0.0008745000013732351,0.033050083002308384,1.0,seeded stratified 60/20/20 within the 5-year forecasting-horizon task; horizons are not pooled,0.6060625322257622,0.9205321507760532,0.6981507406268522,0.9395343680709534,0.7996605248354822,0.6052494684751659,0.7195121951219512,0.45
finance_gb_v1,polish_bankruptcy_5year,2026,catboost,gbweight,3546,1182,64,0.37984670900186757,0.0005530830021598376,0.033050083002308384,1.0,seeded stratified 60/20/20 within the 5-year forecasting-horizon task; horizons are not pooled,0.6343365623143324,0.9295676274944568,0.7199858701947929,0.9332483370288249,0.8078316610925307,0.616664570138026,0.6097560975609756,0.64
finance_gb_v1,polish_bankruptcy_5year,2026,catboost,raw,3546,1182,64,0.3787990839991835,0.0005330410058377311,0.0,,seeded stratified 60/20/20 within the 5-year forecasting-horizon task; horizons are not pooled,0.6297681521636784,0.9231374722838137,0.719835919628088,0.9365853658536585,0.8170358796127279,0.635385594536894,0.6219512195121951,0.6326592262687504
finance_gb_v1,polish_bankruptcy_5year,2026,lightgbm,gbfeat,3546,1182,76,0.8738610000000335,0.002705999999307096,0.033050083002308384,1.0,seeded stratified 60/20/20 within the 5-year forecasting-horizon task; horizons are not pooled,0.6855955494161149,0.9364855875831486,0.7511105227783997,0.9459756097560976,0.7979240444498717,0.6148971607719356,0.8048780487804879,0.0967095191514926
finance_gb_v1,polish_bankruptcy_5year,2026,lightgbm,gbweight,3546,1182,64,0.862110041998676,0.0030916670002625324,0.033050083002308384,1.0,seeded stratified 60/20/20 within the 5-year forecasting-horizon task; horizons are not pooled,0.6969309437201544,0.9324722838137472,0.7511303984884931,0.9442017738359203,0.8420350888098087,0.6911767243901863,0.6219512195121951,0.6375400068343943
finance_gb_v1,polish_bankruptcy_5year,2026,lightgbm,raw,3546,1182,64,0.8627035419995082,0.00278950000210898,0.0,,seeded stratified 60/20/20 within the 5-year forecasting-horizon task; horizons are not pooled,0.6880782676526491,0.9369733924611974,0.7444814976058142,0.9451552106430156,0.8233746754143841,0.6468876376030144,0.6585365853658537,0.387092932639127
finance_gb_v1,polish_bankruptcy_5year,2026,xgboost,gbfeat,3546,1182,76,0.43435574999602977,0.0006720829987898469,0.033050083002308384,1.0,seeded stratified 60/20/20 within the 5-year forecasting-horizon task; horizons are not pooled,0.6953506565500381,0.9387361419068736,0.7494836040992395,0.9453547671840355,0.7961928408855783,0.6165212645723558,0.8292682926829268,0.13509400188922882
finance_gb_v1,polish_bankruptcy_5year,2026,xgboost,gbweight,3546,1182,64,0.4341670419962611,0.0007205420042737387,0.033050083002308384,1.0,seeded stratified 60/20/20 within the 5-year forecasting-horizon task; horizons are not pooled,0.685262551092467,0.9298669623059866,0.7412513484141933,0.9485144124168514,0.8311223733336928,0.6626039171611263,0.7073170731707317,0.34
finance_gb_v1,polish_bankruptcy_5year,2026,xgboost,raw,3546,1182,64,0.4197310420058784,0.000774833002651576,0.0,,seeded stratified 60/20/20 within the 5-year forecasting-horizon task; horizons are not pooled,0.6910983846596513,0.9343458980044346,0.7574237193022273,0.9486031042128603,0.8324069872958257,0.665068307931384,0.6707317073170732,0.42000000000000004
finance_gb_v1,taiwan_default,1,catboost,gbfeat,18000,6000,35,0.491533291999076,0.0009336670045740902,3.526653166998585,256.0,seeded stratified 60/20/20; no reliable row-level temporal ordering in release,0.5537454912347727,0.7814252570241497,0.5641084903121872,0.7814779898504629,0.7068639883222416,0.42627288572021804,0.4506405425772419,0.7034876743091338
finance_gb_v1,taiwan_default,1,catboost,gbweight,18000,6000,23,0.46510549999948125,0.0006905000045662746,3.526653166998585,256.0,seeded stratified 60/20/20; no reliable row-level temporal ordering in release,0.5600012971314108,0.7810621745824229,0.5627030514532332,0.7818207532215,0.7019442406456347,0.41799388958561445,0.4385832705350414,0.7038259067035427
finance_gb_v1,taiwan_default,1,catboost,raw,18000,6000,23,0.5097874580023927,0.000811625002825167,0.0,,seeded stratified 60/20/20; no reliable row-level temporal ordering in release,0.5571004939323562,0.7812305325967078,0.5616323272030845,0.7830739238431556,0.7048746953963181,0.4237912064141879,0.4431047475508666,0.7055550950381084
finance_gb_v1,taiwan_default,1,lightgbm,gbfeat,18000,6000,35,0.8586693329998525,0.008488667001074646,3.526653166998585,256.0,seeded stratified 60/20/20; no reliable row-level temporal ordering in release,0.5499986439144677,0.7805820155905326,0.5584006339248404,0.7799087447958587,0.7092235095563042,0.421482887265102,0.4981160512434062,0.6443609386559005
finance_gb_v1,taiwan_default,1,lightgbm,gbweight,18000,6000,23,0.8241260830036481,0.008713666997209657,3.526653166998585,256.0,seeded stratified 60/20/20; no reliable row-level temporal ordering in release,0.545752053939367,0.7749339589886972,0.5565622530255169,0.7768083932598095,0.7118706697618873,0.42815537817737725,0.49284099472494347,0.6519452636788374
finance_gb_v1,taiwan_default,1,lightgbm,raw,18000,6000,23,0.8274560409990954,0.008517832997313235,0.0,,seeded stratified 60/20/20; no reliable row-level temporal ordering in release,0.5485487931457517,0.7756538346359847,0.5576998932686226,0.7771605098538623,0.6957183281545596,0.41035546696014163,0.4167294649585531,0.7118916077029179
finance_gb_v1,taiwan_default,1,xgboost,gbfeat,18000,6000,35,0.36214087499683956,0.0020805000021937303,3.526653166998585,256.0,seeded stratified 60/20/20; no reliable row-level temporal ordering in release,0.5436385140813115,0.7731968397072055,0.5524042093226924,0.7767828331589817,0.702508855071184,0.41095532410985697,0.4702336096458176,0.6524978280067444
finance_gb_v1,taiwan_default,1,xgboost,gbweight,18000,6000,23,0.33048883300216403,0.0018936249980470166,3.526653166998585,256.0,seeded stratified 60/20/20; no reliable row-level temporal ordering in release,0.5461183689855094,0.7711730763927716,0.5538602943881712,0.776699621726634,0.6911968263481598,0.4085691968515955,0.3948756593820648,0.724899411201477
finance_gb_v1,taiwan_default,1,xgboost,raw,18000,6000,23,0.35777608300122665,0.0020687500000349246,0.0,,seeded stratified 60/20/20; no reliable row-level temporal ordering in release,0.5502451692198769,0.7725538862561,0.551635109095159,0.7766559195984049,0.6988507478897632,0.40805222001782226,0.4461190655614167,0.6668321490287781
finance_gb_v1,taiwan_default,7,catboost,gbfeat,18000,6000,35,0.4913664580017212,0.0010580419984762557,3.525711250003951,256.0,seeded stratified 60/20/20; no reliable row-level temporal ordering in release,0.5506365461068515,0.7828597672885862,0.5823859078166587,0.7970845681334724,0.7185551172639424,0.4508674213015947,0.4642049736247174,0.6741001099167007
finance_gb_v1,taiwan_default,7,catboost,gbweight,18000,6000,23,0.44603112500044517,0.0008169590000761673,3.525711250003951,256.0,seeded stratified 60/20/20; no reliable row-level temporal ordering in release,0.553531818546726,0.7813463190471452,0.5874915098417697,0.7984846488614629,0.7292784354329068,0.4611740760326859,0.5320271288620949,0.6226357535819339
finance_gb_v1,taiwan_default,7,catboost,raw,18000,6000,23,0.4743865830023424,0.0006597500032512471,0.0,,seeded stratified 60/20/20; no reliable row-level temporal ordering in release,0.5537189727429819,0.7819741944576993,0.58478679650613,0.7996214686140506,0.7197539175098617,0.45463629859298593,0.4619442351168048,0.6886236433410491
finance_gb_v1,taiwan_default,7,lightgbm,gbfeat,18000,6000,35,0.8556448749950505,0.008061250002356246,3.525711250003951,256.0,seeded stratified 60/20/20; no reliable row-level temporal ordering in release,0.5547284276213056,0.7769097467195586,0.5786818717052581,0.7952715748618264,0.7202014035828541,0.45742165575519445,0.45742275810097965,0.6663951351007111
finance_gb_v1,taiwan_default,7,lightgbm,gbweight,18000,6000,23,0.959493583002768,0.00857041600102093,3.525711250003951,256.0,seeded stratified 60/20/20; no reliable row-level temporal ordering in release,0.5530605662713223,0.7759930502327742,0.5821917675692163,0.7980444023298557,0.7163459111125391,0.4495599869046768,0.45214770158251694,0.6776877755554108
finance_gb_v1,taiwan_default,7,lightgbm,raw,18000,6000,23,0.9557389580004383,0.007842166000045836,0.0,,seeded stratified 60/20/20; no reliable row-level temporal ordering in release,0.555149118189023,0.7766259247797679,0.5825815852951048,0.7973016274124259,0.723935145677151,0.45219701205389357,0.5116804822908817,0.6278118999477704
finance_gb_v1,taiwan_default,7,xgboost,gbfeat,18000,6000,35,0.3607420420012204,0.0021304999972926453,3.525711250003951,256.0,seeded stratified 60/20/20; no reliable row-level temporal ordering in release,0.5550940674438927,0.7770390792171223,0.5732755639366458,0.7921346973772756,0.7207886334294196,0.44936399556618234,0.48907309721175585,0.6282508969306946
finance_gb_v1,taiwan_default,7,xgboost,gbweight,18000,6000,23,0.3251275830043596,0.0019056660021306016,3.525711250003951,256.0,seeded stratified 60/20/20; no reliable row-level temporal ordering in release,0.5564772833733068,0.7762538116399571,0.5855807894174556,0.7997669273581934,0.7216774765565108,0.4507634448645576,0.492087415222306,0.6419347524642944
finance_gb_v1,taiwan_default,7,xgboost,raw,18000,6000,23,0.35720737500378164,0.0019802500028163195,0.0,,seeded stratified 60/20/20; no reliable row-level temporal ordering in release,0.5553995090464444,0.7734831612152159,0.5835072038030434,0.7990597914457034,0.7204295263978314,0.4488692945917334,0.4875659382064808,0.64518141746521
finance_gb_v1,taiwan_default,21,catboost,gbfeat,18000,6000,35,0.48200591600470943,0.0009225419998983853,3.3375684579950757,256.0,seeded stratified 60/20/20; no reliable row-level temporal ordering in release,0.5729727695482575,0.7851988793548728,0.5830224920633653,0.7918211225125467,0.7196283575352496,0.4394538773519153,0.5501130369253956,0.61
finance_gb_v1,taiwan_default,21,catboost,gbweight,18000,6000,23,0.43368850000115344,0.0006481249947682954,3.3375684579950757,256.0,seeded stratified 60/20/20; no reliable row-level temporal ordering in release,0.5756046307871256,0.788169333974728,0.5868724160667416,0.7934032685644142,0.7224396902992671,0.4467593497150778,0.5282592313489073,0.6337944916337397
finance_gb_v1,taiwan_default,21,catboost,raw,18000,6000,23,0.4372015840053791,0.0006753330017090775,0.0,,seeded stratified 60/20/20; no reliable row-level temporal ordering in release,0.5746787452265959,0.7885757153885191,0.5883896385286023,0.795507663111743,0.7195925070680957,0.43931814456556023,0.5523737754333082,0.5983041646569388
finance_gb_v1,taiwan_default,21,lightgbm,gbfeat,18000,6000,35,0.8812305829997058,0.007753334000881296,3.3375684579950757,256.0,seeded stratified 60/20/20; no reliable row-level temporal ordering in release,0.5598247175331319,0.7818888059820635,0.5748863621315431,0.7866535474275331,0.7180049244785478,0.4360205293298967,0.557648831951771,0.5913037685493842
finance_gb_v1,taiwan_default,21,lightgbm,gbweight,18000,6000,23,0.9898946660032379,0.007869665998441633,3.3375684579950757,256.0,seeded stratified 60/20/20; no reliable row-level temporal ordering in release,0.5710271496655118,0.7838503219847023,0.5890683627586577,0.7930725192470784,0.7214742378432855,0.44324255222533265,0.5501130369253956,0.6032092013918255
finance_gb_v1,taiwan_default,21,lightgbm,raw,18000,6000,23,0.8513712499989197,0.007817500001692679,0.0,,seeded stratified 60/20/20; no reliable row-level temporal ordering in release,0.5683152845919347,0.7863581952214385,0.5918708402404554,0.7917167050659475,0.7253631221614557,0.4531712561784996,0.5275056518462697,0.6315086591842216
finance_gb_v1,taiwan_default,21,xgboost,gbfeat,18000,6000,35,0.371075707997079,0.001950082994881086,3.3375684579950757,256.0,seeded stratified 60/20/20; no reliable row-level temporal ordering in release,0.5570308349268808,0.7786465434761188,0.5734698363902591,0.7851152647663605,0.7178515928515928,0.4357177316714083,0.5568952524491334,0.577474057674408
finance_gb_v1,taiwan_default,21,xgboost,gbweight,18000,6000,23,0.3292619170024409,0.0022323329976643436,3.3375684579950757,256.0,seeded stratified 60/20/20; no reliable row-level temporal ordering in release,0.5622397347796178,0.7793964945732762,0.5854841071726841,0.7909917496509877,0.7178789615177423,0.4373289842107832,0.5244913338357197,0.61
finance_gb_v1,taiwan_default,21,xgboost,raw,18000,6000,23,0.38219433299673256,0.0019187920042895712,0.0,,seeded stratified 60/20/20; no reliable row-level temporal ordering in release,0.570678142379231,0.7823699325487483,0.5843628318519951,0.7893294561536225,0.7201252384330752,0.4430020090944663,0.5169555388093444,0.6213269233703613
finance_gb_v1,taiwan_default,42,catboost,gbfeat,18000,6000,35,0.4859839999990072,0.0009290410016546957,3.5505569580054726,256.0,seeded stratified 60/20/20; no reliable row-level temporal ordering in release,0.5520592736764034,0.7811758646208051,0.5570312486482034,0.776853385487765,0.7042480324782836,0.41311957976908426,0.4800301431801055,0.6440152337616349
finance_gb_v1,taiwan_default,42,catboost,gbweight,18000,6000,23,0.43009279199759476,0.0006423330050893128,3.5505569580054726,256.0,seeded stratified 60/20/20; no reliable row-level temporal ordering in release,0.5573855816403172,0.7822162494188505,0.5599652929822141,0.7780435024852965,0.7016414985751732,0.40680881518424855,0.48304446119065564,0.6464955174467762
finance_gb_v1,taiwan_default,42,catboost,raw,18000,6000,23,0.4355070829988108,0.000668957996822428,0.0,,seeded stratified 60/20/20; no reliable row-level temporal ordering in release,0.5572174898170182,0.7803085144485525,0.5622828946565852,0.7786600088920125,0.7014433156675857,0.406590235531702,0.48153730218538054,0.6391041142779557
finance_gb_v1,taiwan_default,42,lightgbm,gbfeat,18000,6000,35,1.0094380409937003,0.007913333000033163,3.5505569580054726,256.0,seeded stratified 60/20/20; no reliable row-level temporal ordering in release,0.5511140163514596,0.7785695406487041,0.5553284923533526,0.7748505862938837,0.7075558598876688,0.4177277775302284,0.49886963074604374,0.6313213058928795
finance_gb_v1,taiwan_default,42,lightgbm,gbweight,18000,6000,23,0.854558665996592,0.008251042003394105,3.5505569580054726,256.0,seeded stratified 60/20/20; no reliable row-level temporal ordering in release,0.5511010497827882,0.7791345236976,0.552462084755238,0.774303180853759,0.7012767807297293,0.40510349635606335,0.4898266767143934,0.6356662931979474
finance_gb_v1,taiwan_default,42,lightgbm,raw,18000,6000,23,0.8410770829941612,0.010500457996386103,0.0,,seeded stratified 60/20/20; no reliable row-level temporal ordering in release,0.5531463157224289,0.7793740790905312,0.5511038300236815,0.7745424137217587,0.7003665263305969,0.4026233045143131,0.49434815373021856,0.6283291574674303
finance_gb_v1,taiwan_default,42,xgboost,gbfeat,18000,6000,35,0.368743999999424,0.002026833994023036,3.5505569580054726,256.0,seeded stratified 60/20/20; no reliable row-level temporal ordering in release,0.5462002454616799,0.7770571406132908,0.5514096737637246,0.7711191340979646,0.698044668955927,0.3977759233529416,0.49284099472494347,0.6010035276412964
finance_gb_v1,taiwan_default,42,xgboost,gbweight,18000,6000,23,0.3299669590051053,0.0019179590017301962,3.5505569580054726,256.0,seeded stratified 60/20/20; no reliable row-level temporal ordering in release,0.5476757458436315,0.7775310103690153,0.545924923913835,0.7715953421594431,0.698226067451386,0.4018702527818295,0.46646571213263,0.6407367587089539
finance_gb_v1,taiwan_default,42,xgboost,raw,18000,6000,23,0.3682346249988768,0.0022699580003973097,0.0,,seeded stratified 60/20/20; no reliable row-level temporal ordering in release,0.5516535322572211,0.7773171763393775,0.5507298651841965,0.7736180572678494,0.6989939056708618,0.4009547569545569,0.48304446119065564,0.6242336630821228
finance_gb_v1,taiwan_default,2026,catboost,gbfeat,18000,6000,35,0.4807145840022713,0.0009801249980228022,3.4450648330021068,256.0,seeded stratified 60/20/20; no reliable row-level temporal ordering in release,0.5591018657640325,0.7825852985718112,0.5591626068278043,0.7854936671423371,0.7096517998992116,0.4254360376906234,0.4800301431801055,0.6478387883234464
finance_gb_v1,taiwan_default,2026,catboost,gbweight,18000,6000,23,0.429938334003964,0.0006372089992510155,3.4450648330021068,256.0,seeded stratified 60/20/20; no reliable row-level temporal ordering in release,0.56165414556143,0.7863299742899251,0.5588792547638164,0.7840614145524216,0.706769741116283,0.4220563863952612,0.46495855312735496,0.6692686879222985
finance_gb_v1,taiwan_default,2026,catboost,raw,18000,6000,23,0.4346157499967376,0.00064366700098617,0.0,,seeded stratified 60/20/20; no reliable row-level temporal ordering in release,0.5636721158504533,0.785456092987808,0.559788081074614,0.7848352324945158,0.706027252736884,0.4208559107389291,0.46269781461944237,0.6619954890839623
finance_gb_v1,taiwan_default,2026,lightgbm,gbfeat,18000,6000,35,1.0011117089961772,0.00880995799525408,3.4450648330021068,256.0,seeded stratified 60/20/20; no reliable row-level temporal ordering in release,0.5517093474534306,0.7760827121637536,0.5573175769183352,0.7805535527653207,0.7094925437923235,0.4229442229072234,0.492087415222306,0.6371676046704756
finance_gb_v1,taiwan_default,2026,lightgbm,gbweight,18000,6000,23,0.8520615000015823,0.007858791999751702,3.4450648330021068,256.0,seeded stratified 60/20/20; no reliable row-level temporal ordering in release,0.5683075319933519,0.7803137554786906,0.5517231521330243,0.7814281597485337,0.7026169706582077,0.4142688795665751,0.4566691785983421,0.6635957104952831
finance_gb_v1,taiwan_default,2026,lightgbm,raw,18000,6000,23,0.8489514579996467,0.007953749998705462,0.0,,seeded stratified 60/20/20; no reliable row-level temporal ordering in release,0.5614424099582321,0.7810301639829635,0.5512351477527401,0.7800385610808197,0.7045256973905045,0.4091237761783728,0.5478522984174831,0.5754338787645787
finance_gb_v1,taiwan_default,2026,xgboost,gbfeat,18000,6000,35,0.36976241700176615,0.0022777080012019724,3.4450648330021068,256.0,seeded stratified 60/20/20; no reliable row-level temporal ordering in release,0.5480216358804368,0.773575322714415,0.5530002853403873,0.7793011884559942,0.7070567678887667,0.42822772089773337,0.4461190655614167,0.68
finance_gb_v1,taiwan_default,2026,xgboost,gbweight,18000,6000,23,0.3287495419936022,0.0019205409989808686,3.4450648330021068,256.0,seeded stratified 60/20/20; no reliable row-level temporal ordering in release,0.5585387434540277,0.7777031580512462,0.5506137606113285,0.7804292194041965,0.7076852974302099,0.4162402219552502,0.517709118311982,0.5983099937438965
finance_gb_v1,taiwan_default,2026,xgboost,raw,18000,6000,23,0.3603564999939408,0.0019215829961467534,0.0,,seeded stratified 60/20/20; no reliable row-level temporal ordering in release,0.5549850047668914,0.7758915355105593,0.552436832349297,0.7792453110115978,0.7009809997890557,0.4150901889898477,0.4400904295403165,0.6721038818359375
