paper_id,title,year,venue,doi,openalex_id,url,primary_source_url,authors,citations_count,concepts,abstract_status,code_url,search_query,retrieved_at,verification_status,notes
P0001,Constructing Three-Way Decision With Fuzzy Granular-Ball Rough Sets Based on Uncertainty Invariance,2025,IEEE Transactions on Fuzzy Systems,10.1109/tfuzz.2025.3536564,,https://www.semanticscholar.org/paper/af5cdfe4186a9d06fb2eb8637c7ef16673f852f9,https://doi.org/10.1109/tfuzz.2025.3536564,Jie Yang; Zhuangzhuang Liu; Guoyin Wang; Qinghua Zhang; Shuyin Xia; Di Wu; Yanmin Liu,69,,available-and-coded-not-redistributed,,granular ball three-way decision; granular ball uncertainty,2026-08-24T09:54:11.062767+00:00,publisher-metadata+abstract-coded,Full-text/component verification pending unless upgraded in later commits.
P0002,3WC-GBNRS++: A Novel Three-Way Classifier With Granular-Ball Neighborhood Rough Sets Based on Uncertainty,2024,IEEE Transactions on Fuzzy Systems,10.1109/tfuzz.2024.3397697,,https://www.semanticscholar.org/paper/f1fe62d07294b02f80299f2c3a46d343e659d2ef,https://doi.org/10.1109/tfuzz.2024.3397697,Jie Yang; Zhuangzhuang Liu; Shuyin Xia; Guoyin Wang; Qinghua Zhang; Shuai Li; Taihua Xu,80,,available-and-coded-not-redistributed,,granular ball classifier; granular ball neighborhood rough set; granular ball three-way decision; granular ball uncertainty,2026-08-24T09:54:11.062767+00:00,publisher-metadata+abstract-coded,Full-text/component verification pending unless upgraded in later commits.
P0003,GBRS: A Unified Granular-Ball Learning Model of Pawlak Rough Set and Neighborhood Rough Set,2025,IEEE Transactions on Neural Networks and Learning Systems,10.1109/tnnls.2023.3325199,,https://www.semanticscholar.org/paper/6a2df96983716bc523f7ebb4e6e346b643968495,https://doi.org/10.1109/tnnls.2023.3325199,Shuyin Xia; Cheng Wang; Guoyin Wang; Xinbo Gao; Weiping Ding; Jianhang Yu; Yujia Zhai; Zizhong Chen,79,,available-and-coded-not-redistributed,,granular ball rough set; granular ball neighborhood rough set; granular ball open set; neighborhood rough set,2026-08-24T09:54:11.062767+00:00,publisher-metadata+abstract-coded,Full-text/component verification pending unless upgraded in later commits.
P0004,"Granular ball computing classifiers for efficient, scalable and robust learning",2019,Information Sciences,10.1016/j.ins.2019.01.010,,https://www.semanticscholar.org/paper/b028dace1686514a7fb097cdfbf846d9339aa508,https://doi.org/10.1016/j.ins.2019.01.010,Shuyin Xia; Yunsheng Liu; Xin Ding; Guoyin Wang; Hong Yu; Yuoguo Luo,301,,available-and-coded-not-redistributed,,granular-ball computing; granular ball graph learning; granular ball deep learning; granular ball federated learning,2026-08-24T09:54:11.062767+00:00,publisher-metadata+abstract-coded,Full-text/component verification pending unless upgraded in later commits.
P0005,An Efficient and Adaptive Granular-Ball Generation Method in Classification Problem,2024,IEEE Transactions on Neural Networks and Learning Systems,10.1109/tnnls.2022.3203381,,https://www.semanticscholar.org/paper/75e8f358cdbfb8c2d51e1459fb2fc8c5d4bcdcb6,https://doi.org/10.1109/tnnls.2022.3203381,Shuyin Xia; Xiaochuan Dai; Guoyin Wang; Xinbo Gao; Elisabeth Giem,109,,available-and-coded-not-redistributed,,granular ball generation,2026-08-24T09:54:11.062767+00:00,publisher-metadata+abstract-coded,Full-text/component verification pending unless upgraded in later commits.
P0006,GBG++: A Fast and Stable Granular Ball Generation Method for Classification,2024,IEEE Transactions on Emerging Topics in Computational Intelligence,10.1109/tetci.2024.3359091,,https://www.semanticscholar.org/paper/8ae66d2d1d666598d8013eba246c4514382793fa,https://doi.org/10.1109/tetci.2024.3359091,Qin Xie; Qinghua Zhang; Shuyin Xia; Fan Zhao; Chengying Wu; Guoyin Wang; Weiping Ding,65,,available-and-coded-not-redistributed,,granular ball generation,2026-08-24T09:54:11.062767+00:00,publisher-metadata+abstract-coded,Full-text/component verification pending unless upgraded in later commits.
P0007,A granular-ball generation method based on local density for classification,2025,Information Sciences,10.1016/j.ins.2025.122295,,https://www.semanticscholar.org/paper/bf43efe7f9d631496f13b6f2de89b8e8baccb5a8,https://doi.org/10.1016/j.ins.2025.122295,Fan Liu; Qinghua Zhang; Shuyin Xia; Qin Xie; Wei Liao; Siyang Zhang,8,,not-available-from-enrichment,,granular ball generation,2026-08-24T09:54:11.062767+00:00,publisher-metadata-only,Full-text/component verification pending unless upgraded in later commits.
P0008,Granular-Ball Three-Way Decision,2023,Lecture Notes in Computer Science,10.1007/978-3-031-50959-9_20,,https://www.semanticscholar.org/paper/95b68ec50c5830091f7449c84fb85f1004214b28,https://doi.org/10.1007/978-3-031-50959-9_20,Xin Yang; Yanhua Li; Shuyin Xia; Xiaoyu Lian; Guoyin Wang; Tianrui Li,0,,not-available-from-enrichment,,granular ball classifier; granular ball generation; granular ball three-way decision; granular ball anomaly detection; granular ball graph learning; granular ball deep learning; granular ball federated learning; granular ball open set; granular ball uncertainty; granular ball calibration; granular ball conformal prediction; three-way decision; three-way decision agent,2026-08-24T09:54:11.062767+00:00,publisher-metadata-only,Full-text/component verification pending unless upgraded in later commits.
P0009,Three-Way Decision of Granular-Ball Rough Sets Based on Fuzziness,2024,Lecture Notes in Computer Science,10.1007/978-3-031-65668-2_3,,https://www.semanticscholar.org/paper/0ba6dc7f52de3be4efb481b93eb96050204839f1,https://doi.org/10.1007/978-3-031-65668-2_3,Zhuangzhuang Liu; Taihua Xu; Jie Yang; Shuyin Xia,0,,not-available-from-enrichment,,granular ball rough set; granular ball three-way decision,2026-08-24T09:54:11.062767+00:00,publisher-metadata-only,Full-text/component verification pending unless upgraded in later commits.
P0010,Granular ball-based fuzzy multineighborhood rough set for feature selection via label enhancement,2025,Engineering Applications of Artificial Intelligence,10.1016/j.engappai.2025.110191,,https://www.semanticscholar.org/paper/491667497ccdd043a8455d0bfe030372ba417366,https://doi.org/10.1016/j.engappai.2025.110191,Lin Sun; Wenjuan Du; Weiping Ding; Qian Long; Jiucheng Xu,15,,not-available-from-enrichment,,granular ball rough set; granular ball neighborhood rough set; granular ball feature selection; granular ball open set,2026-08-24T09:54:11.062767+00:00,publisher-metadata-only,Full-text/component verification pending unless upgraded in later commits.
P0011,"Synergy of Granular Computing, Shadowed Sets, and Three-way Decisions",2020,Information Sciences,10.1016/j.ins.2019.09.003,,https://www.semanticscholar.org/paper/b165068c08c5240fe87a821cddd0b78a20783aed,https://doi.org/10.1016/j.ins.2019.09.003,Davide Ciucci; Yiyu Yao,15,,not-available-from-enrichment,,shadowed set granular computing,2026-08-24T09:54:11.062767+00:00,publisher-metadata-only,Full-text/component verification pending unless upgraded in later commits.
P0012,Attribute Reduction Method Based on Improved Granular Ball Neighborhood Rough Set,2022,2022 7th International Conference on Cloud Computing and Big Data Analytics (ICCCBDA),10.1109/icccbda55098.2022.9778889,,https://www.semanticscholar.org/paper/1788b6c028c542585535bd30c117548234d542e2,https://doi.org/10.1109/icccbda55098.2022.9778889,Han Xia; Zizhong Chen; YanMin Wu; JinLi Qi,1,,available-and-coded-not-redistributed,,granular ball rough set; granular ball neighborhood rough set; granular ball open set,2026-08-24T09:54:11.062767+00:00,publisher-metadata+abstract-coded,Full-text/component verification pending unless upgraded in later commits.
P0013,Rule Inference Network based on Improved Granular Ball Neighborhood Rough Set,2024,2024 7th International Conference on Intelligent Robotics and Control Engineering (IRCE),10.1109/irce62232.2024.10739779,,https://www.semanticscholar.org/paper/82e30f732393c0f8fc12167bea907113f0341cc6,https://doi.org/10.1109/irce62232.2024.10739779,Yiming Zhong; Yunxia Zhang; Shilong Ma; Jing Bai,0,,available-and-coded-not-redistributed,,granular ball rough set; granular ball neighborhood rough set; granular ball open set,2026-08-24T09:54:11.062767+00:00,publisher-metadata+abstract-coded,Full-text/component verification pending unless upgraded in later commits.
P0014,Boundary-driven granular ball generation and classification via three-way decision,2026,Information Sciences,10.1016/j.ins.2026.123780,,https://www.semanticscholar.org/paper/7137d25241c82bf4ede1bd45305bd6199c1ff749,https://doi.org/10.1016/j.ins.2026.123780,Shuang Wang; Jianming Zhan; Shuyin Xia; Weiping Ding,0,,not-available-from-enrichment,,granular ball generation; granular ball three-way decision,2026-08-24T09:54:11.062767+00:00,publisher-metadata-only,Full-text/component verification pending unless upgraded in later commits.
P0015,Granular-Ball Three-Way Decision for Robust Text Classification,2025,Lecture Notes in Computer Science,10.1007/978-3-031-92741-6_12,,https://www.semanticscholar.org/paper/c58ca3ea8c1428130692a35f7f674d0de834e4dd,https://doi.org/10.1007/978-3-031-92741-6_12,Jie Zhang; Yanhua Li; Xiaocao Ouyang; Lingfei Ren; Xin Yang,2,,not-available-from-enrichment,,granular ball three-way decision,2026-08-24T09:54:11.062767+00:00,publisher-metadata-only,Full-text/component verification pending unless upgraded in later commits.
P0016,A Granular-Ball SVM Based on Three-Way Decision,2025,Lecture Notes in Computer Science,10.1007/978-3-031-92741-6_3,,https://www.semanticscholar.org/paper/f931616b5d5d726c3a1093f0fdb489f2ad0232bf,https://doi.org/10.1007/978-3-031-92741-6_3,Rong Huang; Jie Yang; Yanmin Liu,0,,not-available-from-enrichment,,granular ball three-way decision,2026-08-24T09:54:11.062767+00:00,publisher-metadata-only,Full-text/component verification pending unless upgraded in later commits.
P0017,MFGB-S3W Denoiser: Multi-scale Fuzzy Granular-Ball and Sequential Three-Way Decision for Remote Sensing Image Denoising,2026,Communications in Computer and Information Science,10.1007/978-981-95-8262-4_11,,https://doi.org/10.1007/978-981-95-8262-4_11,https://doi.org/10.1007/978-981-95-8262-4_11,Jingjing Qian; Shuhua Su,0,,not-available-from-enrichment,,granular ball three-way decision,2026-08-24T09:54:11.062767+00:00,publisher-metadata-only,Full-text/component verification pending unless upgraded in later commits.
P0018,Granular Ball Fuzzy Neighborhood Rough Sets-Based Feature Selection via Multiobjective Mayfly Optimization,2024,IEEE Transactions on Fuzzy Systems,10.1109/tfuzz.2024.3440575,,https://www.semanticscholar.org/paper/16e107e2b426562f7d0890f2d5a2fcfc67c623c2,https://doi.org/10.1109/tfuzz.2024.3440575,Lin Sun; Hanbo Liang; Weiping Ding; Jiucheng Xu,26,,available-and-coded-not-redistributed,,granular ball neighborhood rough set; granular ball feature selection,2026-08-24T09:54:11.062767+00:00,publisher-metadata+abstract-coded,Full-text/component verification pending unless upgraded in later commits.
P0019,Intuitionistic Fuzzy Three-Way Decision Model Based on the Three-Way Granular Computing Method,2020,Symmetry,10.3390/sym12071068,,https://www.semanticscholar.org/paper/af91ca62dee58a7fc5abaeb692acf3cefd1f66f0,https://doi.org/10.3390/sym12071068,Xianwei Xin; Jihua Song; Weiming Peng,4,,available-and-coded-not-redistributed,,granular ball three-way decision; three-way decision; three-way decision agent,2026-08-24T09:54:11.062767+00:00,publisher-metadata+abstract-coded,Full-text/component verification pending unless upgraded in later commits.
P0020,A Three-Way Incremental Granular-Ball Classifier Using Shadowed Set,2026,IEEE Transactions on Emerging Topics in Computational Intelligence,10.1109/tetci.2026.3657948,,https://www.semanticscholar.org/paper/bb2fc9f60bca8c44ddb8e7ec96d6a70dd0dd31d8,https://doi.org/10.1109/tetci.2026.3657948,Jie Yang; Lingyun Xiaodiao; Guoyin Wang; Witold Pedrycz; Shuyin Xia; Di Wu; Qinghua Zhang,6,,available-and-coded-not-redistributed,,granular ball classifier; granular ball three-way decision; granular ball open set; shadowed set granular computing,2026-08-24T09:54:11.062767+00:00,publisher-metadata+abstract-coded,Full-text/component verification pending unless upgraded in later commits.
P0021,Attribute reduction for partially labeled hybrid data based on generalized granular-ball neighborhood rough set model and Student-t kernel,2026,Information Sciences,10.1016/j.ins.2026.123424,,https://www.semanticscholar.org/paper/b90339215345b5b6cc37efcf56752f4bcf930cfc,https://doi.org/10.1016/j.ins.2026.123424,Zhaowen Li; Jingyi Sun; Guangming Xue; Yonghua Huang; Qingnian Li,0,,not-available-from-enrichment,,granular ball neighborhood rough set,2026-08-24T09:54:11.062767+00:00,publisher-metadata-only,Full-text/component verification pending unless upgraded in later commits.
P0022,Incremental reduction methods based on granular ball neighborhood rough sets and attribute grouping,2023,International Journal of Approximate Reasoning,10.1016/j.ijar.2023.108974,,https://doi.org/10.1016/j.ijar.2023.108974,https://doi.org/10.1016/j.ijar.2023.108974,Yan Li; Xiaoxue Wu; Xizhao Wang,12,,not-available-from-enrichment,,granular ball neighborhood rough set,2026-08-24T09:54:11.062767+00:00,publisher-metadata-only,Full-text/component verification pending unless upgraded in later commits.
P0023,Efficient and rapid attribute reduction based on local T-spherical fuzzy granular ball neighborhood rough sets,2026,Applied Soft Computing,10.1016/j.asoc.2025.114091,,https://www.semanticscholar.org/paper/9ef29580d8061562c91f083eefc0b177618485c0,https://doi.org/10.1016/j.asoc.2025.114091,Shihai Deng; Tingting Zheng; Longxiang Lai,3,,not-available-from-enrichment,,granular ball neighborhood rough set,2026-08-24T09:54:11.062767+00:00,publisher-metadata-only,Full-text/component verification pending unless upgraded in later commits.
P0024,A three-way decision combining multi-granularity variable precision fuzzy rough set and TOPSIS method,2025,International Journal of Approximate Reasoning,10.1016/j.ijar.2024.109318,,https://www.semanticscholar.org/paper/b3237ceb223b647aaa70073f21a9e8f08794384b,https://doi.org/10.1016/j.ijar.2024.109318,Chengzhao Jia; Lingqiang Li; Xinru Li,12,,not-available-from-enrichment,,multi-granularity learning rough set,2026-08-24T09:54:11.062767+00:00,publisher-metadata-only,Full-text/component verification pending unless upgraded in later commits.
P0025,Sequential Three-Way Decision of Tolerance- Based Multi-Granularity Fuzzy-Rough Sets,2019,IEEE Access,10.1109/access.2019.2954086,,https://www.semanticscholar.org/paper/a8203f64c294d0426c1b2d9e3030c8dfead622cc,https://doi.org/10.1109/access.2019.2954086,Hong Wang; Xiaohua Chai,1,,available-and-coded-not-redistributed,,sequential three-way decision,2026-08-24T09:54:11.062767+00:00,publisher-metadata+abstract-coded,Full-text/component verification pending unless upgraded in later commits.
P0026,Three-way decision with granular rough sets,2025,Applied Soft Computing,10.1016/j.asoc.2025.113344,,https://www.semanticscholar.org/paper/e22fb930b0504d2d1529d9ef3ebfb919697cdad4,https://doi.org/10.1016/j.asoc.2025.113344,Junfang Luo; Mengjun Hu; Chengjun Shi; Yiyu Yao,3,,not-available-from-enrichment,,granular ball three-way decision; three-way decision; three-way classification rough set; three-way decision agent,2026-08-24T09:54:11.062767+00:00,publisher-metadata-only,Full-text/component verification pending unless upgraded in later commits.
P0027,A novel granular computing model based on three-way decision,2022,International Journal of Approximate Reasoning,10.1016/j.ijar.2022.01.015,,https://www.semanticscholar.org/paper/2c7d70b3f1d1cd13a4a7648e4a55f4813290c507,https://doi.org/10.1016/j.ijar.2022.01.015,Qingzhao Kong; Xiawei Zhang; Weihua Xu; Binghan Long,26,,not-available-from-enrichment,,granular ball three-way decision,2026-08-24T09:54:11.062767+00:00,publisher-metadata-only,Full-text/component verification pending unless upgraded in later commits.
P0028,"New advances in three-way decision, granular computing and concept lattice",2020,International Journal of Machine Learning and Cybernetics,10.1007/s13042-020-01117-3,,https://www.semanticscholar.org/paper/f67443d04b4c1706ae555387c0247f160c0f8f84,https://doi.org/10.1007/s13042-020-01117-3,Xizhao Wang; Jinhai Li,20,,not-available-from-enrichment,,granular ball three-way decision,2026-08-24T09:54:11.062767+00:00,publisher-metadata-only,Full-text/component verification pending unless upgraded in later commits.
P0029,Knowledge enhanced data analytics based on three-way decision and granular computing,2025,Applied Soft Computing,10.1016/j.asoc.2025.112712,,https://www.semanticscholar.org/paper/dc13b18257d97d047210f7f0994346e9fdb344f2,https://doi.org/10.1016/j.asoc.2025.112712,Weiping Ding; Jose Carlos R. Alcantud; Jianming Zhan; Oscar Castillo; Yiyu Yao,2,,not-available-from-enrichment,,granular ball three-way decision,2026-08-24T09:54:11.062767+00:00,publisher-metadata-only,Full-text/component verification pending unless upgraded in later commits.
P0030,Fuzzy Advantage Granular Ball Rough Set for Feature Selection via Deep Reinforcement Learning,2026,IEEE Transactions on Fuzzy Systems,10.1109/tfuzz.2026.3670185,,https://www.semanticscholar.org/paper/c69629105b6625ed9b8a557632cddfabe4d566e3,https://doi.org/10.1109/tfuzz.2026.3670185,Hanbo Liang; Yupeng Cao; Yisheng An; Weiping Ding; Xiangmo Zhao,1,,available-and-coded-not-redistributed,,granular ball rough set; granular ball neighborhood rough set; granular ball feature selection; granular ball deep learning; granular ball open set,2026-08-24T09:54:11.062767+00:00,publisher-metadata+abstract-coded,Full-text/component verification pending unless upgraded in later commits.
P0031,Granular Computing and Sequential Three-Way Decisions,2013,Lecture Notes in Computer Science,10.1007/978-3-642-41299-8_3,,https://www.semanticscholar.org/paper/2acab42556cdf76da9ed36f67a126873c1aefafe,https://doi.org/10.1007/978-3-642-41299-8_3,Yiyu Yao,150,,not-available-from-enrichment,,three-way decisions Yao,2026-08-24T09:54:11.062767+00:00,publisher-metadata-only,Full-text/component verification pending unless upgraded in later commits.
P0032,Advances in three-way decisions and granular computing,2016,Knowledge-Based Systems,10.1016/j.knosys.2015.10.026,,https://www.semanticscholar.org/paper/ddadf606a481c1e2aa79f0b22ccc7cd1abcbe269,https://doi.org/10.1016/j.knosys.2015.10.026,Hamido Fujita; Tianrui Li; Yiyu Yao,64,,not-available-from-enrichment,,three-way decisions Yao,2026-08-24T09:54:11.062767+00:00,publisher-metadata-only,Full-text/component verification pending unless upgraded in later commits.
P0033,Granular-ball fuzzy rough set-based semi-supervised feature selection for label distribution learning,2026,Applied Soft Computing,10.1016/j.asoc.2026.115865,,https://www.semanticscholar.org/paper/a03f050503ede2ac412fd62f9c00ffe9b880effc,https://doi.org/10.1016/j.asoc.2026.115865,Wenbin Qian; Zhichao Xu; Lujie Cheng; Weiping Ding; Jiayang Wang,0,,not-available-from-enrichment,,granular ball rough set; granular ball neighborhood rough set; granular ball feature selection; granular ball open set,2026-08-24T09:54:11.062767+00:00,publisher-metadata-only,Full-text/component verification pending unless upgraded in later commits.
P0034,A Robust Three-Way Classifier With Shadowed Granular Balls Based on Justifiable Granularity,2025,IEEE Transactions on Neural Networks and Learning Systems,10.1109/tnnls.2025.3563889,,https://www.semanticscholar.org/paper/d930bf4c650e5126c0d404fd8af5f8ce21f638e0,https://doi.org/10.1109/tnnls.2025.3563889,Jie Yang; Lingyun Xiaodiao; Guoyin Wang; Witold Pedrycz; Shuyin Xia; Qinghua Zhang; Di Wu,26,,available-and-coded-not-redistributed,,justifiable granularity,2026-08-24T09:54:11.062767+00:00,publisher-metadata+abstract-coded,Full-text/component verification pending unless upgraded in later commits.
P0035,Innovative multi-granularity granular-balls rough set for feature selection: Driving generalized multi-granularity rough set evolution with Zentropy integration,2025,Information Sciences,10.1016/j.ins.2025.122411,,https://www.semanticscholar.org/paper/1aa285fbd97cbadb6c09e2a34026465591f07375,https://doi.org/10.1016/j.ins.2025.122411,Weirui Ye; Weihua Xu,6,,available-and-coded-not-redistributed,,multi-granularity learning rough set,2026-08-24T09:54:11.062767+00:00,publisher-metadata+abstract-coded,Full-text/component verification pending unless upgraded in later commits.
P0036,Improving multi-label classification under imbalance: A granular-ball rough set approach,2026,International Journal of Approximate Reasoning,10.1016/j.ijar.2026.109669,,https://www.semanticscholar.org/paper/48b4ed5d634d5a10dd94f6295dfb6fc3f237579f,https://doi.org/10.1016/j.ijar.2026.109669,Yuzhe Li; Weihua Xu,0,,not-available-from-enrichment,,granular ball rough set; granular ball neighborhood rough set; granular ball open set,2026-08-24T09:54:11.062767+00:00,publisher-metadata-only,Full-text/component verification pending unless upgraded in later commits.
P0037,A Weighted Granular-Ball Rough Set: Model and Attribute Reduction,2024,2024 International Conference on Machine Learning and Cybernetics (ICMLC),10.1109/icmlc63072.2024.10935042,,https://www.semanticscholar.org/paper/1ddb1b71220900545dbafa00320813c2ba4e0e15,https://doi.org/10.1109/icmlc63072.2024.10935042,Zhonghao Zhang; Jingjing Song; Huige Li; Eric C.C. Tsang,0,,available-and-coded-not-redistributed,,granular ball rough set; granular ball neighborhood rough set; granular ball open set,2026-08-24T09:54:11.062767+00:00,publisher-metadata+abstract-coded,Full-text/component verification pending unless upgraded in later commits.
P0038,An integrated weighted granular-ball rough set model for attribute reduction,2026,Knowledge and Information Systems,10.1007/s10115-026-02849-4,,https://www.semanticscholar.org/paper/573ebcd7a52929300d71580520fff4521eed0bdd,https://doi.org/10.1007/s10115-026-02849-4,Zhonghao Zhang; Jingjing Song; Eric C. C. Tsang; Huige Li; Jianjun Chen,0,,not-available-from-enrichment,,granular ball rough set; granular ball neighborhood rough set; granular ball open set,2026-08-24T09:54:11.062767+00:00,publisher-metadata-only,Full-text/component verification pending unless upgraded in later commits.
P0039,Clinical Medical Test Decision-Making of Liver Disease Using Granular-Ball Rough Set,2024,Lecture Notes in Computer Science,10.1007/978-3-031-65668-2_18,,https://www.semanticscholar.org/paper/9ce5cdc33b757acb3004b160f413f3963fdec420,https://doi.org/10.1007/978-3-031-65668-2_18,Fanxin Xu; Zuqiang Su; Guoyin Wang,0,,not-available-from-enrichment,,granular ball rough set; granular ball neighborhood rough set; granular ball open set,2026-08-24T09:54:11.062767+00:00,publisher-metadata-only,Full-text/component verification pending unless upgraded in later commits.
P0040,Granular-ball rough set for robust twin support vector classification in medical image detection,2026,Applied Soft Computing,10.1016/j.asoc.2026.115875,,https://www.semanticscholar.org/paper/7093693e8692fe9485730606c1bf22f64f7f9cc4,https://doi.org/10.1016/j.asoc.2026.115875,Ruiyao Gao; Kai Qi,0,,not-available-from-enrichment,,granular ball rough set; granular ball neighborhood rough set; granular ball open set,2026-08-24T09:54:11.062767+00:00,publisher-metadata-only,Full-text/component verification pending unless upgraded in later commits.
P0041,Structured approximations as a basis for three-way decisions in rough set theory,2019,Knowledge-Based Systems,10.1016/j.knosys.2018.11.022,,https://www.semanticscholar.org/paper/60653e7b4a8c7435bbd55fe26c2500c2f88ef75d,https://doi.org/10.1016/j.knosys.2018.11.022,Mengjun Hu; Yiyu Yao,77,,available-and-coded-not-redistributed,,three-way classification rough set,2026-08-24T09:54:11.062767+00:00,publisher-metadata+abstract-coded,Full-text/component verification pending unless upgraded in later commits.
P0042,Multi-objective attribute reduction in three-way decision-theoretic rough set model,2019,International Journal of Approximate Reasoning,10.1016/j.ijar.2018.12.008,,https://www.semanticscholar.org/paper/5ea6583434c4004da6c53d23c1c0183f589e5023,https://doi.org/10.1016/j.ijar.2018.12.008,Weiwei Li; Xiuyi Jia; Lu Wang; Bing Zhou,66,,available-and-coded-not-redistributed,,three-way classification rough set,2026-08-24T09:54:11.062767+00:00,publisher-metadata+abstract-coded,Full-text/component verification pending unless upgraded in later commits.
P0043,On modeling similarity and three-way decision under incomplete information in rough set theory,2020,Knowledge-Based Systems,10.1016/j.knosys.2019.105251,,https://www.semanticscholar.org/paper/0ad80dea1a491c72fce93d9babe20d1bea14833f,https://doi.org/10.1016/j.knosys.2019.105251,Junfang Luo; Hamido Fujita; Yiyu Yao; Keyun Qin,75,,available-and-coded-not-redistributed,,three-way classification rough set,2026-08-24T09:54:11.062767+00:00,publisher-metadata+abstract-coded,Full-text/component verification pending unless upgraded in later commits.
P0044,A three-way decision method based on fuzzy rough set models under incomplete environments,2021,Information Sciences,10.1016/j.ins.2021.06.088,,https://www.semanticscholar.org/paper/a148038c5280c711a3f38b162d22e348e1ed9799,https://doi.org/10.1016/j.ins.2021.06.088,Jin Ye; Jianming Zhan; Bingzhen Sun,50,,not-available-from-enrichment,,three-way classification rough set,2026-08-24T09:54:11.062767+00:00,publisher-metadata-only,Full-text/component verification pending unless upgraded in later commits.
P0045,Three-way decision based on confidence level change in rough set,2022,International Journal of Approximate Reasoning,10.1016/j.ijar.2022.01.007,,https://www.semanticscholar.org/paper/5d9cc39b934860b666c0627c66d3500a011b5b35,https://doi.org/10.1016/j.ijar.2022.01.007,Doudou Guo; Chunmao Jiang; Peng Wu,46,,not-available-from-enrichment,,three-way classification rough set,2026-08-24T09:54:11.062767+00:00,publisher-metadata-only,Full-text/component verification pending unless upgraded in later commits.
P0046,Three-Way Decisions Making Using Covering Based Fractional Orthotriple Fuzzy Rough Set Model,2020,Mathematics,10.3390/math8071121,,https://www.semanticscholar.org/paper/85ea60c2d4689b21dd780762cc839fe8610630bb,https://doi.org/10.3390/math8071121,Shougi S. Abosuliman; Saleem Abdullah; Muhammad Qiyas,29,,available-and-coded-not-redistributed,,three-way classification rough set,2026-08-24T09:54:11.062767+00:00,publisher-metadata+abstract-coded,Full-text/component verification pending unless upgraded in later commits.
P0047,Conflict Analysis Triggered by Three-Way Decision and Pythagorean Fuzzy Rough Set,2024,International Journal of Computational Intelligence Systems,10.1007/s44196-023-00378-4,,https://www.semanticscholar.org/paper/620ab67dac047f51100a4faecfaef05bf2c4e61a,https://doi.org/10.1007/s44196-023-00378-4,Jie Zhao; Renxia Wan; Duoqian Miao,9,,available-and-coded-not-redistributed,,three-way classification rough set,2026-08-24T09:54:11.062767+00:00,publisher-metadata+abstract-coded,Full-text/component verification pending unless upgraded in later commits.
P0048,Three-way decisions with decision-theoretic rough sets based on covering-based q-rung orthopair fuzzy rough set model,2021,Journal of Intelligent &amp; Fuzzy Systems,10.3233/jifs-202291,,https://www.semanticscholar.org/paper/ae451fd0d2deb939387016fc4c78b766b7e76a6a,https://doi.org/10.3233/jifs-202291,Fang Liu; Yi Liu; Saleem Abdullah,13,,available-and-coded-not-redistributed,,three-way classification rough set,2026-08-24T09:54:11.062767+00:00,publisher-metadata+abstract-coded,Full-text/component verification pending unless upgraded in later commits.
P0049,Constructing Robust Fuzzy Rough Set Models Based on Three-way Decisions,2021,Cognitive Computation,10.1007/s12559-021-09863-4,,https://www.semanticscholar.org/paper/fc29950132fb5fa2af78eee7655329dbfe7a4146,https://doi.org/10.1007/s12559-021-09863-4,Jilin Yang; Xianyong Zhang; Keyun Qin,7,,not-available-from-enrichment,,three-way classification rough set,2026-08-24T09:54:11.062767+00:00,publisher-metadata-only,Full-text/component verification pending unless upgraded in later commits.
P0050,Conflict Analysis Based on Three-Way Decision Theoretic Fuzzy Rough Set over Two Universes,2020,Ingénierie des systèmes d information,10.18280/isi.250110,,https://www.semanticscholar.org/paper/caff169beaff9e4c5b4591e763542737cb3b5d05,https://doi.org/10.18280/isi.250110,Xiao Tang; Ting Zeng; Yang Tan; Benxiang Ding,5,,available-and-coded-not-redistributed,,three-way classification rough set,2026-08-24T09:54:11.062767+00:00,publisher-metadata+abstract-coded,Full-text/component verification pending unless upgraded in later commits.
P0051,A Three-Way Decision Approach Combining Probabilistic and Decision-Theoretic Rough Set,2022,2022 IEEE/ACIS 22nd International Conference on Computer and Information Science (ICIS),10.1109/icis54925.2022.9882483,,https://www.semanticscholar.org/paper/c72e7d12f5dac76982c2fbdd4ead7d1fa9dfc3d2,https://doi.org/10.1109/icis54925.2022.9882483,Cong Guo; Zhihang Yu; Shiyu Wu; Libo Zhang; Xue Yan,0,,available-and-coded-not-redistributed,,three-way classification rough set,2026-08-24T09:54:11.062767+00:00,publisher-metadata+abstract-coded,Full-text/component verification pending unless upgraded in later commits.
P0052,Linguistic Z Number Fuzzy Probabilistic Rough Set and Their Corresponding Three-Way Decisions,2024,Studies in Fuzziness and Soft Computing,10.1007/978-3-031-65854-9_1,,https://doi.org/10.1007/978-3-031-65854-9_1,https://doi.org/10.1007/978-3-031-65854-9_1,Prasenjit Mandal; Sovan Samanta; Tofigh Allahviranloo; Madhumangal Pal,1,,not-available-from-enrichment,,three-way classification rough set,2026-08-24T09:54:11.062767+00:00,publisher-metadata-only,Full-text/component verification pending unless upgraded in later commits.
P0053,An Ensemble Method for Constructing Three-Way Decision Rules with Granular Rough Sets,2026,Lecture Notes in Computer Science,10.1007/978-3-032-30228-1_26,,https://doi.org/10.1007/978-3-032-30228-1_26,https://doi.org/10.1007/978-3-032-30228-1_26,Chengjun Shi; Mengjun Hu; Yiyu Yao,0,,not-available-from-enrichment,,granular ball three-way decision,2026-08-24T09:54:11.062767+00:00,publisher-metadata-only,Full-text/component verification pending unless upgraded in later commits.
P0054,Two-Direction Dynamic Three-Way Decision Algorithm Based on PS-Rough Set,2019,2019 IEEE 14th International Conference on Intelligent Systems and Knowledge Engineering (ISKE),10.1109/iske47853.2019.9170358,,https://www.semanticscholar.org/paper/a0a6b1ab8a9f889b91f10fe475f0d731f7d445c5,https://doi.org/10.1109/iske47853.2019.9170358,Chunying Zhang; Xiaoze Feng; Liya Wang; Hao Qin; Lu Liu; Peng Qiao; Ruiyan Qiao; Jing Ren,0,,available-and-coded-not-redistributed,,three-way classification rough set,2026-08-24T09:54:11.062767+00:00,publisher-metadata+abstract-coded,Full-text/component verification pending unless upgraded in later commits.
P0055,Weighted granular-ball rough sets: A granular learning framework for robust feature selection and fault diagnosis,2026,Pattern Recognition,10.1016/j.patcog.2026.114416,,https://www.semanticscholar.org/paper/6c8b512cfe44f1a1e722f7aca0543d985c9f463f,https://doi.org/10.1016/j.patcog.2026.114416,Jingqian Wang; Jiachen Hao; Xiaohong Zhang; Jun Liu,0,,not-available-from-enrichment,,granular ball feature selection; granular ball deep learning; granular ball federated learning,2026-08-24T09:54:11.062767+00:00,publisher-metadata-only,Full-text/component verification pending unless upgraded in later commits.
P0056,Structure-aware granular ball clustering,2026,Information Sciences,10.1016/j.ins.2026.123224,,https://www.semanticscholar.org/paper/d3f868fdc99bf805d4a11c34f66348299332784a,https://doi.org/10.1016/j.ins.2026.123224,Qijia Wang; Mingjing Du,3,,not-available-from-enrichment,,granular ball classifier; granular ball generation; granular ball clustering; granular ball anomaly detection; granular ball graph learning; granular ball deep learning; granular ball federated learning; granular ball open set; granular ball uncertainty; granular ball calibration; granular ball conformal prediction,2026-08-24T09:54:11.062767+00:00,publisher-metadata-only,Full-text/component verification pending unless upgraded in later commits.
P0057,"The Shadowed Set, Intuitionistic Fuzzy Set and their Three-way Decision",2022,Journal of Mathematics and Informatics,10.22457/jmi.v22a02206,,https://www.semanticscholar.org/paper/7e6fdcf7145960fd97600bdc19bef7d473b9ccb6,https://doi.org/10.22457/jmi.v22a02206,Guangpeng Ta; Zengtai Gong,1,,available-and-coded-not-redistributed,,shadowed set granular computing,2026-08-24T09:54:11.062767+00:00,publisher-metadata+abstract-coded,Full-text/component verification pending unless upgraded in later commits.
P0058,Natural granular-ball anomaly detection,2026,Applied Soft Computing,10.1016/j.asoc.2026.115147,,https://www.semanticscholar.org/paper/61c661da85db17628b51c61a788d446ae269571c,https://doi.org/10.1016/j.asoc.2026.115147,Qilin Li; Yizhi Liu; Baiyang Chen; Zhong Yuan; Dezhong Peng; Shihao Wang,0,,not-available-from-enrichment,,granular ball classifier; granular ball generation; granular ball anomaly detection; granular ball graph learning; granular ball deep learning; granular ball federated learning; granular ball open set; granular ball uncertainty; granular ball calibration; granular ball conformal prediction,2026-08-24T09:54:11.062767+00:00,publisher-metadata-only,Full-text/component verification pending unless upgraded in later commits.
P0059,Detecting anomalies with granular-ball fuzzy rough sets,2024,Information Sciences,10.1016/j.ins.2024.121016,,https://www.semanticscholar.org/paper/6cf4f3b1563e947db4a874a26dbe65ab98c06aa9,https://doi.org/10.1016/j.ins.2024.121016,Xinyu Su; Zhong Yuan; Baiyang Chen; Dezhong Peng; Hongmei Chen; Yingke Chen,43,,not-available-from-enrichment,,granular ball rough set; granular ball neighborhood rough set; granular ball calibration,2026-08-24T09:54:11.062767+00:00,publisher-metadata-only,Full-text/component verification pending unless upgraded in later commits.
P0060,Online group streaming feature selection based on fuzzy neighborhood granular ball rough sets,2024,Expert Systems with Applications,10.1016/j.eswa.2024.123778,,https://www.semanticscholar.org/paper/2e493e0c9cea9c1a5c90fc59212f4326c6b67610,https://doi.org/10.1016/j.eswa.2024.123778,Yuanhao Sun; Ping Zhu,27,,not-available-from-enrichment,,granular ball neighborhood rough set; granular ball feature selection,2026-08-24T09:54:11.062767+00:00,publisher-metadata-only,Full-text/component verification pending unless upgraded in later commits.
P0061,Fuzzy neighborhood based variable-precision granular-ball rough sets with applications to feature selection,2025,Fuzzy Sets and Systems,10.1016/j.fss.2025.109382,,https://www.semanticscholar.org/paper/00d3d6b576c2606c25eabb0fe7512786cb0d3e27,https://doi.org/10.1016/j.fss.2025.109382,Yongxi Chen; Zhehuang Huang; Jinjin Li,17,,not-available-from-enrichment,,granular ball neighborhood rough set; granular ball feature selection,2026-08-24T09:54:11.062767+00:00,publisher-metadata-only,Full-text/component verification pending unless upgraded in later commits.
P0062,Semi-overlap Functions Based Granular Ball Fuzzy Rough Sets for Feature Selection and Anomaly Detection,2026,International Journal of Approximate Reasoning,10.1016/j.ijar.2026.109807,,https://doi.org/10.1016/j.ijar.2026.109807,https://doi.org/10.1016/j.ijar.2026.109807,Xiaofeng Wen; Yaoyao Fan; Yongjun Yan; Xiaohong Zhang; Fuchun Sun,0,,not-available-from-enrichment,,granular ball feature selection; granular ball anomaly detection,2026-08-24T09:54:11.062767+00:00,publisher-metadata-only,Full-text/component verification pending unless upgraded in later commits.
P0063,Structure-aware granular-ball hypergraph learning,2026,Engineering Applications of Artificial Intelligence,10.1016/j.engappai.2026.115428,,https://www.semanticscholar.org/paper/4c96e98478a096f59355839d63677e61a33c6606,https://doi.org/10.1016/j.engappai.2026.115428,Jinyuan Ni; Shuyin Xia; Guan Wang; Meng Yang; Long Chen; Yi Liu; Yi Wang,0,,not-available-from-enrichment,,granular ball classifier; granular ball generation; granular ball graph learning; granular ball deep learning; granular ball federated learning; granular ball open set; granular ball uncertainty; granular ball calibration; granular ball conformal prediction,2026-08-24T09:54:11.062767+00:00,publisher-metadata-only,Full-text/component verification pending unless upgraded in later commits.
P0064,A novel granular ball computing-based fuzzy rough set for feature selection in label distribution learning,2023,Knowledge-Based Systems,10.1016/j.knosys.2023.110898,,https://www.semanticscholar.org/paper/351d672e629efff5dc5d0e4a83cba908b26c1276,https://doi.org/10.1016/j.knosys.2023.110898,Wenbin Qian; Fankang Xu; Jintao Huang; Jin Qian,47,,not-available-from-enrichment,,granular ball rough set; granular ball open set,2026-08-24T09:54:11.062767+00:00,publisher-metadata-only,Full-text/component verification pending unless upgraded in later commits.
P0065,A novel variable-precision granular-ball fuzzy rough set and its application in feature subset selection,2025,Applied Soft Computing,10.1016/j.asoc.2025.113597,,https://www.semanticscholar.org/paper/fdfece7bef77788644333d5d99aeb4a5769695cc,https://doi.org/10.1016/j.asoc.2025.113597,Yongxi Chen; Zhehuang Huang; Anhui Tan; Jinjin Li,7,,not-available-from-enrichment,,granular ball rough set; granular ball open set,2026-08-24T09:54:11.062767+00:00,publisher-metadata-only,Full-text/component verification pending unless upgraded in later commits.
P0066,Accelerated Feature Selection Based on Granular-Ball Rough Sets,2025,Lecture Notes in Computer Science,10.1007/978-3-031-92744-7_16,,https://www.semanticscholar.org/paper/51ba1d9217d6dc8a2bb52a7180c137e5e88c209e,https://doi.org/10.1007/978-3-031-92744-7_16,Xiaoyu Lian; Shuyin Xia; Hongxuan He,0,,not-available-from-enrichment,,granular ball rough set; granular ball feature selection,2026-08-24T09:54:11.062767+00:00,publisher-metadata-only,Full-text/component verification pending unless upgraded in later commits.
P0067,A review of sequential three-way decision and multi-granularity learning,2023,International Journal of Approximate Reasoning,10.1016/j.ijar.2022.11.007,,https://www.semanticscholar.org/paper/9131444c8fef1d91d2c08408cb4c9e03658f3385,https://doi.org/10.1016/j.ijar.2022.11.007,Xin Yang; Yanhua Li; Tianrui Li,35,,not-available-from-enrichment,,sequential three-way decision,2026-08-24T09:54:11.062767+00:00,publisher-metadata-only,Full-text/component verification pending unless upgraded in later commits.
P0068,Granular Sequential Three-Way Decision for Specific Decision Classes,2025,IEEE Transactions on Fuzzy Systems,10.1109/tfuzz.2025.3529459,,https://www.semanticscholar.org/paper/37823a5c17d57bb0bf4903145dc04bc668f45628,https://doi.org/10.1109/tfuzz.2025.3529459,Yunlong Cheng; Xiuhua Yang; Qinghua Zhang; Yabin Shao; Guoyin Wang,2,,available-and-coded-not-redistributed,,granular ball three-way decision; three-way decision; sequential three-way decision; three-way decision agent,2026-08-24T09:54:11.062767+00:00,publisher-metadata+abstract-coded,Full-text/component verification pending unless upgraded in later commits.
P0069,Three-way decisions with probabilistic rough sets,2010,Information Sciences,10.1016/j.ins.2009.09.021,,https://www.semanticscholar.org/paper/e05b7cea60db1f883303eb45acf51dafe093ab47,https://doi.org/10.1016/j.ins.2009.09.021,Yiyu Yao,1478,,not-available-from-enrichment,,three-way decisions Yao,2026-08-24T09:54:11.062767+00:00,publisher-metadata-only,Full-text/component verification pending unless upgraded in later commits.
P0070,Rough Sets and Three-Way Decisions,2015,Lecture Notes in Computer Science,10.1007/978-3-319-25754-9_6,,https://www.semanticscholar.org/paper/6493526282ad7610a2ed5f71fdf60d83a5025fce,https://doi.org/10.1007/978-3-319-25754-9_6,Yiyu Yao,91,,available-and-coded-not-redistributed,,three-way decisions Yao,2026-08-24T09:54:11.062767+00:00,publisher-metadata+abstract-coded,Full-text/component verification pending unless upgraded in later commits.
P0071,Granular-Ball Regeneration Clustering With Principle of Justifiable Granularity,2025,IEEE Transactions on Neural Networks and Learning Systems,10.1109/tnnls.2025.3579376,,https://www.semanticscholar.org/paper/247d6e4dd3c06ac91bc3fe78e9354d84f8d1e3d7,https://doi.org/10.1109/tnnls.2025.3579376,Wentao Li; Lingwei Wei; Witold Pedrycz; Weiping Ding; Chao Zhang; Tao Zhan; Shuyin Xia,19,,available-and-coded-not-redistributed,,granular ball clustering; justifiable granularity,2026-08-24T09:54:11.062767+00:00,publisher-metadata+abstract-coded,Full-text/component verification pending unless upgraded in later commits.
P0072,Three-Way Decisions Using Rough Sets,2012,Advanced Information and Knowledge Processing,10.1007/978-1-4471-2760-4_5,,https://www.semanticscholar.org/paper/150c523f5e5a36e1b1d233daba5e9b12ec17e31a,https://doi.org/10.1007/978-1-4471-2760-4_5,Yiyu Yao,19,,not-available-from-enrichment,,three-way decisions Yao,2026-08-24T09:54:11.062767+00:00,publisher-metadata-only,Full-text/component verification pending unless upgraded in later commits.
P0073,Three-way decisions based on covering rough set,2015,Journal of Intelligent &amp; Fuzzy Systems,10.3233/ifs-151887,,https://www.semanticscholar.org/paper/b5a2cef66bac35793ed510116ccf63f9ff861ac4,https://doi.org/10.3233/ifs-151887,Van Thien Le; Bao Qing Hu,9,,available-and-coded-not-redistributed,,three-way decisions Yao,2026-08-24T09:54:11.062767+00:00,publisher-metadata+abstract-coded,Full-text/component verification pending unless upgraded in later commits.
P0074,GBNOD: Granular-ball neighborhood outlier detection,2026,Neurocomputing,10.1016/j.neucom.2025.132429,,https://www.semanticscholar.org/paper/0721b6ed12a43d078781022a38601775a0efc8d6,https://doi.org/10.1016/j.neucom.2025.132429,Xinyu Su; Zheng Li; Dezhong Peng; Hongmei Chen; Zhong Yuan,7,,not-available-from-enrichment,,granular ball classifier; granular ball generation; granular ball neighborhood rough set; granular ball anomaly detection; granular ball deep learning; granular ball open set; granular ball uncertainty; granular ball calibration; granular ball conformal prediction,2026-08-24T09:54:11.062767+00:00,publisher-metadata-only,Full-text/component verification pending unless upgraded in later commits.
P0075,GBFRS: Robust Fuzzy Rough Sets via Granular Ball Computing,2026,IEEE Transactions on Neural Networks and Learning Systems,10.1109/tnnls.2026.3681370,,https://www.semanticscholar.org/paper/ae46ef579b53d6edc873b56b533ee78434daddae,https://doi.org/10.1109/tnnls.2026.3681370,Xiaoyu Lian; Shuyin Xia; Binbin Sang; Guoyin Wang; Xinbo Gao,3,,available-and-coded-not-redistributed,,granular-ball computing; granular ball rough set,2026-08-24T09:54:11.062767+00:00,publisher-metadata+abstract-coded,Full-text/component verification pending unless upgraded in later commits.
P0076,Skeleton Granular Ball Spectral Clustering Method,2026,Lecture Notes in Computer Science,10.1007/978-981-92-2494-4_23,,https://www.semanticscholar.org/paper/8970cafbbcb340aa51904e72a665167ed88852c2,https://doi.org/10.1007/978-981-92-2494-4_23,Hongli Wang; Jusheng Mi; Yanfang Liu,0,,not-available-from-enrichment,,granular ball classifier; granular ball generation; granular ball clustering; granular ball deep learning; granular ball federated learning; granular ball open set; granular ball uncertainty; granular ball calibration; granular ball conformal prediction,2026-08-24T09:54:11.062767+00:00,publisher-metadata-only,Full-text/component verification pending unless upgraded in later commits.
P0077,Neighborhood rough set-based three-way clustering considering attribute correlations: An approach to classification of potential gout groups,2020,Information Sciences,10.1016/j.ins.2020.05.039,,https://www.semanticscholar.org/paper/6e34594c54a13972637e2a7a9dca8c45e8b21923,https://doi.org/10.1016/j.ins.2020.05.039,Xiaoli Chu; Bingzhen Sun; Xue Li; Keyu Han; JiaQi Wu; Yan Zhang; Qingchun Huang,67,,available-and-coded-not-redistributed,,three-way classification rough set,2026-08-24T09:54:11.062767+00:00,publisher-metadata+abstract-coded,Full-text/component verification pending unless upgraded in later commits.
P0078,CS3W-GBG: A Cost-Sensitive Three-Way Granular-Ball Generation Method,2025,IEEE Transactions on Fuzzy Systems,10.1109/tfuzz.2025.3596066,,https://www.semanticscholar.org/paper/545c8d2eb9b3536a996d2fe14712890a8a360a2c,https://doi.org/10.1109/tfuzz.2025.3596066,Jie Yang; Fan Zhao; Guoyin Wang; Witold Pedrycz; Shuyin Xia; Yanmin Liu; Qinghua Zhang,17,,available-and-coded-not-redistributed,,granular ball generation; granular ball three-way decision,2026-08-24T09:54:11.062767+00:00,publisher-metadata+abstract-coded,Full-text/component verification pending unless upgraded in later commits.
P0079,Three-way granular-ball clustering based on density peaks,2025,International Symposium on Artificial Intelligence Innovations (IS-AII 2025),10.1117/12.3074444,,https://www.semanticscholar.org/paper/02c0e6bf477ba07fd02fa6c236397fd7f3784842,https://doi.org/10.1117/12.3074444,Yongqi Wang; Jie Yang; Taihua Xu,1,,available-and-coded-not-redistributed,,granular ball clustering; granular ball three-way decision,2026-08-24T09:54:11.062767+00:00,publisher-metadata+abstract-coded,Full-text/component verification pending unless upgraded in later commits.
P0080,Prediction of hydrological and water quality data based on granular-ball rough set and k-nearest neighbor analysis,2024,PLOS ONE,10.1371/journal.pone.0298664,,https://www.semanticscholar.org/paper/b33937656add8b92c3568d093f1db0e2d3df49ea,https://doi.org/10.1371/journal.pone.0298664,Limei Dong; Xinyu Zuo; Yiping Xiong,8,,available-and-coded-not-redistributed,,granular ball rough set,2026-08-24T09:54:11.062767+00:00,publisher-metadata+abstract-coded,Full-text/component verification pending unless upgraded in later commits.
P0081,A novel mixed-attribute data anomaly detection method based on granular-ball multi-kernel fuzzy rough sets,2025,Neurocomputing,10.1016/j.neucom.2025.131486,,https://www.semanticscholar.org/paper/e0f49333166a041490a438940937ad7e97b2b8ce,https://doi.org/10.1016/j.neucom.2025.131486,Cong Gao; Qiu Wang; Yanping Chen; Qingqi Pei; Zhongmin Wang,7,,not-available-from-enrichment,,granular ball anomaly detection,2026-08-24T09:54:11.062767+00:00,publisher-metadata-only,Full-text/component verification pending unless upgraded in later commits.
P0082,A novel covering rough set model based on granular-ball computing for data with label noise,2025,International Journal of Approximate Reasoning,10.1016/j.ijar.2025.109420,,https://www.semanticscholar.org/paper/840c719f7320684ce48368958f8e37d018e8b32b,https://doi.org/10.1016/j.ijar.2025.109420,Xiaoli Peng; Yuanlin Gong; Xiang Hou; Zhan Tang; Yabin Shao,5,,not-available-from-enrichment,,granular ball rough set,2026-08-24T09:54:11.062767+00:00,publisher-metadata-only,Full-text/component verification pending unless upgraded in later commits.
P0083,Rapid attribute and scale selection with adaptive three-way sampling and neighborhood rough set,2025,Applied Soft Computing,10.1016/j.asoc.2025.113966,,https://www.semanticscholar.org/paper/88a0dbabbda782a40500b3492afdd79ab9761ba5,https://doi.org/10.1016/j.asoc.2025.113966,Shujiao Liao; Nan Zhou; Ling Wei; Weiping Ding; Yidong Lin,2,,not-available-from-enrichment,,three-way classification rough set,2026-08-24T09:54:11.062767+00:00,publisher-metadata-only,Full-text/component verification pending unless upgraded in later commits.
P0084,Comfort Index Reduction Method of High-speed Rail Based on Fisher Score and Granular Ball Rough Set,2023,2023 3rd International Conference on Digital Society and Intelligent Systems (DSInS),10.1109/dsins60115.2023.10455437,,https://www.semanticscholar.org/paper/5d5bd54b9bf8c7c21833e74e75d277a62de0fcd5,https://doi.org/10.1109/dsins60115.2023.10455437,Yuchen Zhao; Haiyong Wang,0,,available-and-coded-not-redistributed,,granular ball rough set,2026-08-24T09:54:11.062767+00:00,publisher-metadata+abstract-coded,Full-text/component verification pending unless upgraded in later commits.
P0085,AGBWTDRS-EM: Multi-criteria decision-making approach using adaptive granular-ball weighted temporal rough set and ensemble learning,2026,Journal of the Operational Research Society,10.1080/01605682.2026.2668095,,https://www.semanticscholar.org/paper/ccdca31329918a1bea019752d09f8eb31700f04b,https://doi.org/10.1080/01605682.2026.2668095,Xixuan Zhao; Bingzhen Sun; Jin Ye; Xiaoli Chu,0,,not-available-from-enrichment,,granular ball rough set,2026-08-24T09:54:11.062767+00:00,publisher-metadata-only,Full-text/component verification pending unless upgraded in later commits.
P0086,Generation of Granular-Balls for Clustering Based on the Principle of Justifiable Granularity,2025,IEEE Transactions on Cybernetics,10.1109/tcyb.2025.3534195,,https://www.semanticscholar.org/paper/7bef306af72f11bc7b8f28d970ce7bc1bdff7ba6,https://doi.org/10.1109/tcyb.2025.3534195,Zihang Jia; Zhen Zhang; Witold Pedrycz,30,,available-and-coded-not-redistributed,,justifiable granularity,2026-08-24T09:54:11.062767+00:00,publisher-metadata+abstract-coded,Full-text/component verification pending unless upgraded in later commits.
P0087,Multi-granularity Knowledge Fusion for Feature Selection Using Granular-ball Entropy Uncertainty Measures,2026,International Journal of Approximate Reasoning,10.1016/j.ijar.2025.109590,,https://www.semanticscholar.org/paper/713c08ff6373a4c49e17018993962b416be24f9c,https://doi.org/10.1016/j.ijar.2025.109590,Kehua Yuan; Yuji Bai; Duoqian Miao; Weiping Ding; Yiyu Yao; Hongyun Zhang; Witold Pedrycz,6,,not-available-from-enrichment,,granular ball feature selection; granular ball uncertainty,2026-08-24T09:54:11.062767+00:00,publisher-metadata-only,Full-text/component verification pending unless upgraded in later commits.
P0088,Multi-Granularity Graph Contrastive Learning Framework via Granular-Ball on Heterogeneous Graphs,2026,IEEE Transactions on Pattern Analysis and Machine Intelligence,10.1109/tpami.2026.3720194,,https://www.semanticscholar.org/paper/41ec7eb18287c50483430d08a957cea2730eb4bb,https://doi.org/10.1109/tpami.2026.3720194,Shuyin Xia; Guan Wang; Cheng Tan; Chao Huang; Sen Zhao; Yi Liu; Yi Wang; Wei Wang; Guoyin Wang; Xinbo Gao,0,,available-and-coded-not-redistributed,,granular ball graph learning; granular ball deep learning,2026-08-24T09:54:11.062767+00:00,publisher-metadata+abstract-coded,Full-text/component verification pending unless upgraded in later commits.
P0089,Tri-Training with Granular-Ball in Weighted Fuzzy Rough Sets,2025,Lecture Notes in Computer Science,10.1007/978-3-031-92747-8_14,,https://www.semanticscholar.org/paper/75689543793dd47de45d5929fb512137ac52abe3,https://doi.org/10.1007/978-3-031-92747-8_14,Gaojie Xu; Xiaoyu Lian,0,,not-available-from-enrichment,,granular ball rough set,2026-08-24T09:54:11.062767+00:00,publisher-metadata-only,Full-text/component verification pending unless upgraded in later commits.
P0090,Relevance-Granular Ball Neighbor Rough Sets Method for Accurate Sepsis Prognosis,2024,,10.2139/ssrn.4992642,,https://doi.org/10.2139/ssrn.4992642,https://doi.org/10.2139/ssrn.4992642,Laquan Li; Ting Wen; Lei Yu; Chunwen Li; Yabin Shao; Yunlong Cheng,0,,not-available-from-enrichment,,granular ball rough set,2026-08-24T09:54:11.062767+00:00,publisher-metadata-only,Full-text/component verification pending unless upgraded in later commits.
P0091,Exploring multi-granularity balance strategy for class incremental learning via three-way granular computing,2025,Brain Informatics,10.1186/s40708-025-00255-0,,https://www.semanticscholar.org/paper/26364db62e9377af511397891e47ce81efec010c,https://doi.org/10.1186/s40708-025-00255-0,Yan Xian; Hong Yu; Ye Wang; Guoyin Wang,0,,available-and-coded-not-redistributed,,incremental granular computing,2026-08-24T09:54:11.062767+00:00,publisher-metadata+abstract-coded,Full-text/component verification pending unless upgraded in later commits.
P0092,Distance metric learning-based multi-granularity neighborhood rough sets for attribute reduction,2024,Applied Soft Computing,10.1016/j.asoc.2024.111656,,https://www.semanticscholar.org/paper/41167c107501ed1030300bc0a3b8224a9931394b,https://doi.org/10.1016/j.asoc.2024.111656,Shaoguo Cui; Gengsen Li; Binbin Sang; Weihua Xu; Hongmei Chen,18,,not-available-from-enrichment,,multi-granularity learning rough set,2026-08-24T09:54:11.062767+00:00,publisher-metadata-only,Full-text/component verification pending unless upgraded in later commits.
P0093,Hybrid Neighborhood Rough Set via Consistency Sample Selection for Multi-granularity Interpretable Modeling,2026,Lecture Notes in Computer Science,10.1007/978-3-032-30228-1_4,,https://doi.org/10.1007/978-3-032-30228-1_4,https://doi.org/10.1007/978-3-032-30228-1_4,Kehua Yuan; Duoqian Miao; Hongyun Zhang; Ruizhi Wang,0,,not-available-from-enrichment,,multi-granularity learning rough set,2026-08-24T09:54:11.062767+00:00,publisher-metadata-only,Full-text/component verification pending unless upgraded in later commits.
P0094,Hierarchical sequential three-way decision model,2022,International Journal of Approximate Reasoning,10.1016/j.ijar.2021.10.004,,https://www.semanticscholar.org/paper/c929ccfffaa22f04c321834a09417c4211f1a1ec,https://doi.org/10.1016/j.ijar.2021.10.004,Jin Qian; DaWei Tang; Ying Yu; XiBei Yang; Shang Gao,25,,available-and-coded-not-redistributed,,three-way decision; sequential three-way decision; three-way decision agent,2026-08-24T09:54:11.062767+00:00,publisher-metadata+abstract-coded,Full-text/component verification pending unless upgraded in later commits.
P0095,Three sequential multi-class three-way decision models,2020,Information Sciences,10.1016/j.ins.2020.05.079,,https://www.semanticscholar.org/paper/9d6ab3471a326c054237a8464921ee351cdaa39c,https://doi.org/10.1016/j.ins.2020.05.079,Yi Xu; Jingxin Tang; Xusheng Wang,24,,available-and-coded-not-redistributed,,three-way decision; sequential three-way decision; three-way decision agent,2026-08-24T09:54:11.062767+00:00,publisher-metadata+abstract-coded,Full-text/component verification pending unless upgraded in later commits.
P0096,An Adaptive Multi-Granularity Graph Representation of Image via Granular-ball Computing,2025,IEEE Transactions on Image Processing,10.1109/tip.2025.3565212,,https://www.semanticscholar.org/paper/2c8d38d1485c12d82f9f4e65e7f3c916797ec9b1,https://doi.org/10.1109/tip.2025.3565212,Dawei Dai; Fan Chen; Shuyin Xia; Long Yang; Guan Wang; Guoyin Wang; Xinbo Gao,14,,available-and-coded-not-redistributed,,granular-ball computing; granular ball graph learning,2026-08-24T09:54:11.062767+00:00,publisher-metadata+abstract-coded,Full-text/component verification pending unless upgraded in later commits.
P0097,Accelerated multi-granularity reduction based on neighborhood rough sets,2022,Applied Intelligence,10.1007/s10489-022-03371-0,,https://www.semanticscholar.org/paper/0caa24cb02d8dfaf74be384b39066bd710a07aea,https://doi.org/10.1007/s10489-022-03371-0,Yizhu Li; Mingjie Cai; Jie Zhou; Qingguo Li,19,,not-available-from-enrichment,,multi-granularity learning rough set,2026-08-24T09:54:11.062767+00:00,publisher-metadata-only,Full-text/component verification pending unless upgraded in later commits.
P0098,Three-Way Approximations Fusion With Granular-Ball Computing to Guide Multigranularity Fuzzy Entropy for Feature Selection,2024,IEEE Transactions on Fuzzy Systems,10.1109/tfuzz.2024.3436086,,https://www.semanticscholar.org/paper/e9528a293da5e5be580679d47ed2d182f60ad812,https://doi.org/10.1109/tfuzz.2024.3436086,Deyou Xia; Guoyin Wang; Qinghua Zhang; Jie Yang; Shuyin Xia,21,,available-and-coded-not-redistributed,,granular ball three-way decision,2026-08-24T09:54:11.062767+00:00,publisher-metadata+abstract-coded,Full-text/component verification pending unless upgraded in later commits.
P0099,A Three-Way Clustering Method Based on Ensemble Strategy and Three-Way Decision,2019,Information,10.3390/info10020059,,https://www.semanticscholar.org/paper/87ea501eee2fbb9aabebdf965492f21b31de5047,https://doi.org/10.3390/info10020059,Pingxin Wang; Qiang Liu; Gang Xu; Kangkang Wang,14,,available-and-coded-not-redistributed,,three-way decision; three-way clustering; three-way decision agent,2026-08-24T09:54:11.062767+00:00,publisher-metadata+abstract-coded,Full-text/component verification pending unless upgraded in later commits.
P0100,3W-GBSVM++: Three-way granular-ball SVM based on granularity optimization mechanism,2026,Applied Soft Computing,10.1016/j.asoc.2026.114593,,https://www.semanticscholar.org/paper/0cbc9c31bd3287f90f62e31ac5650964ddc74d0f,https://doi.org/10.1016/j.asoc.2026.114593,Jie Yang; Rong Huang; Guoyin Wang; Qinghua Zhang; Shuyin Xia; Di Wu,2,,not-available-from-enrichment,,granular ball three-way decision,2026-08-24T09:54:11.062767+00:00,publisher-metadata-only,Full-text/component verification pending unless upgraded in later commits.
P0101,3W-GSOM: A Granular-Ball-Driven Growing Self-Organizing Map for Three-Way Clustering,2026,IEEE Transactions on Fuzzy Systems,10.1109/tfuzz.2026.3706960,,https://www.semanticscholar.org/paper/dd408bcb81d47c36e2daab659455ebb563589e2e,https://doi.org/10.1109/tfuzz.2026.3706960,Yuanhao Sun; Ping Zhu,0,,not-available-from-enrichment,,granular ball three-way decision,2026-08-24T09:54:11.062767+00:00,publisher-metadata-only,Full-text/component verification pending unless upgraded in later commits.
P0102,Three-way role-arbitration outlier detection based on bi-level granular-ball knowledge representation,2026,Knowledge-Based Systems,10.1016/j.knosys.2026.116038,,https://www.semanticscholar.org/paper/526cd9da5d5d15d839e30d9d9ab62fda902b524e,https://doi.org/10.1016/j.knosys.2026.116038,Binbin Sang; Hua Zhang; Lei Yang; Shuyin Xia; Weihua Xu; Tianrui Li; Hongzhi Kuai,0,,not-available-from-enrichment,,granular ball three-way decision,2026-08-24T09:54:11.062767+00:00,publisher-metadata-only,Full-text/component verification pending unless upgraded in later commits.
P0103,Adaptive Three-Way Density Peak Clustering Integrating Natural Neighbor Structure and Granular-Ball Structure,2025,Journal of Physics: Conference Series,10.1088/1742-6596/3108/1/012030,,https://www.semanticscholar.org/paper/85a7f6cb0fea53ef15469a2fec07f9a3e3f554e0,https://doi.org/10.1088/1742-6596/3108/1/012030,Yan Chai; Huan Gou,0,,available-and-coded-not-redistributed,,granular ball three-way decision,2026-08-24T09:54:11.062767+00:00,publisher-metadata+abstract-coded,Full-text/component verification pending unless upgraded in later commits.
P0104,Multi-view Granular-ball Contrastive Clustering,2025,Proceedings of the AAAI Conference on Artificial Intelligence,10.1609/aaai.v39i19.34274,,https://doi.org/10.1609/aaai.v39i19.34274,https://doi.org/10.1609/aaai.v39i19.34274,Peng Su; Shudong Huang; Weihong Ma; Deng Xiong; Jiancheng Lv,12,,available-and-coded-not-redistributed,,granular ball classifier; granular ball generation; granular ball clustering; granular ball open set; granular ball uncertainty; granular ball calibration; granular ball conformal prediction,2026-08-24T09:54:11.062767+00:00,publisher-metadata+abstract-coded,Full-text/component verification pending unless upgraded in later commits.
P0105,Square Superpixel Generation and Representation Learning via Granular-ball Computing,2025,2025 8th International Conference on Computer Information Science and Application Technology (CISAT),10.1109/cisat66811.2025.11181937,,https://www.semanticscholar.org/paper/2167a0f7fd53223c9dd8f805d4e6202e163bb6c6,https://doi.org/10.1109/cisat66811.2025.11181937,Shilin Zhao; Dawei Dai; Guolai Jiang; Fenglin Yu; Chengfang Zhang; Shuyin Xia,1,,available-and-coded-not-redistributed,,granular-ball computing; granular ball generation; granular ball graph learning; granular ball deep learning; granular ball federated learning,2026-08-24T09:54:11.062767+00:00,publisher-metadata+abstract-coded,Full-text/component verification pending unless upgraded in later commits.
P0106,Sequential three-way decision based on multi-granular autoencoder features,2020,Information Sciences,10.1016/j.ins.2019.03.061,,https://www.semanticscholar.org/paper/52b6ef95ebcccc81cc8b487c3ec7f3c5377984a8,https://doi.org/10.1016/j.ins.2019.03.061,Libo Zhang; Huaxiong Li; Xianzhong Zhou; Bing Huang,74,,available-and-coded-not-redistributed,,granular ball three-way decision; sequential three-way decision,2026-08-24T09:54:11.062767+00:00,publisher-metadata+abstract-coded,Full-text/component verification pending unless upgraded in later commits.
P0107,Outlier Detection with Three-Way Granular-Balls,2025,"2025 IEEE 6th International Conference on Computer, Big Data, Artificial Intelligence (ICCBD+AI)",10.1109/iccbdai66607.2025.11388327,,https://www.semanticscholar.org/paper/791e57a43a5bf38add6e31b08fc4b5089419e202,https://doi.org/10.1109/iccbdai66607.2025.11388327,Feng Lu; Jie Yang; Chenglin Zhang,0,,available-and-coded-not-redistributed,,granular ball three-way decision,2026-08-24T09:54:11.062767+00:00,publisher-metadata+abstract-coded,Full-text/component verification pending unless upgraded in later commits.
P0108,Granular Ball Twin Support Vector Machine,2025,IEEE Transactions on Neural Networks and Learning Systems,10.1109/tnnls.2024.3476391,,https://www.semanticscholar.org/paper/60eb1317a28261c2f32941eefff68ab22f183b2c,https://doi.org/10.1109/tnnls.2024.3476391,A. Quadir; M. Sajid; M. Tanveer,23,,available-and-coded-not-redistributed,,granular ball classifier; granular ball generation; granular ball deep learning; granular ball open set; granular ball uncertainty; granular ball calibration; granular ball conformal prediction,2026-08-24T09:54:11.062767+00:00,publisher-metadata+abstract-coded,Full-text/component verification pending unless upgraded in later commits.
P0109,Three-Way Outlier Detection Based on Shadowed Granular-Balls,2026,IEEE Transactions on Fuzzy Systems,10.1109/tfuzz.2025.3625229,,https://www.semanticscholar.org/paper/733e9221442aa8a9ea739c6e5a3dc23950b2e707,https://doi.org/10.1109/tfuzz.2025.3625229,Jie Yang; Feng Lu; Guoyin Wang; Shuyin Xia; Qinghua Zhang; Yi Liu; Yi Wang; Di Wu,13,,available-and-coded-not-redistributed,,shadowed set granular computing,2026-08-24T09:54:11.062767+00:00,publisher-metadata+abstract-coded,Full-text/component verification pending unless upgraded in later commits.
P0110,Adaptive granular-ball based density peak clustering,2025,Neurocomputing,10.1016/j.neucom.2025.131458,,https://www.semanticscholar.org/paper/7d97b0ec04bcf8c51ace73a100b8437f54d66685,https://doi.org/10.1016/j.neucom.2025.131458,Xingguo Zhang; Li Xu; Weikuan Jia,8,,not-available-from-enrichment,,granular ball classifier; granular ball generation; granular ball clustering; granular ball uncertainty; granular ball calibration; granular ball conformal prediction,2026-08-24T09:54:11.062767+00:00,publisher-metadata-only,Full-text/component verification pending unless upgraded in later commits.
P0111,Multi-Granularity Open Intent Classification via Adaptive Granular-Ball Decision Boundary,2025,Proceedings of the AAAI Conference on Artificial Intelligence,10.1609/aaai.v39i23.34630,,https://doi.org/10.1609/aaai.v39i23.34630,https://doi.org/10.1609/aaai.v39i23.34630,Yanhua Li; Xiaocao Ouyang; Chaofan Pan; Jie Zhang; Sen Zhao; Shuyin Xia; Xin Yang; Guoyin Wang; Tianrui Li,5,,available-and-coded-not-redistributed,,granular ball open set,2026-08-24T09:54:11.062767+00:00,publisher-metadata+abstract-coded,Full-text/component verification pending unless upgraded in later commits.
P0112,MOGBC: Multi-objective Driven Granular Ball Clustering,2025,Lecture Notes in Computer Science,10.1007/978-3-031-92747-8_25,,https://www.semanticscholar.org/paper/cc57710f987cd2c44e37fd06311887c01c85360b,https://doi.org/10.1007/978-3-031-92747-8_25,Yongting Ni; Jin Qian; Shaowei Yan; Guangjin Yang,2,,not-available-from-enrichment,,granular ball classifier; granular ball generation; granular ball clustering; granular ball uncertainty; granular ball calibration; granular ball conformal prediction,2026-08-24T09:54:11.062767+00:00,publisher-metadata-only,Full-text/component verification pending unless upgraded in later commits.
P0113,Multi-granularity graph refinement via granular ball for graph classification,2026,Neurocomputing,10.1016/j.neucom.2026.133713,,https://www.semanticscholar.org/paper/f3466ddadd9131b0fbf9d8c9db68f1e5ec497201,https://doi.org/10.1016/j.neucom.2026.133713,Jinyuan Ni; Shuyin Xia; Yifan Guan; Gaojie Xu; Long Chen; Yi Liu; Yi Wang,0,,not-available-from-enrichment,,granular ball graph learning,2026-08-24T09:54:11.062767+00:00,publisher-metadata-only,Full-text/component verification pending unless upgraded in later commits.
P0114,Granular-Ball Based Multi-View Outlier Detection,2026,"ICASSP 2026 - 2026 IEEE International Conference on Acoustics, Speech and Signal Processing (ICASSP)",10.1109/icassp55912.2026.11462415,,https://www.semanticscholar.org/paper/80bedc99e50aa5bf577d376835bdb358f47656ac,https://doi.org/10.1109/icassp55912.2026.11462415,Ning Wang; Zhiguo Hu; Yan Chen; Xinye Wang; Cheng Wang; Liang Du,0,,not-available-from-enrichment,,granular ball classifier; granular ball generation; granular ball anomaly detection; granular ball uncertainty; granular ball calibration; granular ball conformal prediction,2026-08-24T09:54:11.062767+00:00,publisher-metadata-only,Full-text/component verification pending unless upgraded in later commits.
P0115,A Dual-Type Granular Ball Generation Method Based on Multi-Granularity Neighborhood,2026,Frontiers in Artificial Intelligence and Applications,10.3233/faia251647,,https://www.semanticscholar.org/paper/d70ea654ea8170ccfe46d34ce52f418f0999decf,https://doi.org/10.3233/faia251647,Keqi Cheng; Hongwu Qin; Xiuqin Ma; Tao Li,0,,available-and-coded-not-redistributed,,granular ball generation,2026-08-24T09:54:11.062767+00:00,publisher-metadata+abstract-coded,Full-text/component verification pending unless upgraded in later commits.
P0116,The geometry of three-way decision,2021,Applied Intelligence,10.1007/s10489-020-02142-z,,https://www.semanticscholar.org/paper/19ec34d7ce966ea71ecf0633a94469a31cb4e6d2,https://doi.org/10.1007/s10489-020-02142-z,Yiyu Yao,154,,not-available-from-enrichment,,three-way decision; three-way decision agent,2026-08-24T09:54:11.062767+00:00,publisher-metadata-only,Full-text/component verification pending unless upgraded in later commits.
P0117,Three-way k-means: integrating k-means and three-way decision,2019,International Journal of Machine Learning and Cybernetics,10.1007/s13042-018-0901-y,,https://www.semanticscholar.org/paper/3124de227d2c31a551fd1fa2bd8975363ec60cfe,https://doi.org/10.1007/s13042-018-0901-y,Pingxin Wang; Hong Shi; Xibei Yang; Jusheng Mi,99,,not-available-from-enrichment,,three-way decision; three-way decision agent,2026-08-24T09:54:11.062767+00:00,publisher-metadata-only,Full-text/component verification pending unless upgraded in later commits.
P0118,Set-theoretic models of three-way decision,2020,Granular Computing,10.1007/s41066-020-00211-9,,https://www.semanticscholar.org/paper/34dd7079254214e51ea5aa435bd59e952bf99f5a,https://doi.org/10.1007/s41066-020-00211-9,Yiyu Yao,0,,not-available-from-enrichment,,three-way decision; three-way decision agent,2026-08-24T09:54:11.062767+00:00,publisher-metadata-only,Full-text/component verification pending unless upgraded in later commits.
P0119,Three-way decision on information tables,2021,Information Sciences,10.1016/j.ins.2020.07.064,,https://www.semanticscholar.org/paper/6e171df30dc2f5484c3eb23912842a04b7786c79,https://doi.org/10.1016/j.ins.2020.07.064,Xiaonan Li; Xuan Wang; Bingzhen Sun; Yanhong She; Lu Zhao,36,,available-and-coded-not-redistributed,,three-way decision; three-way decision agent,2026-08-24T09:54:11.062767+00:00,publisher-metadata+abstract-coded,Full-text/component verification pending unless upgraded in later commits.
P0120,Three-way decision on two universes,2020,Information Sciences,10.1016/j.ins.2019.12.020,,https://www.semanticscholar.org/paper/d094f9a2d402ac76453dc2fe6049c02234f2ceb0,https://doi.org/10.1016/j.ins.2019.12.020,Xiaonan Li; Qianqian Sun; Hongmei Chen; Huangjian Yi,33,,available-and-coded-not-redistributed,,three-way decision; three-way decision agent,2026-08-24T09:54:11.062767+00:00,publisher-metadata+abstract-coded,Full-text/component verification pending unless upgraded in later commits.
P0121,Three-way decisions based on hesitant sets over three-way decision spaces,2023,Information Sciences,10.1016/j.ins.2023.119365,,https://www.semanticscholar.org/paper/fb9bcf4c3f24c4343236a1175d108fc72417fdee,https://doi.org/10.1016/j.ins.2023.119365,Chengyong Jin; Bao Qing Hu,16,,not-available-from-enrichment,,three-way decision; three-way decision agent,2026-08-24T09:54:11.062767+00:00,publisher-metadata-only,Full-text/component verification pending unless upgraded in later commits.
P0122,Three-way decisions based on bipolar-valued fuzzy sets over three-way decision spaces,2024,Information Sciences,10.1016/j.ins.2023.119912,,https://www.semanticscholar.org/paper/6481d71f2808140c5b30c2eca2fc1cd5bddf5e29,https://doi.org/10.1016/j.ins.2023.119912,Bao Qing Hu,13,,not-available-from-enrichment,,three-way decision; three-way decision agent,2026-08-24T09:54:11.062767+00:00,publisher-metadata-only,Full-text/component verification pending unless upgraded in later commits.
P0123,Three-way decision oriented rational behavior multi-attribute decision-making,2026,Information Fusion,10.1016/j.inffus.2025.103538,,https://www.semanticscholar.org/paper/5353d8efee3173434b78f37848a6193195bce51a,https://doi.org/10.1016/j.inffus.2025.103538,Tingquan Deng; Wenjie Wang; Chaoyue Wang; Jianming Zhan,10,,not-available-from-enrichment,,three-way decision; three-way decision agent,2026-08-24T09:54:11.062767+00:00,publisher-metadata-only,Full-text/component verification pending unless upgraded in later commits.
P0124,Explainable multi-criteria decision-making: A three-way decision perspective,2025,International Journal of Approximate Reasoning,10.1016/j.ijar.2025.109528,,https://www.semanticscholar.org/paper/b028749ef2111941fcc9d7cc9230dd6fa753d4e1,https://doi.org/10.1016/j.ijar.2025.109528,Chengjun Shi; Yiyu Yao,13,,not-available-from-enrichment,,three-way decision; three-way decision agent,2026-08-24T09:54:11.062767+00:00,publisher-metadata-only,Full-text/component verification pending unless upgraded in later commits.
P0125,Novel transformation methods from semi-three-way decision spaces to three-way decision spaces and their applications,2024,Information Sciences,10.1016/j.ins.2023.119962,,https://www.semanticscholar.org/paper/7ee3fb6b6a400ccc6e37188f69315d92576e307d,https://doi.org/10.1016/j.ins.2023.119962,Yiding Wang; Junsheng Qiao; Tengbiao Li,8,,not-available-from-enrichment,,three-way decision; three-way decision agent,2026-08-24T09:54:11.062767+00:00,publisher-metadata-only,Full-text/component verification pending unless upgraded in later commits.
P0126,"Three-way Decision, Three-World Conception, and Explainable AI",2022,Lecture Notes in Computer Science,10.1007/978-3-031-21244-4_4,,https://www.semanticscholar.org/paper/7a22c02b7fa4ac6da8475941dba399cb1339168b,https://doi.org/10.1007/978-3-031-21244-4_4,Yiyu Yao,4,,not-available-from-enrichment,,three-way decision; three-way decision agent,2026-08-24T09:54:11.062767+00:00,publisher-metadata-only,Full-text/component verification pending unless upgraded in later commits.
P0127,A three-way decision method with changing decision attributes,2025,Intelligent Data Analysis: An International Journal,10.1177/1088467x251330981,,https://www.semanticscholar.org/paper/24ddaa02272c33bbc3148083e3d9685da350897b,https://doi.org/10.1177/1088467x251330981,Huan-huan Zhao; Qin Jiang; Yong Liu; Zhi-ying Han,1,,available-and-coded-not-redistributed,,three-way decision; three-way decision agent,2026-08-24T09:54:11.062767+00:00,publisher-metadata+abstract-coded,Full-text/component verification pending unless upgraded in later commits.
P0128,Intuitionistic Fuzzy Three-Way Decision,2023,Studies in Fuzziness and Soft Computing,10.1007/978-3-031-45501-8_2,,https://doi.org/10.1007/978-3-031-45501-8_2,https://doi.org/10.1007/978-3-031-45501-8_2,Decui Liang; Zeshui Xu,0,,not-available-from-enrichment,,three-way decision; three-way decision agent,2026-08-24T09:54:11.062767+00:00,publisher-metadata-only,Full-text/component verification pending unless upgraded in later commits.
P0129,Hesitant Fuzzy Three-Way Decision,2023,Studies in Fuzziness and Soft Computing,10.1007/978-3-031-45501-8_4,,https://doi.org/10.1007/978-3-031-45501-8_4,https://doi.org/10.1007/978-3-031-45501-8_4,Decui Liang; Zeshui Xu,0,,not-available-from-enrichment,,three-way decision; three-way decision agent,2026-08-24T09:54:11.062767+00:00,publisher-metadata-only,Full-text/component verification pending unless upgraded in later commits.
P0130,Three-way Learnability: A Learning Theoretic Perspective on Three-way Decision,2022,Annals of Computer Science and Information Systems,10.15439/2022f18,,https://www.semanticscholar.org/paper/49e2f294052f914ee14b8e97db9acc548bd0e045,https://doi.org/10.15439/2022f18,Andrea Campagner; Davide Ciucci,1,,available-and-coded-not-redistributed,,three-way decision; three-way decision agent,2026-08-24T09:54:11.062767+00:00,publisher-metadata+abstract-coded,Full-text/component verification pending unless upgraded in later commits.
P0131,Cognitive and Social Decision Making: Three-Way Decision Perspectives,2023,Lecture Notes in Computer Science,10.1007/978-3-031-50959-9_18,,https://www.semanticscholar.org/paper/821b18c77151622018c533ef441734f1b9a08288,https://doi.org/10.1007/978-3-031-50959-9_18,Yiyu Yao; JingTao Yao,0,,not-available-from-enrichment,,three-way decision; three-way decision agent,2026-08-24T09:54:11.062767+00:00,publisher-metadata-only,Full-text/component verification pending unless upgraded in later commits.
P0132,Item-Based Three-Way Decision Recommendation System,2022,Computer Science and Application,10.12677/csa.2022.121020,,https://www.semanticscholar.org/paper/4f844df399177e10c4a2a61638459d70a4807a26,https://doi.org/10.12677/csa.2022.121020,文丹 熊,0,,not-available-from-enrichment,,three-way decision; three-way decision agent,2026-08-24T09:54:11.062767+00:00,publisher-metadata-only,Full-text/component verification pending unless upgraded in later commits.
P0133,A novel granular-ball streaming feature selection,2025,International Symposium on Artificial Intelligence Innovations (IS-AII 2025),10.1117/12.3074287,,https://www.semanticscholar.org/paper/e8d11e1ea33189cb7c52b7de2bc39a9bf0e0ac65,https://doi.org/10.1117/12.3074287,shaokun Jia; jie Yang; yanmin Liu,0,,available-and-coded-not-redistributed,,granular ball classifier; granular ball feature selection; granular ball uncertainty; granular ball calibration; granular ball conformal prediction,2026-08-24T09:54:11.062767+00:00,publisher-metadata+abstract-coded,Full-text/component verification pending unless upgraded in later commits.
P0134,Granular-Ball Subspace-Based Fuzzy Neighborhood Anomaly Detector,2026,IEEE Transactions on Fuzzy Systems,10.1109/tfuzz.2026.3670429,,https://www.semanticscholar.org/paper/ab1ec610a0581c075d957728d67ddf86ff559fa5,https://doi.org/10.1109/tfuzz.2026.3670429,Shihao Wang; Xinyu Su; Dezhong Peng; Xi Peng; Hongmei Chen; Yingke Chen; Zhong Yuan,0,,available-and-coded-not-redistributed,,granular ball classifier; granular ball neighborhood rough set; granular ball anomaly detection; granular ball uncertainty; granular ball calibration,2026-08-24T09:54:11.062767+00:00,publisher-metadata+abstract-coded,Full-text/component verification pending unless upgraded in later commits.
P0135,A multilevel neighborhood sequential decision approach of three-way granular computing,2020,Information Sciences,10.1016/j.ins.2020.05.060,,https://www.semanticscholar.org/paper/94ab3340e1f39922325afaf50e3ac0cd239ed8a1,https://doi.org/10.1016/j.ins.2020.05.060,Xin Yang; Tianrui Li; Dun Liu; Hamido Fujita,60,,available-and-coded-not-redistributed,,granular ball three-way decision; sequential three-way decision,2026-08-24T09:54:11.062767+00:00,publisher-metadata+abstract-coded,Full-text/component verification pending unless upgraded in later commits.
P0136,Multigranulation rough set model based on granulation of attributes and granulation of attribute values,2019,Information Sciences,10.1016/j.ins.2019.01.042,,https://www.semanticscholar.org/paper/c3c25df639fbf9cc2fe6ba8c0c932d4038bb0b8a,https://doi.org/10.1016/j.ins.2019.01.042,Yi Xu,8,,available-and-coded-not-redistributed,,multigranulation rough set; adaptive granulation rough set; dynamic granulation rough set,2026-08-24T09:54:11.062767+00:00,publisher-metadata+abstract-coded,Full-text/component verification pending unless upgraded in later commits.
P0137,Local Weighted Generalized Multigranulation Neighborhood Rough Set,2021,2021 International Conference on Wavelet Analysis and Pattern Recognition (ICWAPR),10.1109/icwapr54887.2021.9736185,,https://www.semanticscholar.org/paper/8b5954b180e54c5b24d5ac9229616241566c3598,https://doi.org/10.1109/icwapr54887.2021.9736185,Yanting Guo; Eric C.C. Tsang; Meng Hu,1,,available-and-coded-not-redistributed,,granular ball neighborhood rough set; neighborhood rough set; multigranulation rough set,2026-08-24T09:54:11.062767+00:00,publisher-metadata+abstract-coded,Full-text/component verification pending unless upgraded in later commits.
P0138,Quick Neighborhood Rough Set for Hierarchical Classification,2025,Lecture Notes in Computer Science,10.1007/978-3-031-92744-7_4,,https://www.semanticscholar.org/paper/c80a682af8f869c18958bded4a60ccdcb217e5d8,https://doi.org/10.1007/978-3-031-92744-7_4,Danyu Xiao; Shuai Li; Wenhuang Li; Xingxia Pan; Zhifen He,0,,not-available-from-enrichment,,granular ball neighborhood rough set; three-way classification rough set; neighborhood rough set,2026-08-24T09:54:11.062767+00:00,publisher-metadata-only,Full-text/component verification pending unless upgraded in later commits.
P0139,Weighted Multi-granulation Containment Neighborhood Rough Set Model,2022,2022 IEEE/WIC/ACM International Joint Conference on Web Intelligence and Intelligent Agent Technology (WI-IAT),10.1109/wi-iat55865.2022.00134,,https://www.semanticscholar.org/paper/a2ba146286c9f2910283e08c48b541a4490dbdc3,https://doi.org/10.1109/wi-iat55865.2022.00134,Zhiqiang Wang; Tingting Zheng; Qing Li; Xin Sun,0,,available-and-coded-not-redistributed,,neighborhood rough set; adaptive granulation rough set; dynamic granulation rough set,2026-08-24T09:54:11.062767+00:00,publisher-metadata+abstract-coded,Full-text/component verification pending unless upgraded in later commits.
P0140,Granular rough sets and granular shadowed sets: Three-way approximations in Pawlak approximation spaces,2022,International Journal of Approximate Reasoning,10.1016/j.ijar.2021.11.012,,https://www.semanticscholar.org/paper/d06901d384de25caa3903be2375faa6e3c61fe28,https://doi.org/10.1016/j.ijar.2021.11.012,Yiyu Yao; Jilin Yang,33,,not-available-from-enrichment,,shadowed set granular computing,2026-08-24T09:54:11.062767+00:00,publisher-metadata-only,Full-text/component verification pending unless upgraded in later commits.
P0141,A Sequential Three-Way Decision Model With Intuitionistic Fuzzy Numbers,2021,"IEEE Transactions on Systems, Man, and Cybernetics: Systems",10.1109/tsmc.2019.2908518,,https://www.semanticscholar.org/paper/f32bee2b57a1bb9f756923fcd819794cb6b7b880,https://doi.org/10.1109/tsmc.2019.2908518,Qinghua Zhang; Chenchen Yang; Guoyin Wang,66,,available-and-coded-not-redistributed,,sequential three-way decision,2026-08-24T09:54:11.062767+00:00,publisher-metadata+abstract-coded,Full-text/component verification pending unless upgraded in later commits.
P0142,Mixed data-driven sequential three-way decision via subjective–objective dynamic fusion,2022,Knowledge-Based Systems,10.1016/j.knosys.2021.107728,,https://www.semanticscholar.org/paper/45cb8444149d9873b050871aa84cfa34bf10b50d,https://doi.org/10.1016/j.knosys.2021.107728,Xin Yang; Yang Chen; Hamido Fujita; Dun Liu; Tianrui Li,48,,not-available-from-enrichment,,sequential three-way decision,2026-08-24T09:54:11.062767+00:00,publisher-metadata-only,Full-text/component verification pending unless upgraded in later commits.
P0143,Generalized multigranulation sequential three-way decision models for hierarchical classification,2022,Information Sciences,10.1016/j.ins.2022.10.014,,https://www.semanticscholar.org/paper/53dcc8f86be7c41c23fef6267334f969258066aa,https://doi.org/10.1016/j.ins.2022.10.014,Jin Qian; Chengxin Hong; Ying Yu; Caihui Liu; Duoqian Miao,30,,available-and-coded-not-redistributed,,sequential three-way decision,2026-08-24T09:54:11.062767+00:00,publisher-metadata+abstract-coded,Full-text/component verification pending unless upgraded in later commits.
P0144,A novel sequential three-way decision model with autonomous error correction,2021,Knowledge-Based Systems,10.1016/j.knosys.2020.106526,,https://www.semanticscholar.org/paper/67c91c3417df008b3876465e22ed222dcd9dc1bd,https://doi.org/10.1016/j.knosys.2020.106526,Qinghua Zhang; Zhikang Huang; Guoyin Wang,31,,available-and-coded-not-redistributed,,sequential three-way decision,2026-08-24T09:54:11.062767+00:00,publisher-metadata+abstract-coded,Full-text/component verification pending unless upgraded in later commits.
P0145,Cost-sensitive sequential three-way decision for information system with fuzzy decision,2022,International Journal of Approximate Reasoning,10.1016/j.ijar.2022.07.006,,https://www.semanticscholar.org/paper/90571ca84fcbd3d9923dfbb60fc63a172847b331,https://doi.org/10.1016/j.ijar.2022.07.006,Wenbin Qian; Yangyang Zhou; Jin Qian; Yinglong Wang,21,,not-available-from-enrichment,,sequential three-way decision,2026-08-24T09:54:11.062767+00:00,publisher-metadata-only,Full-text/component verification pending unless upgraded in later commits.
P0146,A TOPSIS method based on sequential three-way decision,2023,Applied Intelligence,10.1007/s10489-023-05183-2,,https://www.semanticscholar.org/paper/751e3527c0bb29ba4e47f62d0672a82956f43aea,https://doi.org/10.1007/s10489-023-05183-2,Jin Qian; Taotao Wang; Haoying Jiang; Ying Yu; Duoqian Miao,12,,not-available-from-enrichment,,sequential three-way decision,2026-08-24T09:54:11.062767+00:00,publisher-metadata-only,Full-text/component verification pending unless upgraded in later commits.
P0147,Sequential three-way decision with automatic threshold learning for credit risk prediction,2024,Applied Soft Computing,10.1016/j.asoc.2024.112127,,https://www.semanticscholar.org/paper/da9f3952a182198fe479c56e2002c47cf4a6d647,https://doi.org/10.1016/j.asoc.2024.112127,Yusheng Li; Feng Gao; Mengyi Sha; Xueyan Shao,12,,not-available-from-enrichment,,sequential three-way decision,2026-08-24T09:54:11.062767+00:00,publisher-metadata-only,Full-text/component verification pending unless upgraded in later commits.
P0148,A Novel Sequential Three-Way Decision Model for Medical Diagnosis,2022,Symmetry,10.3390/sym14051004,,https://www.semanticscholar.org/paper/c3b60e363e52c867a89d41e1b98ab691e8e7f742,https://doi.org/10.3390/sym14051004,Junhua Hu; Wanying Cao; Pei Liang,9,,available-and-coded-not-redistributed,,sequential three-way decision,2026-08-24T09:54:11.062767+00:00,publisher-metadata+abstract-coded,Full-text/component verification pending unless upgraded in later commits.
P0149,Incremental sequential three-way decision based on continual learning network,2021,International Journal of Machine Learning and Cybernetics,10.1007/s13042-021-01472-9,,https://www.semanticscholar.org/paper/992468830e2416ed1bcb088b8e6ea81f2c6da3af,https://doi.org/10.1007/s13042-021-01472-9,Hongyuan Li; Hong Yu; Fan Min; Dun Liu; Huaxiong Li,11,,not-available-from-enrichment,,sequential three-way decision,2026-08-24T09:54:11.062767+00:00,publisher-metadata-only,Full-text/component verification pending unless upgraded in later commits.
P0150,A novel attribute reduction algorithm based on granular sequential three-way decision,2025,Information Sciences,10.1016/j.ins.2024.121691,,https://www.semanticscholar.org/paper/25ba0db7e2a54528a7c1f8859490c38f627ab0b7,https://doi.org/10.1016/j.ins.2024.121691,Yuliang Chen; Yunlong Cheng; Binbin Luo; Yabin Shao; Mingfu Zhao; Qinghua Zhang,6,,not-available-from-enrichment,,granular ball three-way decision,2026-08-24T09:54:11.062767+00:00,publisher-metadata-only,Full-text/component verification pending unless upgraded in later commits.
P0151,Green Supplier Selection Based on Sequential Group Three-Way Decision Making,2023,Mathematics,10.3390/math11224605,,https://www.semanticscholar.org/paper/972cb3b6691d6915db719ad576d04be822723f8e,https://doi.org/10.3390/math11224605,Jiekun Song; Xueli Leng; Zhicheng Liu,7,,available-and-coded-not-redistributed,,sequential three-way decision,2026-08-24T09:54:11.062767+00:00,publisher-metadata+abstract-coded,Full-text/component verification pending unless upgraded in later commits.
P0152,Optimal scale generation in two-class dominance decision tables with sequential three-way decision,2023,Information Sciences,10.1016/j.ins.2022.12.097,,https://www.semanticscholar.org/paper/f63867741d75db0dbd494fa37871690308455d69,https://doi.org/10.1016/j.ins.2022.12.097,Xuanqian Chen; Bing Huang; Tianxing Wang,8,,not-available-from-enrichment,,sequential three-way decision,2026-08-24T09:54:11.062767+00:00,publisher-metadata-only,Full-text/component verification pending unless upgraded in later commits.
P0153,A sequential three-way decision model based on hesitant fuzzy sets,2021,Journal of Intelligent &amp; Fuzzy Systems: Applications in Engineering and Technology,10.3233/jifs-201524,,https://www.semanticscholar.org/paper/774cea445525560b075d6ffaa9f6d3b9f5549582,https://doi.org/10.3233/jifs-201524,Mo Zhang; Qinghua Zhang; Man Gao,9,,available-and-coded-not-redistributed,,sequential three-way decision,2026-08-24T09:54:11.062767+00:00,publisher-metadata+abstract-coded,Full-text/component verification pending unless upgraded in later commits.
P0154,Granular Description of Uncertain Data for Classification Rules in Three-Way Decision,2022,Applied Sciences,10.3390/app122211381,,https://www.semanticscholar.org/paper/76b2cc0124885a8b6293164f02dd20b71466192f,https://doi.org/10.3390/app122211381,Xinhui Zhang; Tinghui Ouyang,1,,available-and-coded-not-redistributed,,granular ball three-way decision,2026-08-24T09:54:11.062767+00:00,publisher-metadata+abstract-coded,Full-text/component verification pending unless upgraded in later commits.
P0155,Intuitionistic Fuzzy Sequential Three-Way Decision Model in Incomplete Information Systems,2024,Symmetry,10.3390/sym16091244,,https://www.semanticscholar.org/paper/15d574460c5beae63cef7eda24cc58a5c7712838,https://doi.org/10.3390/sym16091244,Jie Shi; Qiupeng Liu; Chunlei Shi; Mingming Lv; Wenli Pang,3,,available-and-coded-not-redistributed,,sequential three-way decision,2026-08-24T09:54:11.062767+00:00,publisher-metadata+abstract-coded,Full-text/component verification pending unless upgraded in later commits.
P0156,Incremental Sequential Three-Way Decision Using a Deep Stacked Autoencoder,2019,Lecture Notes in Computer Science,10.1007/978-3-030-22815-6_32,,https://www.semanticscholar.org/paper/49a7d3071b136cf602dcbc0f7cead80c790c4d43,https://doi.org/10.1007/978-3-030-22815-6_32,Hong Chen; Huaxiong Li; Bing Huang; Xiuyi Jia; Xianzhong Zhou,0,,not-available-from-enrichment,,sequential three-way decision,2026-08-24T09:54:11.062767+00:00,publisher-metadata-only,Full-text/component verification pending unless upgraded in later commits.
P0157,A sequential three-way decision model based on linguistic Z-numbers,2025,PLOS One,10.1371/journal.pone.0320350,,https://www.semanticscholar.org/paper/d0abbc7fa45926585f6e5c250d09e1f8b57ff7d2,https://doi.org/10.1371/journal.pone.0320350,Yi Mao; Yaning Xu; Yuezhong Fan,2,,available-and-coded-not-redistributed,,sequential three-way decision,2026-08-24T09:54:11.062767+00:00,publisher-metadata+abstract-coded,Full-text/component verification pending unless upgraded in later commits.
P0158,Threshold Selection Strategy for Sequential Three-Way Decision Model,2025,International Journal of Software Engineering and Knowledge Engineering,10.1142/s0218194025500895,,https://www.semanticscholar.org/paper/05df0c7d0f3031838272531811701ca284abb135,https://doi.org/10.1142/s0218194025500895,Qinrong Feng; Xiao Guo; Wenqi Wang,0,,available-and-coded-not-redistributed,,sequential three-way decision,2026-08-24T09:54:11.062767+00:00,publisher-metadata+abstract-coded,Full-text/component verification pending unless upgraded in later commits.
P0159,A cost-sensitive sequential multi-class three-way decision model,2026,International Journal of Machine Learning and Cybernetics,10.1007/s13042-025-02839-y,,https://www.semanticscholar.org/paper/842659c0ccada377731d829e6c476fea0db256c0,https://doi.org/10.1007/s13042-025-02839-y,Jun Hu; Hongguang Xia,0,,not-available-from-enrichment,,sequential three-way decision,2026-08-24T09:54:11.062767+00:00,publisher-metadata-only,Full-text/component verification pending unless upgraded in later commits.
P0160,A Sequential Three-Way Decision Model Based on Uncertainty Measurement,2025,Lecture Notes in Computer Science,10.1007/978-3-031-92741-6_11,,https://www.semanticscholar.org/paper/19f18187c7eb6c9042d7a5a876eb2798f267023c,https://doi.org/10.1007/978-3-031-92741-6_11,Hongguang Xia; Jun Hu,0,,not-available-from-enrichment,,sequential three-way decision,2026-08-24T09:54:11.062767+00:00,publisher-metadata-only,Full-text/component verification pending unless upgraded in later commits.
P0161,A Boundary-Aware Non-parametric Granular-Ball Classifier Based on Minimum Description Length,2026,arXiv,10.48550/arxiv.2605.11406,,https://arxiv.org/abs/2605.11406,https://doi.org/10.48550/arXiv.2605.11406,Zeqiang Xian; Caihui Liu; Yong Zhang; Wenjing Qiu; Duoqian Miao; Witold Pedrycz,0,,available-and-coded-not-redistributed,,granular ball minimum description length; boundary-aware granular ball,2026-08-24T11:00:00+00:00,primary-preprint-abstract-coded,Manually added after novelty collision search; full paper verification pending.
P0162,Minimum Description Length based Granular-Ball Tree Regularization for Spectral Clustering,2026,arXiv,10.48550/arxiv.2605.22410,,https://arxiv.org/abs/2605.22410,https://doi.org/10.48550/arXiv.2605.22410,Zeqiang Xian; Caihui Liu; Yong Zhang; Wenjing Qiu,0,,available-and-coded-not-redistributed,,granular ball minimum description length; granular-ball tree,2026-08-24T11:00:00+00:00,primary-preprint-abstract-coded,Manually added after novelty collision search; full paper verification pending.
