paper_id,year,venue,status,title,problem,granular_ball_role,privacy_security_role,three_way_role,baselines,main_contribution,overlap,unresolved,primary_source
PS001,2025,arXiv,Preprint,"A New Perspective on Privacy Protection in Federated Learning with Granular-Ball Computing",Federated image classification,Image pixels are coarsened into granular rectangles and reconstructed as graphs,"Empirical resistance to gradient reconstruction; supplementary membership inference is mentioned; no DP or cryptographic guarantee",None,"CNN federated learning; DP; LotteryFL; GNN variants",Input coarsening for a privacy-efficiency-utility tradeoff,High for empirical GB privacy but not tabular summaries,"No systematic tabular summary leakage study; no attribute inference; GB-specificity against matched non-GB partitions is unclear",https://arxiv.org/abs/2501.04940
PS002,2026,Neural Networks,Published,"Federated open intent classification via granular-ball knowledge representation",Federated open intent classification,Clients upload local granular-ball knowledge and models,Privacy is primarily decentralization/data non-transmission rather than a measured privacy guarantee,None,Federated open-intent baselines,Granular-ball knowledge aggregation for known/unknown intent structure,Medium for summary transmission and compression,"Leakage from uploaded centers/scopes is not systematically attacked; no DP or cryptographic claim",https://www.sciencedirect.com/science/article/pii/S0893608026002790
PS003,2023,Lecture Notes in Computer Science,Published,"Granular-Ball Three-Way Decision",Efficient robust three-way decision,Granular balls form equivalence classes,None,Core mechanism,State-of-the-art 3WD methods,GB3WD and sequential GB3WD,Medium for three-branch policies but not security,"Security/auditing settings are not studied; the generation described in the paper uses k-means",https://doi.org/10.1007/978-3-031-50959-9_20
PS004,2026,Information Sciences,Accepted/In press,"Boundary-driven granular ball generation and classification via three-way decision",Classification and boundary construction,Boundary-driven bottom-up granular-ball generation,None,Core generation mechanism,Representative GB classifiers,Three-way boundary regions guide ball generation,Low for privacy and auditing,"No privacy threat model; useful only as a mechanism collision for GB plus 3WD",https://doi.org/10.1016/j.ins.2026.123780
PS005,2025,Applied Soft Computing,Published,"Federated learning with three-way decisions for privacy-preserving multicloud resource scheduling",Multicloud resource scheduling,None,Federated learning and stated differential-privacy bounds,Core scheduling mechanism,Federated and cloud scheduling baselines,Federated 3WD scheduling under privacy constraints,Adjacent collision for cloud plus 3WD,"Not storage integrity/public auditing; no granular-ball mechanism",https://doi.org/10.1016/j.asoc.2025.113634
PS006,2022,Computers and Electrical Engineering,Published,"A privacy enhancing model for Internet of Things using three-way decisions and differential privacy",IoT attribute privacy,None,Differential privacy after automatic attribute triage,Core privacy triage mechanism,Manual attribute division,Three-way attribute division before DP,High adjacent collision for 3WD plus DP,"Not granular-ball; privacy accounting and sensitivity assumptions require full-text audit",https://doi.org/10.1016/j.compeleceng.2022.107894
PS007,2023,Information Sciences,Published,"VPGB: A granular-ball based model for attribute reduction and classification with label noise",Feature selection under label noise,Fixed and adaptive granular balls,None,None,Neighborhood rough-set and classifier baselines,Robust attribute reduction and classification,Adjacent collision for GB attribute reduction,"No privacy preservation or inference attack; robustness must not be relabeled privacy",https://doi.org/10.1016/j.ins.2022.08.066
PS008,2021,ICML,Published,"Privacy-Preserving Feature Selection with Secure Multiparty Computation",Distributed feature selection,None,Formal secure multiparty computation,None,Plaintext feature selection,Secure Gini-based feature scoring,Adjacent cryptographic baseline outside 2022-2026 core window,"Shows that non-GB formal privacy baselines exist and may be computationally heavier",https://proceedings.mlr.press/v139/li21c.html
PS009,2023,IACR ePrint,Preprint / published-elsewhere noted,"Privacy Preserving Feature Selection for Sparse Linear Regression",Sparse feature selection,None,Homomorphic encryption with a semi-honest security proof,None,Non-private sparse regression,Secure L0-constrained sparse regression,Adjacent cryptographic baseline,"Not rough/fuzzy/GB; establishes the bar for claiming cryptographic privacy",https://eprint.iacr.org/2023/1354
