experiment_id,dataset,seed,method,n_groups,purity_threshold,variant,attribute_accuracy,attribute_auc,attribute_macro_f1,ball_size_attack_spearman,compression_ratio,distribution_wasserstein,membership_accuracy,membership_pr_auc,membership_roc_auc,purity_attack_spearman,radius_attack_spearman,reconstruction_mse,reconstruction_nn_distance,utility_accuracy,utility_macro_f1
privacy-anti-gb-v1-adult-s1,adult,1,granular_ball,218,0.8,R8_center_radius_count_purity,0.675,0.5837584045584046,0.585340180536506,-0.04724744888007407,0.218,0.07302246002886684,0.545,0.6711210586814247,0.6672100000000001,-0.021318079587458533,-0.038481130057844946,0.05854900392679682,2.113781951684783,0.814,0.700262995049505
privacy-anti-gb-v1-adult-s1,adult,1,hierarchical,218,0.8,matched_full,0.966,0.9648159544159542,0.961436556329849,-0.18793322585546315,0.218,0.02674263281324267,0.559,0.774646078196968,0.8079464999999999,-0.05273410698364636,-0.21443725086632257,0.020733437957079576,1.3411233545814012,0.799,0.7225194132873167
privacy-anti-gb-v1-adult-s1,adult,1,hierarchical_average,218,0.8,matched_full,0.912,0.9097686609686609,0.9000322623153436,-0.5525671293122886,0.218,0.03327786356446315,0.5415,0.6941404857816849,0.684542,0.3668172632366028,-0.5705228471652056,0.024685638112128372,1.4231753289329585,0.806,0.7024083448381654
privacy-anti-gb-v1-adult-s1,adult,1,hierarchical_complete,218,0.8,matched_full,0.943,0.9479361823361824,0.9354998591181134,-0.33685108501629996,0.218,0.02925030492142899,0.519,0.7007145737018822,0.6857949999999999,0.23497965484579053,-0.3380781519931551,0.022204297498129476,1.3864880711515661,0.814,0.713641738102276
privacy-anti-gb-v1-adult-s1,adult,1,kmeans,218,0.8,R4_center_radius_count,0.951,0.94714301994302,0.9444665444930646,-0.4410552488572567,0.218,0.028342586853605554,0.5235,0.7222389359240404,0.704785,0.23927841315043644,-0.4297092101685013,0.022422496631805802,1.3601055232743338,0.803,0.7188890839066141
privacy-anti-gb-v1-adult-s1,adult,1,kmeans_tuned,218,0.8,matched_full,0.944,0.9448000000000001,0.9371563236449332,-0.6226014237321573,0.218,0.027664933686780066,0.5235,0.7541011410596781,0.7738380000000001,0.279064170450579,-0.6049660533194521,0.02235509010656849,1.3572706345395062,0.798,0.696658437400513
privacy-anti-gb-v1-adult-s1,adult,1,knn_local_prototypes,218,0.8,matched_full,0.911,0.9184,0.8980002315050926,-0.5276879298564398,0.218,0.03184417149331812,0.5305,0.6861113796609302,0.6861849999999999,0.2863986689936084,-0.49957051153617954,0.02518119390358388,1.4544857210735944,0.786,0.6681059083351943
privacy-anti-gb-v1-adult-s1,adult,1,oracle_supervised,218,0.8,matched_full,0.933,0.9217618233618233,0.9241840449283086,-0.3691735707426626,0.218,0.029966722187517256,0.52,0.7350995340922674,0.760271,,-0.39018467368322146,0.023792516193042665,1.4120205653030653,0.769,0.6932234249811751
privacy-anti-gb-v1-adult-s1,adult,1,random,218,0.8,matched_full,0.699,0.7233071225071225,0.6804396131726826,-0.5183190423733917,0.218,0.13485508957383283,0.5105,0.524285956424848,0.521267,-0.0006464844888608939,0.29005282504803126,0.2213511840068526,4.512875893759082,0.751,0.46186712656496176
privacy-anti-gb-v1-adult-s1,adult,1,tree,130,0.8,matched_full,0.71,0.8116991452991453,0.7050147492625369,-0.27160772863547794,0.13,0.06907440547336276,0.5795,0.6277932379473239,0.598101,-0.25590244311335436,0.0480601947315954,0.07583626849603861,2.46208652283851,0.765,0.7022749990814867
privacy-anti-gb-v1-adult-s1,adult,1,granular_ball,278,0.9,R8_center_radius_count_purity,0.677,0.5845584045584047,0.5849177353214446,-0.15799563795421506,0.278,0.0713816401441692,0.5595,0.7012163019260194,0.697802,0.032195504349533666,-0.13822763824834622,0.05637117890716842,2.0274277489511894,0.788,0.6056547619047619
privacy-anti-gb-v1-adult-s1,adult,1,hierarchical,278,0.9,matched_full,0.974,0.9725811965811967,0.9705103077816493,-0.35859460306766755,0.278,0.021889952628159765,0.521,0.7710906019896673,0.756257,0.24108757009339168,-0.31531965230661985,0.01683669062117797,1.1917985134869802,0.802,0.7161290322580646
privacy-anti-gb-v1-adult-s1,adult,1,hierarchical_average,278,0.9,matched_full,0.951,0.9558655270655271,0.9442922903940582,-0.5625808725906378,0.278,0.026665448659917844,0.559,0.7658056334859779,0.7816625,0.3435261707444111,-0.5765718145317162,0.01980079469195711,1.244512296433941,0.812,0.7186572167416914
privacy-anti-gb-v1-adult-s1,adult,1,hierarchical_complete,278,0.9,matched_full,0.96,0.9603076923076923,0.9547715965626413,-0.3987174343981811,0.278,0.023756210440916158,0.5325,0.7265864961082267,0.6953,0.2158598711340455,-0.40327329175022963,0.01783229082004691,1.2193431725874777,0.797,0.7008154620927295
privacy-anti-gb-v1-adult-s1,adult,1,kmeans,278,0.9,R4_center_radius_count,0.963,0.9566883190883191,0.9579349947873501,-0.5196745890215589,0.278,0.023469144641770075,0.536,0.7924450389205462,0.810844,0.23065900374436524,-0.49920798145013,0.018453508240535203,1.2100751774429435,0.793,0.6938952056891128
privacy-anti-gb-v1-adult-s1,adult,1,kmeans_tuned,278,0.9,matched_full,0.967,0.9655452991452991,0.962599917719819,-0.5192400539662181,0.278,0.022867975549431138,0.538,0.7889519602395206,0.8052645,0.250484388647674,-0.5229989693897455,0.018399616816954383,1.2028972141871288,0.795,0.6905375438342247
privacy-anti-gb-v1-adult-s1,adult,1,knn_local_prototypes,278,0.9,matched_full,0.926,0.9287840455840457,0.9159362205833572,-0.5065005599587512,0.278,0.02581359982307548,0.5475,0.7201880730659533,0.6934205,0.28669290451653057,-0.5030302764754324,0.020479588250111033,1.2809383681510333,0.801,0.6985355493242803
privacy-anti-gb-v1-adult-s1,adult,1,oracle_supervised,278,0.9,matched_full,0.954,0.9511863247863248,0.9476616118403087,-0.3618334877597396,0.278,0.025160348088724034,0.5355,0.730251042977487,0.7094514999999999,,-0.3627941510524717,0.01959025324361608,1.2497878187562883,0.757,0.6585308959278053
privacy-anti-gb-v1-adult-s1,adult,1,random,278,0.9,matched_full,0.646,0.7143384615384615,0.63125,-0.2040110631076055,0.278,0.14034040813436935,0.514,0.5266126087406005,0.532898,0.44272779949236074,0.340498833190719,0.30089643988956605,5.274364640658396,0.778,0.6120807151693914
privacy-anti-gb-v1-adult-s1,adult,1,tree,130,0.9,matched_full,0.71,0.8116991452991453,0.7050147492625369,-0.27160772863547794,0.13,0.06907440547336276,0.5795,0.6277932379473239,0.598101,-0.25590244311335436,0.0480601947315954,0.07583626849603861,2.46208652283851,0.765,0.7022749990814867
privacy-anti-gb-v1-adult-s1,adult,1,granular_ball,338,0.95,R8_center_radius_count_purity,0.845,0.8423794871794872,0.8166875800513511,-0.286638993381264,0.338,0.03986591838474619,0.568,0.7562469796632735,0.764272,0.16785516671036968,-0.2846506730147197,0.031980123458743785,1.4470764043576032,0.799,0.6602887714453276
privacy-anti-gb-v1-adult-s1,adult,1,hierarchical,338,0.95,matched_full,0.976,0.9746279202279202,0.9727360715405482,-0.39196218912513325,0.338,0.018073992311729268,0.537,0.7542525737282708,0.7471405,0.24847798589877865,-0.37588636551468063,0.013780048737336936,1.0550175457636244,0.79,0.6889349725966524
privacy-anti-gb-v1-adult-s1,adult,1,hierarchical_average,338,0.95,matched_full,0.953,0.9505390313390312,0.9463959242654245,-0.5476109171128846,0.338,0.020955583309831206,0.58,0.75373692613597,0.7603285,0.26628824759975744,-0.5452252057470595,0.015871571674896827,1.0759020640902532,0.813,0.7196700201327895
privacy-anti-gb-v1-adult-s1,adult,1,hierarchical_complete,338,0.95,matched_full,0.972,0.972068376068376,0.9682912134952595,-0.5091230002386444,0.338,0.019302918697237027,0.551,0.8077814723981434,0.7848115,0.3018718101556287,-0.49108484983593165,0.014415173329606693,1.0717052511574294,0.792,0.6832185000395976
privacy-anti-gb-v1-adult-s1,adult,1,kmeans,338,0.95,R4_center_radius_count,0.96,0.9547692307692307,0.9544159544159544,-0.4957654826649132,0.338,0.019221037296039144,0.5525,0.7857815572545501,0.7692535,0.21150991785417222,-0.4923362490253417,0.015345287240628683,1.073713036466891,0.795,0.6978678311773869
privacy-anti-gb-v1-adult-s1,adult,1,kmeans_tuned,338,0.95,matched_full,0.974,0.9726290598290598,0.9705103077816493,-0.5410486991877249,0.338,0.019048603483517487,0.5595,0.792411949399917,0.800702,0.2784796576644794,-0.5039510920379899,0.015173359173814358,1.0622953405827915,0.78,0.6707690834211282
privacy-anti-gb-v1-adult-s1,adult,1,knn_local_prototypes,338,0.95,matched_full,0.95,0.9441960113960114,0.9424596872568922,-0.19153818443256165,0.338,0.02127611007126043,0.606,0.7452605678180579,0.7551730000000001,0.12089022689116229,-0.22730263202417858,0.016725137986992974,1.1306230769057075,0.811,0.7126677055224051
privacy-anti-gb-v1-adult-s1,adult,1,oracle_supervised,338,0.95,matched_full,0.966,0.9615521367521367,0.9613151044037065,-0.4143592082601982,0.338,0.02059274873339466,0.552,0.792839554702001,0.7992779999999999,,-0.4127963442162304,0.01652032763391854,1.1200319990700105,0.774,0.6884580603895101
privacy-anti-gb-v1-adult-s1,adult,1,random,338,0.95,matched_full,0.598,0.7310792022792023,0.5975347501711978,-0.0008845144045576709,0.338,0.14838843446287672,0.52,0.5361003540809808,0.54362,0.43814985233520204,0.22178304441482788,0.3124858499007281,5.345943509752914,0.744,0.43780251056316377
privacy-anti-gb-v1-adult-s1,adult,1,tree,130,0.95,matched_full,0.71,0.8116991452991453,0.7050147492625369,-0.27160772863547794,0.13,0.06907440547336276,0.5795,0.6277932379473239,0.598101,-0.25590244311335436,0.0480601947315954,0.07583626849603861,2.46208652283851,0.765,0.7022749990814867
privacy-anti-gb-v1-adult-s7,adult,7,granular_ball,160,0.8,R8_center_radius_count_purity,0.688,0.5680068376068377,0.5568584674120534,-0.1527894054216278,0.16,0.07391589114343601,0.5315,0.636705321856453,0.6380135,0.15620507918217064,-0.13067010431270762,0.057923591816868104,2.1350115900299254,0.821,0.7239149781522662
privacy-anti-gb-v1-adult-s7,adult,7,hierarchical,160,0.8,matched_full,0.948,0.9443897435897436,0.9417312105565118,-0.0388560672870512,0.16,0.032373639136331255,0.547,0.6613155598312241,0.670185,0.08602106036108467,-0.2878238734539269,0.02543118151799582,1.49808666211213,0.801,0.7057253426673114
privacy-anti-gb-v1-adult-s7,adult,7,hierarchical_average,160,0.8,matched_full,0.892,0.8899943019943021,0.8757129244748871,-0.6236391745427613,0.16,0.04143440891519984,0.5275,0.6662077301189951,0.6993785,0.24606260307328198,-0.6284652393177923,0.030469829293385972,1.6164758937891228,0.793,0.7166863526310532
privacy-anti-gb-v1-adult-s7,adult,7,hierarchical_complete,160,0.8,matched_full,0.928,0.9280091168091168,0.9187135057510194,-0.09638079593817499,0.16,0.036999722892288284,0.56,0.6627315500660355,0.6562844999999999,0.10648027772506395,-0.1649934039551082,0.027351336403778067,1.5604143050865864,0.799,0.7095270782904006
privacy-anti-gb-v1-adult-s7,adult,7,kmeans,160,0.8,R4_center_radius_count,0.932,0.932362393162393,0.9231117141564903,-0.6035583169856564,0.16,0.03448317494318431,0.5185,0.6884210527858026,0.6739809999999999,0.3122891746767913,-0.5190318178751029,0.0269708596480455,1.5218789100232033,0.8,0.6827089044573054
privacy-anti-gb-v1-adult-s7,adult,7,kmeans_tuned,160,0.8,matched_full,0.92,0.9145276353276354,0.9089767162440152,-0.645944235945019,0.16,0.03280318114994809,0.5195,0.6970894233499514,0.6918295,0.2839940792217066,-0.4747032686703257,0.026299721546438157,1.508912138300163,0.802,0.7036921750790155
privacy-anti-gb-v1-adult-s7,adult,7,knn_local_prototypes,160,0.8,matched_full,0.878,0.8820148148148149,0.8634925323701724,-0.3918240920798893,0.16,0.039460352920000955,0.5155,0.6180949241537321,0.6210635,0.2719437443424749,-0.34044977767075496,0.030630539238653394,1.6370507632667874,0.79,0.696032793719169
privacy-anti-gb-v1-adult-s7,adult,7,oracle_supervised,160,0.8,matched_full,0.909,0.9016387464387465,0.8965428250175366,-0.2787047609762811,0.16,0.03601354561995163,0.505,0.6594307395896941,0.6945025,,-0.2373578289425749,0.0282546265318612,1.5677726983721632,0.752,0.6610521596991018
privacy-anti-gb-v1-adult-s7,adult,7,random,160,0.8,matched_full,0.57,0.6786096866096867,0.5685485974819292,0.1460330569940772,0.16,0.1396964700020776,0.5055,0.5129406247901843,0.507321,-0.6434161512272504,-0.25240509686699786,0.16294874928597003,3.8540020017906462,0.729,0.6332281740312014
privacy-anti-gb-v1-adult-s7,adult,7,tree,116,0.8,matched_full,0.718,0.7742290598290599,0.7022489705416535,-0.5001739577065406,0.116,0.07406644936451773,0.5645,0.6058884501218089,0.574853,-0.3974521704845997,-0.45003758499333724,0.07696943164282931,2.557213857819508,0.763,0.712531794347429
privacy-anti-gb-v1-adult-s7,adult,7,granular_ball,238,0.9,R8_center_radius_count_purity,0.683,0.5554324786324786,0.5374146880321737,-0.2773068287036485,0.238,0.0679547088789919,0.55,0.6883920435989742,0.6886469999999999,0.1506688846851083,-0.27336032740805144,0.05341660873548732,1.975392624941309,0.805,0.6786796535013206
privacy-anti-gb-v1-adult-s7,adult,7,hierarchical,238,0.9,matched_full,0.97,0.968291737891738,0.9660263001734923,-0.12888195147340384,0.238,0.025065283345850557,0.574,0.7651911735543075,0.7876845,0.060774974297426974,0.01657090385280546,0.019339164345009957,1.2922432468261231,0.797,0.6822161587604239
privacy-anti-gb-v1-adult-s7,adult,7,hierarchical_average,238,0.9,matched_full,0.913,0.9049549857549858,0.8985861510646707,-0.4920633165560136,0.238,0.032703888180518316,0.547,0.6998356463999535,0.6925135,0.1795739762209773,-0.49055991204337723,0.023867456748390917,1.3836298401187006,0.785,0.6820650687109143
privacy-anti-gb-v1-adult-s7,adult,7,hierarchical_complete,238,0.9,matched_full,0.947,0.9479361823361824,0.9401183397188273,-0.7484253347804332,0.238,0.02757267554017011,0.5315,0.7019848503052027,0.6686245,0.37591866251749456,-0.5634595027502938,0.0204537632183037,1.3285062053590582,0.808,0.7238586156111929
privacy-anti-gb-v1-adult-s7,adult,7,kmeans,238,0.9,R4_center_radius_count,0.945,0.9501994301994302,0.9385045422781272,-0.5873902369311248,0.238,0.026268598290850015,0.524,0.7726288730441967,0.8006685,0.22983715490372905,-0.6572436822257184,0.020957014292664375,1.3141799827910077,0.796,0.6859296482412061
privacy-anti-gb-v1-adult-s7,adult,7,kmeans_tuned,238,0.9,matched_full,0.945,0.9501994301994302,0.9385045422781272,-0.6448261100931668,0.238,0.026268598290850015,0.539,0.7506999146543964,0.7446860000000001,0.21429447051118913,-0.6186352982631617,0.020957014292664375,1.3141799827910077,0.796,0.6859296482412061
privacy-anti-gb-v1-adult-s7,adult,7,knn_local_prototypes,238,0.9,matched_full,0.929,0.92842849002849,0.9199035232296704,-0.3741158393185314,0.238,0.031412094063781294,0.535,0.7100668474565215,0.7384035,0.17087279855827414,-0.387776208410916,0.02395217753609901,1.4069713025686956,0.794,0.6948600207376685
privacy-anti-gb-v1-adult-s7,adult,7,oracle_supervised,238,0.9,matched_full,0.939,0.9420786324786324,0.9313921433881709,-0.37974549887265197,0.238,0.02780812343463297,0.5205,0.7088415773187469,0.6899035,,-0.38049349879596617,0.022014201290012136,1.3549721816840052,0.788,0.6838293633039235
privacy-anti-gb-v1-adult-s7,adult,7,random,238,0.9,matched_full,0.687,0.7047270655270655,0.6613928329952671,0.20031876436550425,0.238,0.13744535487453519,0.505,0.49837504072777816,0.496734,-0.04083055332999326,-0.18349476325576677,0.20762403605247473,4.357532201177852,0.649,0.6119484499496417
privacy-anti-gb-v1-adult-s7,adult,7,tree,116,0.9,matched_full,0.718,0.7742290598290599,0.7022489705416535,-0.5001739577065406,0.116,0.07406644936451773,0.5645,0.6058884501218089,0.574853,-0.3974521704845997,-0.45003758499333724,0.07696943164282931,2.557213857819508,0.763,0.712531794347429
privacy-anti-gb-v1-adult-s7,adult,7,granular_ball,338,0.95,R8_center_radius_count_purity,0.865,0.8799635327635328,0.849275012811624,-0.39072287037305853,0.338,0.03726963253654835,0.565,0.7578327859326625,0.7717350000000001,0.1760647186164404,-0.40557975782734507,0.029637625879267614,1.4200773601279817,0.812,0.7073456248170911
privacy-anti-gb-v1-adult-s7,adult,7,hierarchical,338,0.95,matched_full,0.978,0.9761527065527066,0.9749685969671043,-0.4886848238658665,0.338,0.018163925444969215,0.536,0.7920555762390409,0.7775945,0.17542626566877242,-0.42094443321678704,0.013747343744871384,1.0572220183651095,0.781,0.6646653773892592
privacy-anti-gb-v1-adult-s7,adult,7,hierarchical_average,338,0.95,matched_full,0.957,0.9580923076923077,0.9511904424075599,-0.5677882668340841,0.338,0.02118890425450996,0.579,0.7541489459673575,0.7628335,0.19781306958864758,-0.5728888873363203,0.01590552198502093,1.0814842719756816,0.791,0.7171390714853176
privacy-anti-gb-v1-adult-s7,adult,7,hierarchical_complete,338,0.95,matched_full,0.971,0.966614245014245,0.9669778717579957,-0.4668466017582217,0.338,0.01952999174200592,0.551,0.8178456309207597,0.8438325,0.14211532688112738,-0.5140965584339875,0.014507136185454206,1.0762781344215162,0.811,0.7286038607177782
privacy-anti-gb-v1-adult-s7,adult,7,kmeans,338,0.95,R4_center_radius_count,0.954,0.951074643874644,0.9479873360470376,-0.45925333070472035,0.338,0.019276027643639997,0.552,0.8090466864103318,0.8330119999999999,0.171308331355241,-0.5165744701660712,0.015165162458569421,1.0707346882031763,0.812,0.729611561119293
privacy-anti-gb-v1-adult-s7,adult,7,kmeans_tuned,338,0.95,matched_full,0.964,0.9608136752136753,0.959168118466899,-0.5293277948557897,0.338,0.018859437871107925,0.5555,0.7437038483799647,0.7574605000000001,0.21132772696448426,-0.5327617674750563,0.015032092093333909,1.0662033160778253,0.801,0.6995949815756621
privacy-anti-gb-v1-adult-s7,adult,7,knn_local_prototypes,338,0.95,matched_full,0.945,0.941499715099715,0.9372718262680501,-0.5181123961658096,0.338,0.02228041555483638,0.5655,0.8025613369805731,0.8195815,0.2348704739973839,-0.5248481409758714,0.016869629920494726,1.1353424539297934,0.791,0.7155591847844578
privacy-anti-gb-v1-adult-s7,adult,7,oracle_supervised,338,0.95,matched_full,0.943,0.943785754985755,0.9360813852173064,-0.4848304923596316,0.338,0.020778825293771095,0.552,0.7926649250717689,0.8045155,,-0.48399310298989284,0.016068068127323903,1.1081515465647642,0.764,0.6948633608473489
privacy-anti-gb-v1-adult-s7,adult,7,random,338,0.95,matched_full,0.593,0.7596763532763533,0.5929670303294567,-0.2783833511728222,0.338,0.12371062134818755,0.5295,0.5492436194272525,0.547801,-0.30802616696272805,-0.20319053422501696,0.2649823189442043,4.797078736954145,0.653,0.6158440526127587
privacy-anti-gb-v1-adult-s7,adult,7,tree,116,0.95,matched_full,0.718,0.7742290598290599,0.7022489705416535,-0.5001739577065406,0.116,0.07406644936451773,0.5645,0.6058884501218089,0.574853,-0.3974521704845997,-0.45003758499333724,0.07696943164282931,2.557213857819508,0.763,0.712531794347429
privacy-anti-gb-v1-adult-s21,adult,21,granular_ball,79,0.8,R8_center_radius_count_purity,0.611,0.732079772079772,0.6108283753135133,0.23151936086014072,0.079,0.09707454267868948,0.514,0.5732617967491492,0.5711255,-0.09572358365630618,0.24399419313744783,0.07645460322788002,2.5362040206959837,0.805,0.6759930812061032
privacy-anti-gb-v1-adult-s21,adult,21,hierarchical,79,0.8,matched_full,0.882,0.8729185185185185,0.8650941368539953,-0.8954620582468539,0.079,0.04621165019606016,0.6295,0.6631331955149371,0.683643,0.20056199301440528,0.18773125608568647,0.03665120017561524,1.791932791381723,0.797,0.7103273301169679
privacy-anti-gb-v1-adult-s21,adult,21,hierarchical_average,79,0.8,matched_full,0.797,0.7209663817663817,0.7743218259698881,-0.4019477746515747,0.079,0.06377939910311757,0.5115,0.5810226207267376,0.5964285,0.195121690128977,-0.3925531890200133,0.047542987027282574,2.049773883284867,0.798,0.6242559523809523
privacy-anti-gb-v1-adult-s21,adult,21,hierarchical_complete,79,0.8,matched_full,0.855,0.8499122507122507,0.8338206018903194,-0.7485647359837715,0.079,0.05440378492942189,0.6025,0.6445421877448849,0.649813,0.39403489616954024,-0.7393751423727303,0.040166104651662767,1.899299555945463,0.798,0.6807656567061338
privacy-anti-gb-v1-adult-s21,adult,21,kmeans,79,0.8,R4_center_radius_count,0.879,0.8777481481481482,0.8622180166454301,-0.7832637676284331,0.079,0.046213677805442326,0.615,0.6464083853183907,0.6688649999999999,0.1408423847655699,0.000827653359298929,0.036976959633097155,1.791332835966017,0.802,0.7196404601294751
privacy-anti-gb-v1-adult-s21,adult,21,kmeans_tuned,79,0.8,matched_full,0.881,0.8744182336182337,0.8642790422890537,-0.44764944009636526,0.079,0.04620007268571823,0.555,0.620428892527177,0.646482,0.014579843792188846,-0.02473222979552094,0.03644129613640821,1.7825666186338094,0.816,0.7167208591979506
privacy-anti-gb-v1-adult-s21,adult,21,knn_local_prototypes,79,0.8,matched_full,0.804,0.840225641025641,0.773683554184314,-0.2707191182220372,0.079,0.05691747502180714,0.507,0.5741460615610448,0.5685505,0.13513995329581657,-0.34403572393095544,0.04355684026776598,1.9686600880192149,0.808,0.7220871256860975
privacy-anti-gb-v1-adult-s21,adult,21,oracle_supervised,79,0.8,matched_full,0.867,0.8569299145299145,0.8475733796649136,-0.6381620787905667,0.079,0.0485755528866479,0.6015,0.6212720080562842,0.635715,,0.05284810126582279,0.03881113336822178,1.8360304019498626,0.752,0.6832063603987513
privacy-anti-gb-v1-adult-s21,adult,21,random,79,0.8,matched_full,0.621,0.6720820512820513,0.6019070647315918,-0.3602193016854119,0.079,0.1176729024839963,0.4785,0.49240241174751526,0.49276899999999996,0.58629321040542,-0.3519230769230769,0.1085422552694686,3.0603535566259614,0.753,0.43348493918564035
privacy-anti-gb-v1-adult-s21,adult,21,tree,79,0.8,matched_full,0.667,0.7284193732193732,0.6511741185861344,-0.2262789505654479,0.079,0.11691123005266447,0.554,0.58321682789924,0.577121,-0.3987258562709429,0.23287239076712757,0.23031125740293576,4.27228128493831,0.6,0.5926862747494002
privacy-anti-gb-v1-adult-s21,adult,21,granular_ball,246,0.9,R8_center_radius_count_purity,0.727,0.7168774928774929,0.6929517236880435,-0.11058801776836677,0.246,0.0655827042438904,0.55,0.6807006238609695,0.6762944999999999,0.08370222615011821,-0.09615145073660726,0.0514779564973747,1.9478420576012614,0.8,0.6814779423475076
privacy-anti-gb-v1-adult-s21,adult,21,hierarchical,246,0.9,matched_full,0.968,0.9619327635327635,0.9633558694736071,-0.48853241010145876,0.246,0.025006418268116132,0.5295,0.6724528664434786,0.65351,0.2795945009066936,-0.4537161452146934,0.019186506585099246,1.2733725037795014,0.794,0.7027777296835593
privacy-anti-gb-v1-adult-s21,adult,21,hierarchical_average,246,0.9,matched_full,0.924,0.93662905982906,0.9143279705648943,-0.6497456965899894,0.246,0.03374093605361302,0.5595,0.744780639068231,0.7547105,0.33332798702849115,-0.6443431243868095,0.02438949956388257,1.3747874355406573,0.807,0.7126569406748244
privacy-anti-gb-v1-adult-s21,adult,21,hierarchical_complete,246,0.9,matched_full,0.954,0.9500125356125357,0.9478259291521487,-0.49276145156116974,0.246,0.02747801945494467,0.531,0.7175518055355672,0.7204309999999999,0.20722886019938236,-0.46853138259891186,0.02032591566968895,1.3009122957979276,0.787,0.6960577404675574
privacy-anti-gb-v1-adult-s21,adult,21,kmeans,246,0.9,R4_center_radius_count,0.949,0.9453082621082621,0.9421095944833848,-0.5946018101287668,0.246,0.025895505953718513,0.5285,0.7499977196900278,0.7721205,0.2319681113486429,-0.5955965870664972,0.020922910948568667,1.2950546977191162,0.795,0.6968527399336626
privacy-anti-gb-v1-adult-s21,adult,21,kmeans_tuned,246,0.9,matched_full,0.949,0.9453082621082621,0.9421095944833848,-0.6031942874229809,0.246,0.025895505953718513,0.5285,0.7502611597608169,0.772357,0.2419379646548116,-0.6006216574438176,0.020922910948568667,1.2950546977191162,0.795,0.6968527399336626
privacy-anti-gb-v1-adult-s21,adult,21,knn_local_prototypes,246,0.9,matched_full,0.91,0.9121139601139601,0.898078900520477,-0.5095456305859931,0.246,0.029741865878818528,0.541,0.7099204073973049,0.703437,0.22596239125579273,-0.49245730161753315,0.02351421917090916,1.3797082495968882,0.805,0.7410327613477452
privacy-anti-gb-v1-adult-s21,adult,21,oracle_supervised,246,0.9,matched_full,0.945,0.9436376068376067,0.9380473656050238,-0.3973118274237955,0.246,0.028182336609271053,0.5275,0.7282617058203509,0.7376725000000001,,-0.3715308874656621,0.022322511954849262,1.3450423525431732,0.759,0.6738302211864189
privacy-anti-gb-v1-adult-s21,adult,21,random,246,0.9,matched_full,0.701,0.7364672364672366,0.667126455208469,-0.2757609488928169,0.246,0.1404526792276787,0.508,0.5176332508893926,0.518957,0.44312442109882083,0.0034047030792978294,0.21734142029072617,4.43674746071596,0.757,0.4714806155184601
privacy-anti-gb-v1-adult-s21,adult,21,tree,120,0.9,matched_full,0.704,0.7645834757834757,0.6966168681021335,-0.2230717766492062,0.12,0.11099579191190204,0.57,0.6307020947147379,0.5942829999999999,-0.15630348029593794,-0.30769230769230765,0.2151555689808142,4.121320358387489,0.605,0.5967540230166678
privacy-anti-gb-v1-adult-s21,adult,21,granular_ball,302,0.95,R8_center_radius_count_purity,0.797,0.8278905982905983,0.774638505731176,-0.2773062292311093,0.302,0.05127856684194386,0.56,0.7338959762423061,0.7327815000000001,0.11875902092560374,-0.2605757922207303,0.04048540357125609,1.6618680819939866,0.797,0.6773265471238351
privacy-anti-gb-v1-adult-s21,adult,21,hierarchical,302,0.95,matched_full,0.976,0.971291168091168,0.972605741836511,-0.3146167773321078,0.302,0.02088100494926679,0.5265,0.7408302986159123,0.7258365,0.12785636288177157,-0.34112043590313673,0.015817812445651842,1.13785547636316,0.788,0.6891057978835731
privacy-anti-gb-v1-adult-s21,adult,21,hierarchical_average,302,0.95,matched_full,0.943,0.928902564102564,0.9345669191006051,-0.6497256831687335,0.302,0.024732319467402734,0.575,0.7630130808397185,0.7470415,0.30411500740787367,-0.6446662420949025,0.018592465876353704,1.1758567153335544,0.804,0.7249910201149425
privacy-anti-gb-v1-adult-s21,adult,21,hierarchical_complete,302,0.95,matched_full,0.978,0.9729663817663817,0.9748071602631049,-0.5295433437566197,0.302,0.021910055592561005,0.5415,0.7982128779786907,0.833623,0.2517658036369767,-0.5448648000189208,0.016443331813877422,1.1538067933563922,0.782,0.686464469808542
privacy-anti-gb-v1-adult-s21,adult,21,kmeans,302,0.95,R4_center_radius_count,0.955,0.9498165242165243,0.948594399531181,-0.5247680693789489,0.302,0.02163837888655885,0.546,0.7627425558076454,0.7584289999999999,0.2705278489114142,-0.5298057302524857,0.017543074436488563,1.1546585435080792,0.81,0.7156642084091562
privacy-anti-gb-v1-adult-s21,adult,21,kmeans_tuned,302,0.95,matched_full,0.957,0.9428945868945868,0.9501367759830882,-0.5360953079774599,0.302,0.021191120466626558,0.5465,0.7855015711611458,0.8014075,0.2743290051529012,-0.5169146794621591,0.017292551978204142,1.146163114977963,0.806,0.7244568675574947
privacy-anti-gb-v1-adult-s21,adult,21,knn_local_prototypes,302,0.95,matched_full,0.927,0.9174108262108263,0.9170068816074743,-0.5801089456252659,0.302,0.024773157579994116,0.5595,0.783655732641739,0.802903,0.30153065242279814,-0.5731557134705664,0.01914573628225963,1.215636275195829,0.799,0.7027678084227618
privacy-anti-gb-v1-adult-s21,adult,21,oracle_supervised,302,0.95,matched_full,0.947,0.9389287749287748,0.9395528507673936,-0.5057982445975694,0.302,0.02346606625249563,0.5445,0.7509785444710912,0.7285710000000001,,-0.5134209913604587,0.018503490971333882,1.1951430156213942,0.764,0.6886280635832049
privacy-anti-gb-v1-adult-s21,adult,21,random,302,0.95,matched_full,0.655,0.7554210826210827,0.649344273791991,0.038638732486373166,0.302,0.11644040618349084,0.52,0.5302806284073264,0.530984,0.7356906454470741,-0.10211788396963813,0.16081232143823943,3.7286043545584153,0.686,0.6349363580134957
privacy-anti-gb-v1-adult-s21,adult,21,tree,120,0.95,matched_full,0.704,0.7645834757834757,0.6966168681021335,-0.2230717766492062,0.12,0.11099579191190204,0.57,0.6307020947147379,0.5942829999999999,-0.15630348029593794,-0.30769230769230765,0.2151555689808142,4.121320358387489,0.605,0.5967540230166678
privacy-anti-gb-v1-adult-s42,adult,42,granular_ball,160,0.8,R8_center_radius_count_purity,0.703,0.6300307692307692,0.6352422323175382,-0.01779332498593873,0.16,0.0785634172335347,0.525,0.6253117076140803,0.632193,0.011076091258524344,-0.023604869230163233,0.06236636888285642,2.2367303287326363,0.803,0.681904568141047
privacy-anti-gb-v1-adult-s42,adult,42,hierarchical,160,0.8,matched_full,0.939,0.9323396011396011,0.9309735334421915,-0.2009172638269675,0.16,0.03211634518347922,0.502,0.6937321367962183,0.7470785,-0.04179479954151933,-0.14203268199516353,0.024944269432623553,1.4912469897329161,0.782,0.6968432763176192
privacy-anti-gb-v1-adult-s42,adult,42,hierarchical_average,160,0.8,matched_full,0.898,0.9022222222222223,0.8839453132111195,-0.44331380662698666,0.16,0.043982114623322306,0.531,0.6413243802409447,0.637715,0.22543295753076786,-0.4463882936987508,0.03170065217818042,1.6395769732362482,0.805,0.7024858451919425
privacy-anti-gb-v1-adult-s42,adult,42,hierarchical_complete,160,0.8,matched_full,0.928,0.9363350427350426,0.9196711873937317,-0.5708857766807418,0.16,0.035132630271738706,0.5125,0.6734924330106407,0.7294734999999999,0.15119669686269407,-0.5212700629013367,0.026264061404594603,1.5307161595604748,0.802,0.717902103481487
privacy-anti-gb-v1-adult-s42,adult,42,kmeans,160,0.8,R4_center_radius_count,0.936,0.9298803418803419,0.9269486448973628,-0.35011040574296853,0.16,0.032640639186580264,0.508,0.6826093670696893,0.7100875000000001,0.11171696337098419,-0.38374082814798244,0.026316647388491654,1.504089826037176,0.792,0.7262797736544282
privacy-anti-gb-v1-adult-s42,adult,42,kmeans_tuned,160,0.8,matched_full,0.925,0.9197150997150998,0.9151313935764649,-0.18899854424939672,0.16,0.0327309772843487,0.5085,0.63525200635081,0.6269115000000001,0.08093124982861453,-0.26155644500224523,0.026413560174843694,1.5020855034105474,0.798,0.7239215171742683
privacy-anti-gb-v1-adult-s42,adult,42,knn_local_prototypes,160,0.8,matched_full,0.869,0.8593754985754986,0.8501101290082669,-0.3532148773576974,0.16,0.03825515396572168,0.521,0.6599796706614967,0.6853354999999999,0.21048570064436314,-0.37328411947714907,0.03025597961191959,1.6178604431437678,0.789,0.7167690190946006
privacy-anti-gb-v1-adult-s42,adult,42,oracle_supervised,160,0.8,matched_full,0.92,0.9152364672364671,0.9095431931252826,-0.3339098956477179,0.16,0.03600287745958721,0.5105,0.6490596195811698,0.6422635,,-0.3372360616455801,0.02834728202644653,1.562482394461917,0.772,0.7087542345601423
privacy-anti-gb-v1-adult-s42,adult,42,random,160,0.8,matched_full,0.568,0.6890051282051283,0.5666409861325116,0.02924774008059353,0.16,0.12556028426815613,0.5045,0.510707906054361,0.5095529999999999,0.8698730348511966,-0.254973886328725,0.14417636452371338,3.614861195685684,0.752,0.4292237442922374
privacy-anti-gb-v1-adult-s42,adult,42,tree,126,0.8,matched_full,0.719,0.7660695156695156,0.7092635262299136,-0.26140128751789865,0.126,0.07664574487036574,0.5865,0.6381717574823742,0.61199,-0.19534330180424628,-0.3513894571203776,0.07548057697114395,2.5311889369554033,0.719,0.6670517491631862
privacy-anti-gb-v1-adult-s42,adult,42,granular_ball,255,0.9,R8_center_radius_count_purity,0.704,0.6204991452991454,0.6245560629122273,-0.18934326876922786,0.255,0.07446722139606594,0.5445,0.6873319225749865,0.6814104999999999,0.08408388991179983,-0.14637843119075525,0.05821655667085064,2.0669176862343472,0.799,0.6602887714453276
privacy-anti-gb-v1-adult-s42,adult,42,hierarchical,255,0.9,matched_full,0.959,0.949802849002849,0.9529340997039439,-0.27063192719322204,0.255,0.023167580221328515,0.518,0.7129676718281206,0.7148265,0.11331777141335851,-0.2313516233882946,0.018008341667695927,1.2332814269189138,0.796,0.7084448103176236
privacy-anti-gb-v1-adult-s42,adult,42,hierarchical_average,255,0.9,matched_full,0.925,0.926728205128205,0.9153910456651448,-0.45232746462593193,0.255,0.03005525043875798,0.556,0.7327576046584824,0.7520465000000001,0.28075016608003994,-0.44615455391107145,0.02222242794029592,1.3210517361178913,0.79,0.6778647031753336
privacy-anti-gb-v1-adult-s42,adult,42,hierarchical_complete,255,0.9,matched_full,0.957,0.9573264957264956,0.9510361546756487,-0.4150286009534229,0.255,0.025327210206630615,0.533,0.6896173048796377,0.689987,0.2015261420606984,-0.4188706796633743,0.018737457836315148,1.2571507381597207,0.783,0.6932077322961776
privacy-anti-gb-v1-adult-s42,adult,42,kmeans,255,0.9,R4_center_radius_count,0.948,0.9437834757834758,0.9412030755314338,-0.46253852737913365,0.255,0.024604236780451507,0.533,0.7188962964529861,0.713434,0.26363539505859146,-0.38708811502371565,0.019517453589038832,1.2476719314939044,0.78,0.6913164511494253
privacy-anti-gb-v1-adult-s42,adult,42,kmeans_tuned,255,0.9,matched_full,0.957,0.9541401709401709,0.9514167661869731,-0.32593573958158234,0.255,0.02379966280356224,0.528,0.7562593145255108,0.781102,0.21518121560722922,-0.36149348281828636,0.019363971393133558,1.2478089908588312,0.785,0.6987846310111729
privacy-anti-gb-v1-adult-s42,adult,42,knn_local_prototypes,255,0.9,matched_full,0.928,0.9191430199430201,0.9171419496499247,-0.40162401787449215,0.255,0.026931266921923828,0.542,0.7033176368426017,0.6877535,0.17198228455925127,-0.38555856380177367,0.02145719707832284,1.3175889446240534,0.783,0.7054955613973897
privacy-anti-gb-v1-adult-s42,adult,42,oracle_supervised,255,0.9,matched_full,0.952,0.9457207977207978,0.9453860297464092,-0.27395636976823395,0.255,0.026327250341483543,0.5275,0.7000082067585847,0.6858069999999999,,-0.23716417604068382,0.02070430437285264,1.2959171842612536,0.757,0.6521609678799998
privacy-anti-gb-v1-adult-s42,adult,42,random,255,0.9,matched_full,0.744,0.779614814814815,0.7215405767590803,-0.10747083103606302,0.255,0.13587610279613904,0.5005,0.49766187987800703,0.49075399999999997,0.58057302166636,-0.1217406969367055,0.24549620263217498,4.757066218003688,0.569,0.5122884084194184
privacy-anti-gb-v1-adult-s42,adult,42,tree,126,0.9,matched_full,0.719,0.7660695156695156,0.7092635262299136,-0.26140128751789865,0.126,0.07664574487036574,0.5865,0.6381717574823742,0.61199,-0.19534330180424628,-0.3513894571203776,0.07548057697114395,2.5311889369554033,0.719,0.6670517491631862
privacy-anti-gb-v1-adult-s42,adult,42,granular_ball,319,0.95,R8_center_radius_count_purity,0.819,0.8203874643874645,0.7942225420678475,-0.3707060993392326,0.319,0.04260775293935174,0.5545,0.7435166254816878,0.7538225,0.16031238339534107,-0.3235116494935044,0.03613657991004197,1.570417622945685,0.807,0.694403144005789
privacy-anti-gb-v1-adult-s42,adult,42,hierarchical,319,0.95,matched_full,0.969,0.9618643874643876,0.964529877856918,-0.3914890127802322,0.319,0.01889721028481846,0.532,0.7727643180146908,0.7707529999999999,0.14373419887948982,-0.3221848197934537,0.014365596072016961,1.0831722011945932,0.796,0.7146230506236326
privacy-anti-gb-v1-adult-s42,adult,42,hierarchical_average,319,0.95,matched_full,0.942,0.9403213675213674,0.934008119276911,-0.5007157983651097,0.319,0.022678434598411377,0.5755,0.7830574804032209,0.7966455,0.3060543315031345,-0.5001897174049676,0.017146689850767116,1.1248675653249007,0.776,0.6798609681919006
privacy-anti-gb-v1-adult-s42,adult,42,hierarchical_complete,319,0.95,matched_full,0.964,0.968496866096866,0.9592315602081909,-0.40813154607227675,0.319,0.020214453463394327,0.548,0.718988674295757,0.7122655,0.2146538148418592,-0.3952676781626846,0.015080888168190547,1.1008248753732701,0.79,0.707968293700459
privacy-anti-gb-v1-adult-s42,adult,42,kmeans,319,0.95,R4_center_radius_count,0.96,0.9575384615384614,0.9548408365283441,-0.43185687827089353,0.319,0.01975170415738999,0.5555,0.7488963385669889,0.762362,0.21597958085626126,-0.4487881036682711,0.0158270524759669,1.0892458554537607,0.784,0.7164818548387097
privacy-anti-gb-v1-adult-s42,adult,42,kmeans_tuned,319,0.95,matched_full,0.954,0.9464182336182336,0.9476616118403087,-0.47254446176594295,0.319,0.019299687214935,0.5515,0.7763885074669195,0.7587399999999999,0.21788195909641728,-0.45236566703172615,0.01564339118353703,1.086535810812697,0.764,0.6801543932691474
privacy-anti-gb-v1-adult-s42,adult,42,knn_local_prototypes,319,0.95,matched_full,0.945,0.9314643874643875,0.9365463932393067,-0.05791639823363483,0.319,0.022546798917753384,0.6035,0.7447262099616719,0.7536915,0.09558829070708313,-0.09398785346646917,0.01755942581995681,1.1550880780304051,0.772,0.704477936944924
privacy-anti-gb-v1-adult-s42,adult,42,oracle_supervised,319,0.95,matched_full,0.96,0.9525720797720798,0.9542691989335577,-0.4417223588217681,0.319,0.020950503501323343,0.553,0.784497668028485,0.7948145,,-0.43348859254819855,0.016776166382056795,1.1290430456681342,0.763,0.6774522813106052
privacy-anti-gb-v1-adult-s42,adult,42,random,319,0.95,matched_full,0.669,0.7894632478632477,0.665985519311789,-0.2886021441115477,0.319,0.1356702745093998,0.5435,0.5638773084808617,0.5621560000000001,0.21562122142641307,-0.32422890779205277,0.2551293029537181,4.8521079367211,0.596,0.5662238714304735
privacy-anti-gb-v1-adult-s42,adult,42,tree,126,0.95,matched_full,0.719,0.7660695156695156,0.7092635262299136,-0.26140128751789865,0.126,0.07664574487036574,0.5865,0.6381717574823742,0.61199,-0.19534330180424628,-0.3513894571203776,0.07548057697114395,2.5311889369554033,0.719,0.6670517491631862
privacy-anti-gb-v1-adult-s2026,adult,2026,granular_ball,187,0.8,R8_center_radius_count_purity,0.681,0.5903977207977209,0.5995475766351703,-0.15119717064337307,0.187,0.07753589286268932,0.539,0.650605354539327,0.6518584999999999,0.12402395829538387,-0.1405089869214796,0.061671353874031894,2.1579701675969227,0.792,0.6809326583831876
privacy-anti-gb-v1-adult-s2026,adult,2026,hierarchical,187,0.8,matched_full,0.953,0.9464410256410256,0.9461349537161725,-0.5156031296154898,0.187,0.030293358748621414,0.504,0.721908739903105,0.7821849999999999,0.17288227244491156,-0.2969530386845353,0.02368397640849367,1.432693012909244,0.788,0.7025413074712643
privacy-anti-gb-v1-adult-s2026,adult,2026,hierarchical_average,187,0.8,matched_full,0.889,0.8887019943019943,0.8745874662035819,-0.5218315429404202,0.187,0.0395066815769564,0.5335,0.6727087949958228,0.6957720000000001,0.24019164406716748,-0.5191866438398672,0.028703912480795565,1.543653759427851,0.788,0.6988910099081902
privacy-anti-gb-v1-adult-s2026,adult,2026,hierarchical_complete,187,0.8,matched_full,0.937,0.9201527065527065,0.926562385253727,-0.42458991264418144,0.187,0.03378055039944629,0.516,0.6712591425469844,0.6830455,0.2630163118364031,-0.417489242873903,0.025340836095223265,1.4833681329017343,0.79,0.6940559440559441
privacy-anti-gb-v1-adult-s2026,adult,2026,kmeans,187,0.8,R4_center_radius_count,0.93,0.9262700854700855,0.9208502939846224,-0.2967299487578365,0.187,0.031126448330492138,0.5145,0.666161874562149,0.6952185,0.10768608915296271,-0.26411473717932127,0.025132407105668515,1.453247934694758,0.789,0.6619841052430911
privacy-anti-gb-v1-adult-s2026,adult,2026,kmeans_tuned,187,0.8,matched_full,0.915,0.9057390313390312,0.902424353044762,-0.3674864405621137,0.187,0.031172842532286957,0.5115,0.7049605634798788,0.737308,0.1708903954852288,-0.37538081321132843,0.024864719570088612,1.4477415487813878,0.814,0.7341702682307745
privacy-anti-gb-v1-adult-s2026,adult,2026,knn_local_prototypes,187,0.8,matched_full,0.882,0.8809914529914531,0.8644301470588236,-0.4850512243581701,0.187,0.036350277065796945,0.526,0.6452575888044898,0.6336080000000001,0.25914952358340027,-0.48824829514420853,0.02874115969093928,1.5551671991979257,0.794,0.7118252373944525
privacy-anti-gb-v1-adult-s2026,adult,2026,oracle_supervised,187,0.8,matched_full,0.924,0.9134769230769231,0.9123923347903872,-0.14344221596681928,0.187,0.03340035886456084,0.511,0.6513339638227864,0.6794855000000001,,-0.21262810116798084,0.02640983410496947,1.4973439714330374,0.74,0.6843127731908694
privacy-anti-gb-v1-adult-s2026,adult,2026,random,187,0.8,matched_full,0.578,0.672305413105413,0.5743977021510062,-0.1253052523426653,0.187,0.1349355288439349,0.5025,0.5198572813880682,0.514978,0.1359646678740407,-0.022834881630206774,0.18839045643950889,4.067859303874123,0.616,0.4766567086068165
privacy-anti-gb-v1-adult-s2026,adult,2026,tree,132,0.8,matched_full,0.721,0.7848319088319088,0.707999861849397,-0.3142143191387462,0.132,0.17065085325858334,0.5585,0.6078815586360031,0.581793,-0.20272740543672968,-0.14620188971334008,0.36648723827324625,5.644065539361673,0.39,0.3835868374569016
privacy-anti-gb-v1-adult-s2026,adult,2026,granular_ball,241,0.9,R8_center_radius_count_purity,0.677,0.58302905982906,0.5898303319834561,-0.22588976022707186,0.241,0.07506314048118455,0.554,0.6929821508548903,0.6922675,0.1529195822469759,-0.21528303201259885,0.05885511797011837,2.061340533436394,0.781,0.6463812204207579
privacy-anti-gb-v1-adult-s2026,adult,2026,hierarchical,241,0.9,matched_full,0.962,0.9626529914529914,0.9570330167345092,-0.40940994943168924,0.241,0.025168234546154418,0.5125,0.7576181898907212,0.8056255,0.1695627956011712,-0.37030882611479266,0.01955447073921135,1.291289125291152,0.783,0.6874059156629804
privacy-anti-gb-v1-adult-s2026,adult,2026,hierarchical_average,241,0.9,matched_full,0.912,0.8950245014245015,0.8988970588235294,-0.557851804888239,0.241,0.031173033058872514,0.551,0.7197255179922485,0.7439644999999999,0.31545459334581305,-0.5566418524544487,0.023316037708130764,1.3587457162991594,0.785,0.6841834673717455
privacy-anti-gb-v1-adult-s2026,adult,2026,hierarchical_complete,241,0.9,matched_full,0.945,0.9361071225071225,0.9366528032286339,-0.6702776095031592,0.241,0.02802435810276711,0.5255,0.7447691504378482,0.7908465,0.33116241548377784,-0.5710172668869383,0.02084062267924959,1.3312753931121935,0.778,0.6765734265734266
privacy-anti-gb-v1-adult-s2026,adult,2026,kmeans,241,0.9,R4_center_radius_count,0.941,0.9349925925925926,0.9327097772693628,-0.4463034451506103,0.241,0.026546877966164065,0.522,0.7105852493894969,0.7177925,0.21422071421724778,-0.4620925277029478,0.020924614903480455,1.3046303581850816,0.776,0.6818471048086538
privacy-anti-gb-v1-adult-s2026,adult,2026,kmeans_tuned,241,0.9,matched_full,0.941,0.9349925925925926,0.9327097772693628,-0.4471416548056322,0.241,0.026546877966164065,0.522,0.7108856372716233,0.7180775,0.21760561831971714,-0.4624647710606427,0.020924614903480455,1.3046303581850816,0.776,0.6818471048086538
privacy-anti-gb-v1-adult-s2026,adult,2026,knn_local_prototypes,241,0.9,matched_full,0.913,0.9175247863247864,0.9012457788245978,-0.5582827649369212,0.241,0.0300528926370436,0.538,0.726979673727919,0.7586029999999999,0.3193647589203203,-0.5187501610219529,0.02358879904393622,1.3851790146462255,0.796,0.7154716475865301
privacy-anti-gb-v1-adult-s2026,adult,2026,oracle_supervised,241,0.9,matched_full,0.942,0.9377868945868947,0.9337972094382351,-0.4195104944044625,0.241,0.028002543220350742,0.521,0.6837854651376256,0.6806875,,-0.38493443884322565,0.022330292826767965,1.3556651570693603,0.753,0.7010087022204039
privacy-anti-gb-v1-adult-s2026,adult,2026,random,241,0.9,matched_full,0.699,0.7406062678062679,0.6804396131726826,0.17418862538139407,0.241,0.15311690645954756,0.511,0.5383901077468306,0.5270429999999999,0.4434768286874677,-0.012210253402882804,0.2513801209232115,4.766059474766118,0.765,0.584599421267449
privacy-anti-gb-v1-adult-s2026,adult,2026,tree,132,0.9,matched_full,0.721,0.7848319088319088,0.707999861849397,-0.3142143191387462,0.132,0.17065085325858334,0.5585,0.6078815586360031,0.581793,-0.20272740543672968,-0.14620188971334008,0.36648723827324625,5.644065539361673,0.39,0.3835868374569016
privacy-anti-gb-v1-adult-s2026,adult,2026,granular_ball,344,0.95,R8_center_radius_count_purity,0.851,0.8533128205128205,0.8390008979211666,-0.40501338392637376,0.344,0.038159929948331665,0.569,0.7812788890435726,0.7930205,0.2279044719324117,-0.40392132955089427,0.031207743830816637,1.434874784178701,0.789,0.6745589965928949
privacy-anti-gb-v1-adult-s2026,adult,2026,hierarchical,344,0.95,matched_full,0.978,0.9783111111111112,0.975085953460561,-0.5659465824557989,0.344,0.018114682943231434,0.5985,0.8000245460392668,0.7746865000000001,0.3056710921778045,-0.4384560524926264,0.01377025984865396,1.0524069435939187,0.775,0.6705859616913434
privacy-anti-gb-v1-adult-s2026,adult,2026,hierarchical_average,344,0.95,matched_full,0.95,0.9453264957264957,0.9425551470588236,-0.656455615778808,0.344,0.02081232748209934,0.5825,0.7921128774423521,0.8172135,0.26702481969292363,-0.6555113123586604,0.015777787439309,1.0701282965484298,0.78,0.6835879970544918
privacy-anti-gb-v1-adult-s2026,adult,2026,hierarchical_complete,344,0.95,matched_full,0.971,0.9677743589743589,0.9670819262748659,-0.5794405924162604,0.344,0.018648087493592258,0.5505,0.8169140905675775,0.8551565000000001,0.24754909269738337,-0.5580673979765712,0.014173345101188986,1.0592384367752825,0.78,0.6815581648486533
privacy-anti-gb-v1-adult-s2026,adult,2026,kmeans,344,0.95,R4_center_radius_count,0.957,0.9496820512820513,0.9508790928853507,-0.6251919787870676,0.344,0.018727883073981422,0.5605,0.8025995431245714,0.8135209999999999,0.27587681164847005,-0.5888887106900998,0.015025206226870954,1.0554602086194358,0.788,0.6950938880706923
privacy-anti-gb-v1-adult-s2026,adult,2026,kmeans_tuned,344,0.95,matched_full,0.957,0.9496820512820513,0.9508790928853507,-0.5985195157679724,0.344,0.018727883073981422,0.5605,0.8130727491648969,0.82813,0.32570974757946747,-0.6208081618116529,0.015025206226870954,1.0554602086194358,0.788,0.6950938880706923
privacy-anti-gb-v1-adult-s2026,adult,2026,knn_local_prototypes,344,0.95,matched_full,0.947,0.9515646723646725,0.9401183397188273,-0.6075573917341951,0.344,0.020854666518233055,0.569,0.7772793803510748,0.7671065,0.28402606708900174,-0.5941035334796965,0.016651574992256297,1.1144000595941397,0.794,0.7100861860289689
privacy-anti-gb-v1-adult-s2026,adult,2026,oracle_supervised,344,0.95,matched_full,0.954,0.946805698005698,0.9474943385199796,-0.5284310049925234,0.344,0.02067252789274732,0.556,0.789633961661831,0.8003615,,-0.5191361117641382,0.01605013379064398,1.0988625145119595,0.751,0.671048720458788
privacy-anti-gb-v1-adult-s2026,adult,2026,random,344,0.95,matched_full,0.625,0.7608911680911681,0.6243685635553365,-0.1501752619196471,0.344,0.13346724668032783,0.5405,0.5704910692926941,0.568638,0.4397611109737003,0.21013200555812878,0.32178449978902696,5.393125768139533,0.625,0.5651463021780953
privacy-anti-gb-v1-adult-s2026,adult,2026,tree,132,0.95,matched_full,0.721,0.7848319088319088,0.707999861849397,-0.3142143191387462,0.132,0.17065085325858334,0.5585,0.6078815586360031,0.581793,-0.20272740543672968,-0.14620188971334008,0.36648723827324625,5.644065539361673,0.39,0.3835868374569016
privacy-anti-gb-v1b-bank_marketing-s1,bank_marketing,1,granular_ball,1,0.8,R8_center_radius_count_purity,0.885,0.5,0.46949602122015915,,0.001,0.2669390603741117,0.4935,0.5017829684050177,0.488667,,,0.2538456488640799,3.2212969922118306,0.883,0.4689325544344132
privacy-anti-gb-v1b-bank_marketing-s1,bank_marketing,1,hierarchical,1,0.8,matched_full,0.885,0.5,0.46949602122015915,,0.001,0.2669390603741117,0.4935,0.5017829684050177,0.488667,,,0.2538456488640799,3.2212969922118306,0.883,0.4689325544344132
privacy-anti-gb-v1b-bank_marketing-s1,bank_marketing,1,hierarchical_average,1,0.8,matched_full,0.885,0.5,0.46949602122015915,,0.001,0.2669390603741117,0.4935,0.5017829684050177,0.488667,,,0.2538456488640799,3.2212969922118306,0.883,0.4689325544344132
privacy-anti-gb-v1b-bank_marketing-s1,bank_marketing,1,hierarchical_complete,1,0.8,matched_full,0.885,0.5,0.46949602122015915,,0.001,0.2669390603741117,0.4935,0.5017829684050177,0.488667,,,0.2538456488640799,3.2212969922118306,0.883,0.4689325544344132
privacy-anti-gb-v1b-bank_marketing-s1,bank_marketing,1,kmeans,1,0.8,R4_center_radius_count,0.885,0.5,0.46949602122015915,,0.001,0.2669390603741117,0.4935,0.5017836459005264,0.48866899999999996,,,0.2538456488640799,3.2212969922118306,0.883,0.4689325544344132
privacy-anti-gb-v1b-bank_marketing-s1,bank_marketing,1,kmeans_tuned,1,0.8,matched_full,0.885,0.5,0.46949602122015915,,0.001,0.2669390603741117,0.4935,0.5017829684050177,0.488667,,,0.2538456488640799,3.2212969922118306,0.883,0.4689325544344132
privacy-anti-gb-v1b-bank_marketing-s1,bank_marketing,1,knn_local_prototypes,1,0.8,matched_full,0.885,0.5,0.46949602122015915,,0.001,0.2669390603741117,0.4935,0.5017829684050177,0.488667,,,0.2538456488640799,3.2212969922118306,0.883,0.4689325544344132
privacy-anti-gb-v1b-bank_marketing-s1,bank_marketing,1,oracle_supervised,1,0.8,matched_full,0.885,0.5,0.46949602122015915,,0.001,0.2669390603741117,0.4935,0.5017829684050177,0.488667,,,0.2538456488640799,3.2212969922118306,0.883,0.4689325544344132
privacy-anti-gb-v1b-bank_marketing-s1,bank_marketing,1,random,1,0.8,matched_full,0.885,0.5,0.46949602122015915,,0.001,0.2669390603741117,0.4935,0.5017829684050177,0.488667,,,0.2538456488640799,3.2212969922118306,0.883,0.4689325544344132
privacy-anti-gb-v1b-bank_marketing-s1,bank_marketing,1,tree,1,0.8,matched_full,0.885,0.5,0.46949602122015915,,0.001,0.2669390603741117,0.4935,0.5017829684050177,0.488667,,,0.2538456488640799,3.2212969922118306,0.883,0.4689325544344132
privacy-anti-gb-v1b-bank_marketing-s1,bank_marketing,1,granular_ball,61,0.9,R8_center_radius_count_purity,0.879,0.5701351019405552,0.5768860914415596,0.060108211961698695,0.061,0.20470970864591323,0.51,0.5544976655831579,0.552938,0.0021758444155923233,0.0637320030317949,0.17341035816752726,2.7083120171593684,0.881,0.5273557740045676
privacy-anti-gb-v1b-bank_marketing-s1,bank_marketing,1,hierarchical,61,0.9,matched_full,0.888,0.6597494473102431,0.68324358568261,-0.5272623137833933,0.061,0.10396391239471647,0.586,0.6360270652933586,0.638278,-0.2588133775757899,0.11689736777023405,0.08496973696296682,1.970224192956882,0.861,0.5938985447544255
privacy-anti-gb-v1b-bank_marketing-s1,bank_marketing,1,hierarchical_average,61,0.9,matched_full,0.695,0.6940260378285432,0.5789473684210527,-0.45747078219592757,0.061,0.16743112760157985,0.5105,0.5647593911459778,0.5634129999999999,0.22913947384167135,-0.45252298467625485,0.1146467468375933,2.310876671613934,0.884,0.5360816496296652
privacy-anti-gb-v1b-bank_marketing-s1,bank_marketing,1,hierarchical_complete,61,0.9,matched_full,0.831,0.6338295259150086,0.6370578924875279,-0.6746882957171939,0.061,0.1276689332716007,0.557,0.6124732318159336,0.613764,0.10197200880904832,-0.2404742404301223,0.09167055376306016,2.083867824903404,0.884,0.5919573384362117
privacy-anti-gb-v1b-bank_marketing-s1,bank_marketing,1,kmeans,61,0.9,R4_center_radius_count,0.878,0.7011790714812085,0.6909170137516594,-0.6385739864869557,0.061,0.10697030264264881,0.606,0.647368195583947,0.6678819999999999,0.18872090188318238,-0.048975274790138926,0.0844088042740351,1.9647961540475927,0.863,0.5754189251590629
privacy-anti-gb-v1b-bank_marketing-s1,bank_marketing,1,kmeans_tuned,61,0.9,matched_full,0.878,0.7011790714812085,0.6909170137516594,-0.6190330982327212,0.061,0.10697030264264881,0.5965,0.6484452235947196,0.666948,-0.0030563204127565277,-0.00936136461971338,0.0844088042740351,1.9647961540475927,0.863,0.5754189251590629
privacy-anti-gb-v1b-bank_marketing-s1,bank_marketing,1,knn_local_prototypes,61,0.9,matched_full,0.733,0.6905870793416851,0.5983506804721711,-0.003998389881310582,0.061,0.1293016208453002,0.522,0.551762543165635,0.5543575000000001,-0.23639014745570536,0.14259248013783382,0.10031424280324368,2.1693318124286,0.871,0.5875418453185999
privacy-anti-gb-v1b-bank_marketing-s1,bank_marketing,1,oracle_supervised,61,0.9,matched_full,0.871,0.6683468435273888,0.6744652018441926,-0.6811568559939025,0.061,0.11637756133742579,0.59,0.628354264402366,0.628354,,-0.11092304011332439,0.0924536277828169,2.054949340611176,0.697,0.575496479983188
privacy-anti-gb-v1b-bank_marketing-s1,bank_marketing,1,random,61,0.9,matched_full,0.385,0.5373028739867355,0.35158797685959825,-0.07464941782004215,0.061,0.2430349262410138,0.4955,0.49384382549221245,0.491614,-0.6631096651280093,0.42139483189774946,0.24029951834228336,3.1906340738902115,0.883,0.4689325544344132
privacy-anti-gb-v1b-bank_marketing-s1,bank_marketing,1,tree,56,0.9,matched_full,0.569,0.6395725865880618,0.47722026735756073,0.10270666131089903,0.056,0.16363404065554296,0.5275,0.5515352690704022,0.538945,0.6762659439891343,0.11729323308270678,0.18063999867556413,2.757200599768569,0.81,0.6031049724680186
privacy-anti-gb-v1b-bank_marketing-s1,bank_marketing,1,granular_ball,204,0.95,R8_center_radius_count_purity,0.696,0.7754360108081552,0.5797180793116224,0.06511056702938109,0.204,0.10794282369856839,0.529,0.6490239825217776,0.6604285,-0.03377920013414294,0.13382146398039335,0.08181182471766694,1.8290966608485841,0.885,0.6201800016513913
privacy-anti-gb-v1b-bank_marketing-s1,bank_marketing,1,hierarchical,204,0.95,matched_full,0.954,0.8904200442151806,0.8825331971399387,-0.23188088047415126,0.204,0.055567394237061106,0.5105,0.687661741500352,0.6634329999999999,0.12638425690445332,-0.21987952113269235,0.04469247216906631,1.4172052034441314,0.885,0.6671673627210081
privacy-anti-gb-v1b-bank_marketing-s1,bank_marketing,1,hierarchical_average,204,0.95,matched_full,0.907,0.8872611152051094,0.8151001540832049,-0.5127294188560181,0.204,0.07005474638394191,0.538,0.7134778993043902,0.7381770000000001,0.18688245433750733,-0.49357546227319704,0.05409610198514272,1.5222737452171915,0.879,0.6250050360893914
privacy-anti-gb-v1b-bank_marketing-s1,bank_marketing,1,hierarchical_complete,204,0.95,matched_full,0.938,0.8739032178825841,0.8563098515819821,-0.45528356458125263,0.204,0.06208796060100756,0.522,0.7458902065337221,0.7811584999999999,0.17765109558743328,-0.4218376395691526,0.04733876778786048,1.457675385827513,0.879,0.6047185498070962
privacy-anti-gb-v1b-bank_marketing-s1,bank_marketing,1,kmeans,204,0.95,R4_center_radius_count,0.945,0.8777450257921885,0.8664111476253975,-0.6655067393060394,0.204,0.056436214797911825,0.5205,0.7607624984415782,0.787749,0.1564531181917636,-0.6161133805780327,0.04760494780150826,1.4337023465581387,0.874,0.5285560344827587
privacy-anti-gb-v1b-bank_marketing-s1,bank_marketing,1,kmeans_tuned,204,0.95,matched_full,0.948,0.8549103414394498,0.8650556385982395,-0.3232765601104256,0.204,0.056144833360199965,0.5145,0.7508238413087875,0.7731210000000001,0.10944616743253405,-0.31682955249434214,0.047381231070376256,1.440028309990237,0.877,0.6108469299619389
privacy-anti-gb-v1b-bank_marketing-s1,bank_marketing,1,knn_local_prototypes,204,0.95,matched_full,0.899,0.8686760009825595,0.800312777412014,-0.5629393519324627,0.204,0.06810022287295431,0.5345,0.6904850636944967,0.6798664999999999,0.24550191814327144,-0.5550160363997317,0.0549388800679223,1.5411309395664394,0.869,0.5364325120049824
privacy-anti-gb-v1b-bank_marketing-s1,bank_marketing,1,oracle_supervised,204,0.95,matched_full,0.941,0.8636305576025546,0.8545217835136194,-0.3594359792424533,0.204,0.06041005955790763,0.5195,0.6812245621972481,0.666104,,-0.27137050409762375,0.05042204825903604,1.4740051171088926,0.819,0.6252890553350765
privacy-anti-gb-v1b-bank_marketing-s1,bank_marketing,1,random,204,0.95,matched_full,0.612,0.5857577990665684,0.4907174059139785,-0.3290750493996721,0.204,0.2691105095185458,0.4845,0.4999323845882503,0.491728,-0.6065942088914159,-0.053882745489614796,0.3992368628747694,4.302352839808203,0.883,0.4689325544344132
privacy-anti-gb-v1b-bank_marketing-s1,bank_marketing,1,tree,82,0.95,matched_full,0.587,0.6512110046671581,0.48951276279895334,0.009796947937270763,0.082,0.1643529864736963,0.521,0.5635899531741764,0.549517,0.5007999741453686,-0.17798021353707513,0.1773629497979708,2.7751867566575785,0.85,0.6107374190333832
privacy-anti-gb-v1b-bank_marketing-s7,bank_marketing,7,granular_ball,1,0.8,R8_center_radius_count_purity,0.885,0.5,0.46949602122015915,,0.001,0.26574443788128616,0.503,0.5048230010172727,0.49973799999999996,,,0.24264110161389174,3.2217641761981195,0.883,0.4689325544344132
privacy-anti-gb-v1b-bank_marketing-s7,bank_marketing,7,hierarchical,1,0.8,matched_full,0.885,0.5,0.46949602122015915,,0.001,0.26574443788128616,0.503,0.5048230010172727,0.49973799999999996,,,0.24264110161389174,3.2217641761981195,0.883,0.4689325544344132
privacy-anti-gb-v1b-bank_marketing-s7,bank_marketing,7,hierarchical_average,1,0.8,matched_full,0.885,0.5,0.46949602122015915,,0.001,0.26574443788128616,0.503,0.5048230010172727,0.49973799999999996,,,0.24264110161389174,3.2217641761981195,0.883,0.4689325544344132
privacy-anti-gb-v1b-bank_marketing-s7,bank_marketing,7,hierarchical_complete,1,0.8,matched_full,0.885,0.5,0.46949602122015915,,0.001,0.26574443788128616,0.503,0.5048230010172727,0.49973799999999996,,,0.24264110161389174,3.2217641761981195,0.883,0.4689325544344132
privacy-anti-gb-v1b-bank_marketing-s7,bank_marketing,7,kmeans,1,0.8,R4_center_radius_count,0.885,0.5,0.46949602122015915,,0.001,0.26574443788128616,0.503,0.5048208655507312,0.49973500000000004,,,0.24264110161389174,3.2217641761981195,0.883,0.4689325544344132
privacy-anti-gb-v1b-bank_marketing-s7,bank_marketing,7,kmeans_tuned,1,0.8,matched_full,0.885,0.5,0.46949602122015915,,0.001,0.26574443788128616,0.503,0.5048230010172727,0.49973799999999996,,,0.24264110161389174,3.2217641761981195,0.883,0.4689325544344132
privacy-anti-gb-v1b-bank_marketing-s7,bank_marketing,7,knn_local_prototypes,1,0.8,matched_full,0.885,0.5,0.46949602122015915,,0.001,0.26574443788128616,0.503,0.5048230010172727,0.49973799999999996,,,0.24264110161389174,3.2217641761981195,0.883,0.4689325544344132
privacy-anti-gb-v1b-bank_marketing-s7,bank_marketing,7,oracle_supervised,1,0.8,matched_full,0.885,0.5,0.46949602122015915,,0.001,0.26574443788128616,0.503,0.5048230010172727,0.49973799999999996,,,0.24264110161389174,3.2217641761981195,0.883,0.4689325544344132
privacy-anti-gb-v1b-bank_marketing-s7,bank_marketing,7,random,1,0.8,matched_full,0.885,0.5,0.46949602122015915,,0.001,0.26574443788128616,0.503,0.5048230010172727,0.49973799999999996,,,0.24264110161389174,3.2217641761981195,0.883,0.4689325544344132
privacy-anti-gb-v1b-bank_marketing-s7,bank_marketing,7,tree,1,0.8,matched_full,0.885,0.5,0.46949602122015915,,0.001,0.26574443788128616,0.503,0.5048230010172727,0.49973799999999996,,,0.24264110161389174,3.2217641761981195,0.883,0.4689325544344132
privacy-anti-gb-v1b-bank_marketing-s7,bank_marketing,7,granular_ball,98,0.9,R8_center_radius_count_purity,0.54,0.6304003930238271,0.4688491577795124,0.051195976074650984,0.098,0.15310693758868255,0.5155,0.5793168881847145,0.5756695000000001,-0.05796698735400279,0.11885473067090345,0.11580750991297037,2.250875100223942,0.884,0.515892094017094
privacy-anti-gb-v1b-bank_marketing-s7,bank_marketing,7,hierarchical,98,0.9,matched_full,0.9,0.7444952100221077,0.740491612688922,-0.39865786902244377,0.098,0.08447434449508062,0.5755,0.6557257505668519,0.6663879999999999,-0.07184380483558879,0.04654854731422056,0.06797537350281327,1.7653017563336348,0.886,0.5989925567390356
privacy-anti-gb-v1b-bank_marketing-s7,bank_marketing,7,hierarchical_average,98,0.9,matched_full,0.765,0.7020535494964382,0.6250073801739009,-0.6124657099194264,0.098,0.11836987720299358,0.516,0.6185708135282575,0.6379984999999999,0.46220075034982144,-0.5668332031243548,0.08559821783385005,1.9789953362648849,0.887,0.5572638119977589
privacy-anti-gb-v1b-bank_marketing-s7,bank_marketing,7,hierarchical_complete,98,0.9,matched_full,0.867,0.7294030950626381,0.7011068037530198,-0.6793048903391162,0.098,0.09885612302593004,0.509,0.589889716721022,0.5825815,0.29955500156248066,-0.5658771705983114,0.07247731339879283,1.8463244061549597,0.892,0.6010107727091368
privacy-anti-gb-v1b-bank_marketing-s7,bank_marketing,7,kmeans,98,0.9,R4_center_radius_count,0.883,0.7097912060918694,0.7199824809552188,-0.7497966310806674,0.098,0.08323756444920807,0.6555,0.7017182636081918,0.723629,0.13060084045237946,-0.13458019229826,0.0688694775087373,1.7721842706997326,0.887,0.595270756700418
privacy-anti-gb-v1b-bank_marketing-s7,bank_marketing,7,kmeans_tuned,98,0.9,matched_full,0.901,0.7317071972488333,0.7441272023798755,-0.5937652196035479,0.098,0.08100895929227706,0.6245,0.6875065799387967,0.693485,-0.007853922641623089,-0.017565224053198693,0.0687076140547283,1.7671958727323722,0.891,0.6656021156034961
privacy-anti-gb-v1b-bank_marketing-s7,bank_marketing,7,knn_local_prototypes,98,0.9,matched_full,0.812,0.7123114713829526,0.6653351277066911,-0.04494413015748658,0.098,0.10338275759409783,0.5315,0.6193750794309281,0.6378030000000001,0.007215088195041537,-0.03162997008486853,0.08021837069774149,1.9287548370759786,0.889,0.5650998507234622
privacy-anti-gb-v1b-bank_marketing-s7,bank_marketing,7,oracle_supervised,98,0.9,matched_full,0.885,0.753927781871776,0.7306482476911871,-0.3599346841776854,0.098,0.08903657599804927,0.5875,0.6522998660174171,0.6570435000000001,,-0.05864274316960228,0.07400390014609468,1.8336302349916105,0.708,0.5703633078494035
privacy-anti-gb-v1b-bank_marketing-s7,bank_marketing,7,random,98,0.9,matched_full,0.761,0.5831785802014248,0.5450037027941341,-0.035962723959999325,0.098,0.23201481174395502,0.5005,0.5023317811559408,0.5034850000000001,-0.07958885758887907,0.6413504968383017,0.2520564174509259,3.3766372488935565,0.883,0.4689325544344132
privacy-anti-gb-v1b-bank_marketing-s7,bank_marketing,7,tree,89,0.9,matched_full,0.693,0.6761581920903955,0.5505328455077442,-0.5494392850215859,0.089,0.2988319235848008,0.544,0.5926160514538442,0.570681,-0.44195239135441283,-0.40965590143617403,0.4014848889515402,4.200288979674828,0.306,0.29780965177834257
privacy-anti-gb-v1b-bank_marketing-s7,bank_marketing,7,granular_ball,246,0.95,R8_center_radius_count_purity,0.881,0.7245934659788749,0.7130974624796577,-0.0547796477997161,0.246,0.08340063438725476,0.5315,0.6852103098520628,0.6978694999999999,0.015246233753578455,-0.025927206363160756,0.06273169014567419,1.5955322901835691,0.89,0.6036036036036037
privacy-anti-gb-v1b-bank_marketing-s7,bank_marketing,7,hierarchical,246,0.95,matched_full,0.966,0.9155342667649227,0.9110422706198784,-0.5314836171895488,0.246,0.0482506134137615,0.5135,0.7855919434513209,0.8299755,0.1805378021566076,-0.3928635108052377,0.038474795615471694,1.3116942812022947,0.878,0.6160189346728607
privacy-anti-gb-v1b-bank_marketing-s7,bank_marketing,7,hierarchical_average,246,0.95,matched_full,0.88,0.842490788504053,0.765988814265322,-0.46196579000746557,0.246,0.058516561349981774,0.5445,0.7092568940270942,0.7025075,0.17347994857394358,-0.4499558064952646,0.04515630161154237,1.371232869484864,0.885,0.593051441836435
privacy-anti-gb-v1b-bank_marketing-s7,bank_marketing,7,hierarchical_complete,246,0.95,matched_full,0.955,0.9195431098010317,0.8907000298753251,-0.45147343641177806,0.246,0.05258635466461845,0.521,0.7082304866130062,0.7108260000000001,0.18230581111550884,-0.38922085611092205,0.040418499288327206,1.3466546405034676,0.888,0.6060277750418596
privacy-anti-gb-v1b-bank_marketing-s7,bank_marketing,7,kmeans,246,0.95,R4_center_radius_count,0.939,0.8185163350528126,0.8397398004891876,-0.43573880356630906,0.246,0.04923097091402673,0.5245,0.7346508961226066,0.7260530000000001,0.15859479363953946,-0.4393643596286255,0.0414900103792766,1.328964659279784,0.884,0.6059782608695652
privacy-anti-gb-v1b-bank_marketing-s7,bank_marketing,7,kmeans_tuned,246,0.95,matched_full,0.952,0.9048047162859248,0.8820928518791451,-0.39689270309489344,0.246,0.05009065520400393,0.521,0.7672570022434179,0.7973775000000001,0.1540776728786171,-0.3782643732589972,0.0412093847545777,1.3317918001086764,0.885,0.5724509712798588
privacy-anti-gb-v1b-bank_marketing-s7,bank_marketing,7,knn_local_prototypes,246,0.95,matched_full,0.901,0.8893932694669614,0.800932600604441,-0.4697297115735831,0.246,0.05786308247281312,0.54,0.674876879999365,0.6574235,0.2037253234622019,-0.46688890989705745,0.046966093677448625,1.4029903406204858,0.891,0.6095974555782793
privacy-anti-gb-v1b-bank_marketing-s7,bank_marketing,7,oracle_supervised,246,0.95,matched_full,0.947,0.8882387619749447,0.8672926447574335,-0.33796471658646576,0.246,0.05125725114945974,0.5265,0.7410492952831048,0.7547485,,-0.33118913535946887,0.0432189207636758,1.357813616702069,0.832,0.6237098623853211
privacy-anti-gb-v1b-bank_marketing-s7,bank_marketing,7,random,246,0.95,matched_full,0.656,0.5951215917464997,0.5143986448334275,-0.21191238719396474,0.246,0.26539836902131836,0.504,0.511100167771052,0.51546,-0.6609271184585602,0.19939949364969767,0.5022856062233348,4.873187419854508,0.883,0.4689325544344132
privacy-anti-gb-v1b-bank_marketing-s7,bank_marketing,7,tree,89,0.95,matched_full,0.693,0.6761581920903955,0.5505328455077442,-0.5494392850215859,0.089,0.2988319235848008,0.544,0.5926160514538442,0.570681,-0.44195239135441283,-0.40965590143617403,0.4014848889515402,4.200288979674828,0.306,0.29780965177834257
privacy-anti-gb-v1b-bank_marketing-s21,bank_marketing,21,granular_ball,1,0.8,R8_center_radius_count_purity,0.885,0.5,0.46949602122015915,,0.001,0.260086514406819,0.5065,0.5094165071948048,0.515706,,,0.22812155268920017,3.1446726652455093,0.883,0.4689325544344132
privacy-anti-gb-v1b-bank_marketing-s21,bank_marketing,21,hierarchical,1,0.8,matched_full,0.885,0.5,0.46949602122015915,,0.001,0.260086514406819,0.5065,0.5094165071948048,0.515706,,,0.22812155268920017,3.1446726652455093,0.883,0.4689325544344132
privacy-anti-gb-v1b-bank_marketing-s21,bank_marketing,21,hierarchical_average,1,0.8,matched_full,0.885,0.5,0.46949602122015915,,0.001,0.260086514406819,0.5065,0.5094165071948048,0.515706,,,0.22812155268920017,3.1446726652455093,0.883,0.4689325544344132
privacy-anti-gb-v1b-bank_marketing-s21,bank_marketing,21,hierarchical_complete,1,0.8,matched_full,0.885,0.5,0.46949602122015915,,0.001,0.260086514406819,0.5065,0.5094165071948048,0.515706,,,0.22812155268920017,3.1446726652455093,0.883,0.4689325544344132
privacy-anti-gb-v1b-bank_marketing-s21,bank_marketing,21,kmeans,1,0.8,R4_center_radius_count,0.885,0.5,0.46949602122015915,,0.001,0.260086514406819,0.5065,0.5094168237696609,0.515706,,,0.22812155268920017,3.1446726652455093,0.883,0.4689325544344132
privacy-anti-gb-v1b-bank_marketing-s21,bank_marketing,21,kmeans_tuned,1,0.8,matched_full,0.885,0.5,0.46949602122015915,,0.001,0.260086514406819,0.5065,0.5094165071948048,0.515706,,,0.22812155268920017,3.1446726652455093,0.883,0.4689325544344132
privacy-anti-gb-v1b-bank_marketing-s21,bank_marketing,21,knn_local_prototypes,1,0.8,matched_full,0.885,0.5,0.46949602122015915,,0.001,0.260086514406819,0.5065,0.5094165071948048,0.515706,,,0.22812155268920017,3.1446726652455093,0.883,0.4689325544344132
privacy-anti-gb-v1b-bank_marketing-s21,bank_marketing,21,oracle_supervised,1,0.8,matched_full,0.885,0.5,0.46949602122015915,,0.001,0.260086514406819,0.5065,0.5094165071948048,0.515706,,,0.22812155268920017,3.1446726652455093,0.883,0.4689325544344132
privacy-anti-gb-v1b-bank_marketing-s21,bank_marketing,21,random,1,0.8,matched_full,0.885,0.5,0.46949602122015915,,0.001,0.260086514406819,0.5065,0.5094165071948048,0.515706,,,0.22812155268920017,3.1446726652455093,0.883,0.4689325544344132
privacy-anti-gb-v1b-bank_marketing-s21,bank_marketing,21,tree,1,0.8,matched_full,0.885,0.5,0.46949602122015915,,0.001,0.260086514406819,0.5065,0.5094165071948048,0.515706,,,0.22812155268920017,3.1446726652455093,0.883,0.4689325544344132
privacy-anti-gb-v1b-bank_marketing-s21,bank_marketing,21,granular_ball,94,0.9,R8_center_radius_count_purity,0.834,0.685232129697863,0.6446157139798758,0.5695433544738384,0.094,0.16593179173802605,0.513,0.5719595447605194,0.5618325000000001,-0.30215598913677855,0.5759707998549936,0.1440037466674848,2.4056050489258434,0.885,0.5235313371367962
privacy-anti-gb-v1b-bank_marketing-s21,bank_marketing,21,hierarchical,94,0.9,matched_full,0.914,0.766588061901253,0.780388151174668,-0.6361910083364746,0.094,0.08374524715938263,0.643,0.7156070893106117,0.727031,0.026798935672520615,-0.0729772492544377,0.0669018938374014,1.7581746151296824,0.889,0.5873222418440376
privacy-anti-gb-v1b-bank_marketing-s21,bank_marketing,21,hierarchical_average,94,0.9,matched_full,0.826,0.7764775239498893,0.690256979898746,-0.3362786782714516,0.094,0.10966163368656089,0.511,0.6015568211580107,0.594747,0.32472644447564775,-0.32477861748427783,0.08186743624286397,1.942406743607924,0.885,0.5432429748783636
privacy-anti-gb-v1b-bank_marketing-s21,bank_marketing,21,hierarchical_complete,94,0.9,matched_full,0.887,0.7635323016457873,0.7460531490533175,-0.21176811678832425,0.094,0.09652774603373343,0.5045,0.5947003436124375,0.5895455000000001,0.08690926072307316,-0.07452705906396405,0.07136846214391382,1.832605473739115,0.888,0.5754938674024773
privacy-anti-gb-v1b-bank_marketing-s21,bank_marketing,21,kmeans,94,0.9,R4_center_radius_count,0.903,0.747177597641857,0.7492963498065447,-0.469630237322524,0.094,0.08231378041971625,0.621,0.672745800995542,0.6980770000000001,0.06043339879056899,-0.08960043926092222,0.06844070021875465,1.7689154864711134,0.889,0.6412863278384431
privacy-anti-gb-v1b-bank_marketing-s21,bank_marketing,21,kmeans_tuned,94,0.9,matched_full,0.907,0.7525767624662245,0.7615623053079308,-0.13617303530912786,0.094,0.08169577944680866,0.534,0.6066903074042032,0.6062735,0.011524835865627353,-0.053242296298791514,0.06836237676339624,1.7666738263562711,0.868,0.6300406955234924
privacy-anti-gb-v1b-bank_marketing-s21,bank_marketing,21,knn_local_prototypes,94,0.9,matched_full,0.828,0.6529353967084255,0.6511552440290758,-0.5060139253858523,0.094,0.10010966644440043,0.511,0.6127517501932047,0.633489,0.39501132337044076,-0.5286840976414549,0.07952524511735555,1.9217322042911906,0.879,0.6131206456089193
privacy-anti-gb-v1b-bank_marketing-s21,bank_marketing,21,oracle_supervised,94,0.9,matched_full,0.895,0.741331368214198,0.7430494886684824,-0.28768625706475814,0.094,0.08941044833088653,0.507,0.5928706684612322,0.592401,,-0.2878123238200776,0.07291887813870214,1.818322375901366,0.726,0.5702607921003269
privacy-anti-gb-v1b-bank_marketing-s21,bank_marketing,21,random,94,0.9,matched_full,0.541,0.4989339228690739,0.42509948033502043,-0.49296616657208053,0.094,0.2736856285359223,0.5025,0.509830646587387,0.498393,-0.8228363014576259,0.2482535182747798,0.27463449627784153,3.5439454794520415,0.883,0.4689325544344132
privacy-anti-gb-v1b-bank_marketing-s21,bank_marketing,21,tree,79,0.9,matched_full,0.638,0.6249521002210758,0.5134173158916292,0.056467703987202265,0.079,0.1871320132196422,0.529,0.573547083515438,0.5457609999999999,0.23564861583408794,-0.1728578383641675,0.16867384485624706,2.7292078960131,0.868,0.5929895533985372
privacy-anti-gb-v1b-bank_marketing-s21,bank_marketing,21,granular_ball,200,0.95,R8_center_radius_count_purity,0.887,0.636963890935888,0.6461839530332681,0.17224153357250752,0.2,0.10040262106941794,0.5255,0.6581608897713029,0.666546,0.012211695800988574,0.16666010126728456,0.0809727902543072,1.7712603228107469,0.882,0.5214457205891895
privacy-anti-gb-v1b-bank_marketing-s21,bank_marketing,21,hierarchical,200,0.95,matched_full,0.948,0.8624809629083763,0.8661435970304472,-0.3607159564856915,0.2,0.055043274698399355,0.626,0.7681440227733302,0.778363,-0.14288500906238308,-0.22617816336309104,0.0443458913734186,1.4199144156953103,0.875,0.5778153803545676
privacy-anti-gb-v1b-bank_marketing-s21,bank_marketing,21,hierarchical_average,200,0.95,matched_full,0.913,0.8460623925325473,0.8131599801563013,-0.3656217330035815,0.2,0.06811554586594405,0.5305,0.6958676006397383,0.6873250000000001,0.0820393083907434,-0.3553615561363463,0.051221389853061794,1.4878693899727287,0.884,0.5819819819819819
privacy-anti-gb-v1b-bank_marketing-s21,bank_marketing,21,hierarchical_complete,200,0.95,matched_full,0.949,0.8960451977401129,0.8796939981458722,-0.3819281664473549,0.2,0.06300572769044809,0.5135,0.7189192484974443,0.7251515000000001,0.18186303781582405,-0.28152524142208707,0.04688702671087713,1.4634770319525592,0.888,0.6195652173913043
privacy-anti-gb-v1b-bank_marketing-s21,bank_marketing,21,kmeans,200,0.95,R4_center_radius_count,0.938,0.8365266519282731,0.8416751787538304,-0.5706729062634828,0.2,0.05564878900490724,0.513,0.7517342512390297,0.7776980000000001,0.2140528814420758,-0.5957268491189874,0.04702087043689615,1.4345980546579102,0.882,0.608108826186301
privacy-anti-gb-v1b-bank_marketing-s21,bank_marketing,21,kmeans_tuned,200,0.95,matched_full,0.946,0.8741685089658562,0.8621041879468845,-0.27374435975058636,0.2,0.055756342685509254,0.509,0.7603038135299984,0.7754584999999999,0.04390452470454639,-0.24421726644653233,0.04681044652943346,1.4358174961185615,0.875,0.6240725870723074
privacy-anti-gb-v1b-bank_marketing-s21,bank_marketing,21,knn_local_prototypes,200,0.95,matched_full,0.87,0.8382264799803487,0.7478587388282025,-0.27640515403376853,0.2,0.06836598029341517,0.525,0.7204949193717016,0.7457445,0.13407216085711215,-0.24056989577532523,0.05411966503824109,1.5392642129371785,0.887,0.5631651583622946
privacy-anti-gb-v1b-bank_marketing-s21,bank_marketing,21,oracle_supervised,200,0.95,matched_full,0.942,0.8382117415868338,0.8482485792927337,-0.2783766782165221,0.2,0.059981914010639625,0.514,0.7084711417755051,0.6900324999999999,,-0.3235326752444831,0.04981436835965607,1.4742750479771602,0.79,0.6170790057182869
privacy-anti-gb-v1b-bank_marketing-s21,bank_marketing,21,random,200,0.95,matched_full,0.516,0.5905969049373618,0.4401880227996151,,0.2,0.24002080925267,0.517,0.5282171677425236,0.5343629999999999,0.028834928756376263,0.5636445796007598,0.26608294811533656,3.5319851452596693,0.883,0.4689325544344132
privacy-anti-gb-v1b-bank_marketing-s21,bank_marketing,21,tree,79,0.95,matched_full,0.638,0.6249521002210758,0.5134173158916292,0.056467703987202265,0.079,0.1871320132196422,0.529,0.573547083515438,0.5457609999999999,0.23564861583408794,-0.1728578383641675,0.16867384485624706,2.7292078960131,0.868,0.5929895533985372
privacy-anti-gb-v1b-bank_marketing-s42,bank_marketing,42,granular_ball,1,0.8,R8_center_radius_count_purity,0.116,0.5,0.1039426523297491,,0.001,0.2673352704415973,0.501,0.4958028218690178,0.49595500000000003,,,0.23719908774097037,3.212354746910646,0.883,0.4689325544344132
privacy-anti-gb-v1b-bank_marketing-s42,bank_marketing,42,hierarchical,1,0.8,matched_full,0.116,0.5,0.1039426523297491,,0.001,0.2673352704415973,0.501,0.4958028218690178,0.49595500000000003,,,0.23719908774097037,3.212354746910646,0.883,0.4689325544344132
privacy-anti-gb-v1b-bank_marketing-s42,bank_marketing,42,hierarchical_average,1,0.8,matched_full,0.116,0.5,0.1039426523297491,,0.001,0.2673352704415973,0.501,0.4958028218690178,0.49595500000000003,,,0.23719908774097037,3.212354746910646,0.883,0.4689325544344132
privacy-anti-gb-v1b-bank_marketing-s42,bank_marketing,42,hierarchical_complete,1,0.8,matched_full,0.116,0.5,0.1039426523297491,,0.001,0.2673352704415973,0.501,0.4958028218690178,0.49595500000000003,,,0.23719908774097037,3.212354746910646,0.883,0.4689325544344132
privacy-anti-gb-v1b-bank_marketing-s42,bank_marketing,42,kmeans,1,0.8,R4_center_radius_count,0.116,0.5,0.1039426523297491,,0.001,0.2673352704415973,0.501,0.4958028218690178,0.49595500000000003,,,0.23719908774097037,3.212354746910646,0.883,0.4689325544344132
privacy-anti-gb-v1b-bank_marketing-s42,bank_marketing,42,kmeans_tuned,1,0.8,matched_full,0.116,0.5,0.1039426523297491,,0.001,0.2673352704415973,0.501,0.4958028218690178,0.49595500000000003,,,0.23719908774097037,3.212354746910646,0.883,0.4689325544344132
privacy-anti-gb-v1b-bank_marketing-s42,bank_marketing,42,knn_local_prototypes,1,0.8,matched_full,0.116,0.5,0.1039426523297491,,0.001,0.2673352704415973,0.501,0.4958028218690178,0.49595500000000003,,,0.23719908774097037,3.212354746910646,0.883,0.4689325544344132
privacy-anti-gb-v1b-bank_marketing-s42,bank_marketing,42,oracle_supervised,1,0.8,matched_full,0.116,0.5,0.1039426523297491,,0.001,0.2673352704415973,0.501,0.4958028218690178,0.49595500000000003,,,0.23719908774097037,3.212354746910646,0.883,0.4689325544344132
privacy-anti-gb-v1b-bank_marketing-s42,bank_marketing,42,random,1,0.8,matched_full,0.116,0.5,0.1039426523297491,,0.001,0.2673352704415973,0.501,0.4958028218690178,0.49595500000000003,,,0.23719908774097037,3.212354746910646,0.883,0.4689325544344132
privacy-anti-gb-v1b-bank_marketing-s42,bank_marketing,42,tree,1,0.8,matched_full,0.116,0.5,0.1039426523297491,,0.001,0.2673352704415973,0.501,0.4958028218690178,0.49595500000000003,,,0.23719908774097037,3.212354746910646,0.883,0.4689325544344132
privacy-anti-gb-v1b-bank_marketing-s42,bank_marketing,42,granular_ball,106,0.9,R8_center_radius_count_purity,0.774,0.6334110235606178,0.5976901003282564,0.07085811555175035,0.106,0.16819440530559585,0.5145,0.5859786301454367,0.588605,0.030455763907540477,0.11516466341692079,0.12408038723478826,2.339688484575009,0.882,0.5214457205891895
privacy-anti-gb-v1b-bank_marketing-s42,bank_marketing,42,hierarchical,106,0.9,matched_full,0.906,0.7609513964737089,0.7520155333248912,-0.12036500126127567,0.106,0.0832002813454502,0.5015,0.6407452569246586,0.6411374999999999,-0.09983925813974151,0.006363361549782124,0.06628824552975737,1.7475882923251915,0.895,0.6493349052035361
privacy-anti-gb-v1b-bank_marketing-s42,bank_marketing,42,hierarchical_average,106,0.9,matched_full,0.796,0.6789329458573881,0.6280196055549072,-0.6324998265366232,0.106,0.10814482875947445,0.52,0.6171882516192286,0.614358,0.45904786046362006,-0.6327353893709895,0.07959494161182092,1.9012449900106476,0.886,0.5099387853359928
privacy-anti-gb-v1b-bank_marketing-s42,bank_marketing,42,hierarchical_complete,106,0.9,matched_full,0.879,0.7866623108129194,0.7401420413668098,-0.5271850834436607,0.106,0.09803699627587738,0.5055,0.6425696693915895,0.686248,0.056911980135964706,-0.4810140075924408,0.07144104148346235,1.8326541357117216,0.883,0.5908733280881197
privacy-anti-gb-v1b-bank_marketing-s42,bank_marketing,42,kmeans,106,0.9,R4_center_radius_count,0.899,0.714103214229989,0.7301766674948373,-0.20509092966424985,0.106,0.08156992987785155,0.5725,0.6727219102911065,0.6971395,-0.11016847979172674,0.10724902006771744,0.06801351907612019,1.7567248041237131,0.885,0.6507096668377683
privacy-anti-gb-v1b-bank_marketing-s42,bank_marketing,42,kmeans_tuned,106,0.9,matched_full,0.924,0.7997298720549227,0.8027736256435808,-0.4242854950247094,0.106,0.08020876826845115,0.6765,0.7171619099139368,0.753265,-0.02233116740201773,0.07088264486487127,0.06758363303677696,1.753971628378228,0.881,0.5980802420975483
privacy-anti-gb-v1b-bank_marketing-s42,bank_marketing,42,knn_local_prototypes,106,0.9,matched_full,0.809,0.7432321735060071,0.6670101169648757,-0.5945885000789164,0.106,0.09887953185843965,0.5165,0.6334773321494798,0.6404915,0.45676934777826744,-0.5898143646190062,0.07951335551445804,1.9059501028568098,0.889,0.5708967484797761
privacy-anti-gb-v1b-bank_marketing-s42,bank_marketing,42,oracle_supervised,106,0.9,matched_full,0.896,0.727970432204712,0.7365194215587916,-0.5598185245397752,0.106,0.08513179479341434,0.632,0.6934314860585851,0.706483,,-0.20304622689747664,0.07165641258421607,1.8092996297552146,0.794,0.6383833277159869
privacy-anti-gb-v1b-bank_marketing-s42,bank_marketing,42,random,106,0.9,matched_full,0.708,0.5761477999687938,0.5367550005076658,0.04738213546470645,0.106,0.3040822915910877,0.5015,0.4933522964466591,0.5027240000000001,-0.2690998813680652,0.22485088543994575,0.344548409928285,3.9985981940938835,0.883,0.4689325544344132
privacy-anti-gb-v1b-bank_marketing-s42,bank_marketing,42,tree,84,0.9,matched_full,0.695,0.6172862381026681,0.5363156094409183,-0.1634375523513772,0.084,0.16536311498988304,0.5405,0.5841765799412851,0.561462,-0.21089506849301973,-0.12455198947048698,0.1570392431844133,2.668658509092117,0.832,0.6612220205686631
privacy-anti-gb-v1b-bank_marketing-s42,bank_marketing,42,granular_ball,133,0.95,R8_center_radius_count_purity,0.585,0.7242695818380402,0.5082792736751681,-0.041977781907500206,0.133,0.15425826830247827,0.5175,0.6020390612114037,0.6034835,0.1745994690900685,-0.009797761332765713,0.11564465452943605,2.2404004969446567,0.881,0.5207622698954134
privacy-anti-gb-v1b-bank_marketing-s42,bank_marketing,42,hierarchical,133,0.95,matched_full,0.924,0.7964190981432361,0.8011533107973752,-0.4085587481392685,0.133,0.07398325354606858,0.5065,0.684386426780675,0.6833750000000001,0.005008814714794841,-0.22796546456987735,0.05926951956502905,1.6513021783076156,0.891,0.6551407753321248
privacy-anti-gb-v1b-bank_marketing-s42,bank_marketing,42,hierarchical_average,133,0.95,matched_full,0.804,0.7901534950850366,0.6776973117324756,-0.4937618822947713,0.133,0.09702611190678119,0.5245,0.6540967830100337,0.6732325,0.2961070544900837,-0.4871545699896603,0.0724398904192075,1.79956655754868,0.879,0.5194121735676696
privacy-anti-gb-v1b-bank_marketing-s42,bank_marketing,42,hierarchical_complete,133,0.95,matched_full,0.895,0.8317649009205803,0.7686608104803263,-0.7023768764211844,0.133,0.0868092671121931,0.511,0.6891733419330665,0.7286785000000001,0.17576276450932188,-0.6406769507916473,0.06368223549431373,1.7181139164802146,0.885,0.6243192828745128
privacy-anti-gb-v1b-bank_marketing-s42,bank_marketing,42,kmeans,133,0.95,R4_center_radius_count,0.907,0.7784853331252926,0.7689274506734647,0.0014412104339977469,0.133,0.07235059132927014,0.5385,0.6842939246743501,0.7111325000000001,0.1028804354825049,-0.012901185870986714,0.061077054257103185,1.6613446023178278,0.881,0.6154330902051778
privacy-anti-gb-v1b-bank_marketing-s42,bank_marketing,42,kmeans_tuned,133,0.95,matched_full,0.914,0.7594447261663284,0.7821218293659238,-0.10380752779511301,0.133,0.07293957012131952,0.545,0.6932686234898477,0.720098,0.1490972431692474,-0.06073652985475204,0.061212152063863226,1.6628193083236478,0.886,0.6037043217086601
privacy-anti-gb-v1b-bank_marketing-s42,bank_marketing,42,knn_local_prototypes,133,0.95,matched_full,0.838,0.779065571852083,0.711618567491936,-0.5208453920295744,0.133,0.0872937802210743,0.52,0.6534631228990071,0.6767340000000001,0.33272142953551154,-0.507688110268905,0.07160886448192424,1.7974590090010323,0.889,0.5765282180994129
privacy-anti-gb-v1b-bank_marketing-s42,bank_marketing,42,oracle_supervised,133,0.95,matched_full,0.918,0.8122123186144485,0.798575288626873,-0.412892278141766,0.133,0.07831906408864817,0.634,0.6943698751312176,0.710691,,-0.1755032987266834,0.06433831308414799,1.7057306868690443,0.814,0.6608414050647683
privacy-anti-gb-v1b-bank_marketing-s42,bank_marketing,42,random,133,0.95,matched_full,0.495,0.5376911374629427,0.41439702026650155,-0.3083724258708588,0.133,0.32083058703540324,0.4975,0.4923132680658619,0.49473100000000003,-0.36135595930338343,0.004418469909564955,0.41483536215715616,4.423424615627833,0.883,0.4689325544344132
privacy-anti-gb-v1b-bank_marketing-s42,bank_marketing,42,tree,84,0.95,matched_full,0.695,0.6172862381026681,0.5363156094409183,-0.1634375523513772,0.084,0.16536311498988304,0.5405,0.5841765799412851,0.561462,-0.21089506849301973,-0.12455198947048698,0.1570392431844133,2.668658509092117,0.832,0.6612220205686631
privacy-anti-gb-v1b-bank_marketing-s2026,bank_marketing,2026,granular_ball,1,0.8,R8_center_radius_count_purity,0.885,0.5,0.46949602122015915,,0.001,0.26832010118188193,0.489,0.4804724651985942,0.471682,,,0.2484103571481525,3.2232388357701387,0.883,0.4689325544344132
privacy-anti-gb-v1b-bank_marketing-s2026,bank_marketing,2026,hierarchical,1,0.8,matched_full,0.885,0.5,0.46949602122015915,,0.001,0.26832010118188193,0.489,0.4804724651985942,0.471682,,,0.2484103571481525,3.2232388357701387,0.883,0.4689325544344132
privacy-anti-gb-v1b-bank_marketing-s2026,bank_marketing,2026,hierarchical_average,1,0.8,matched_full,0.885,0.5,0.46949602122015915,,0.001,0.26832010118188193,0.489,0.4804724651985942,0.471682,,,0.2484103571481525,3.2232388357701387,0.883,0.4689325544344132
privacy-anti-gb-v1b-bank_marketing-s2026,bank_marketing,2026,hierarchical_complete,1,0.8,matched_full,0.885,0.5,0.46949602122015915,,0.001,0.26832010118188193,0.489,0.4804724651985942,0.471682,,,0.2484103571481525,3.2232388357701387,0.883,0.4689325544344132
privacy-anti-gb-v1b-bank_marketing-s2026,bank_marketing,2026,kmeans,1,0.8,R4_center_radius_count,0.885,0.5,0.46949602122015915,,0.001,0.26832010118188193,0.489,0.48047342086794964,0.47168299999999996,,,0.2484103571481525,3.2232388357701387,0.883,0.4689325544344132
privacy-anti-gb-v1b-bank_marketing-s2026,bank_marketing,2026,kmeans_tuned,1,0.8,matched_full,0.885,0.5,0.46949602122015915,,0.001,0.26832010118188193,0.489,0.4804724651985942,0.471682,,,0.2484103571481525,3.2232388357701387,0.883,0.4689325544344132
privacy-anti-gb-v1b-bank_marketing-s2026,bank_marketing,2026,knn_local_prototypes,1,0.8,matched_full,0.885,0.5,0.46949602122015915,,0.001,0.26832010118188193,0.489,0.4804724651985942,0.471682,,,0.2484103571481525,3.2232388357701387,0.883,0.4689325544344132
privacy-anti-gb-v1b-bank_marketing-s2026,bank_marketing,2026,oracle_supervised,1,0.8,matched_full,0.885,0.5,0.46949602122015915,,0.001,0.26832010118188193,0.489,0.4804724651985942,0.471682,,,0.2484103571481525,3.2232388357701387,0.883,0.4689325544344132
privacy-anti-gb-v1b-bank_marketing-s2026,bank_marketing,2026,random,1,0.8,matched_full,0.885,0.5,0.46949602122015915,,0.001,0.26832010118188193,0.489,0.4804724651985942,0.471682,,,0.2484103571481525,3.2232388357701387,0.883,0.4689325544344132
privacy-anti-gb-v1b-bank_marketing-s2026,bank_marketing,2026,tree,1,0.8,matched_full,0.885,0.5,0.46949602122015915,,0.001,0.26832010118188193,0.489,0.4804724651985942,0.471682,,,0.2484103571481525,3.2232388357701387,0.883,0.4689325544344132
privacy-anti-gb-v1b-bank_marketing-s2026,bank_marketing,2026,granular_ball,95,0.9,R8_center_radius_count_purity,0.782,0.7463964627855564,0.6291482658428541,0.0074824430718333215,0.095,0.14631794506947424,0.5115,0.584459004224311,0.5815925,0.1071703998895803,0.030143602606800636,0.10959713266453652,2.2035172512343837,0.885,0.555433568244813
privacy-anti-gb-v1b-bank_marketing-s2026,bank_marketing,2026,hierarchical,95,0.9,matched_full,0.901,0.7416801768607223,0.7399055778431078,-0.841536574890902,0.095,0.08656176756834133,0.678,0.7269509951512408,0.741767,-0.028516140408523936,0.045289912129029164,0.06943295143261254,1.7849417500781144,0.882,0.5214457205891895
privacy-anti-gb-v1b-bank_marketing-s2026,bank_marketing,2026,hierarchical_average,95,0.9,matched_full,0.802,0.7274625399164825,0.6571428571428571,-0.5516217378754967,0.095,0.12205513639500827,0.5145,0.6209501096829609,0.618299,0.3844911163896542,-0.5495166700481134,0.08695368788293022,2.0025824201962377,0.897,0.621867095462038
privacy-anti-gb-v1b-bank_marketing-s2026,bank_marketing,2026,hierarchical_complete,95,0.9,matched_full,0.888,0.7295750429869813,0.7348484848484849,-0.11531371927699562,0.095,0.10224436221847263,0.5355,0.6511762589469148,0.667335,0.02989534650276229,-0.10523525086673091,0.07447687511152934,1.8680966119287554,0.884,0.515892094017094
privacy-anti-gb-v1b-bank_marketing-s2026,bank_marketing,2026,kmeans,95,0.9,R4_center_radius_count,0.906,0.7746499631540162,0.765541598906526,-0.8009897604003385,0.095,0.08677107424150861,0.6645,0.7119779804541189,0.7253529999999999,-0.037252568501641214,-0.09326838282524648,0.07093051687332377,1.7939210726186101,0.882,0.5945518767437705
privacy-anti-gb-v1b-bank_marketing-s2026,bank_marketing,2026,kmeans_tuned,95,0.9,matched_full,0.905,0.7115794645050356,0.7418302873836538,-0.5400299363444249,0.095,0.08518823085756413,0.623,0.6710882616319611,0.6940470000000001,-0.030183104568316493,0.06884218999172056,0.07051458474514352,1.7963228972131104,0.888,0.6012759170653907
privacy-anti-gb-v1b-bank_marketing-s2026,bank_marketing,2026,knn_local_prototypes,95,0.9,matched_full,0.807,0.7242643085237043,0.6635233119069163,-0.4124440904639508,0.095,0.10778539819762963,0.5095,0.5867985498100377,0.5716845,0.10370993101845867,-0.3860519791174101,0.08317719152817298,1.9686006835678205,0.879,0.5666173589446953
privacy-anti-gb-v1b-bank_marketing-s2026,bank_marketing,2026,oracle_supervised,95,0.9,matched_full,0.908,0.7793564234831738,0.7757060383835231,-0.42274557876124724,0.095,0.09481440207828255,0.581,0.6422853007791642,0.652288,,-0.11734322508398656,0.07700576582072303,1.8764822198121198,0.742,0.605658946956543
privacy-anti-gb-v1b-bank_marketing-s2026,bank_marketing,2026,random,95,0.9,matched_full,0.593,0.5380447064603291,0.455147384640511,0.15589675259079142,0.095,0.23091040953582598,0.5045,0.49703188552297944,0.492529,-0.20464583344110268,0.7176511954992969,0.2465938777383979,3.3088762157567544,0.883,0.4689325544344132
privacy-anti-gb-v1b-bank_marketing-s2026,bank_marketing,2026,tree,89,0.9,matched_full,0.687,0.6467993122083027,0.5371458907279822,-0.22203517114253454,0.089,0.20802083713109332,0.5495,0.5709222532775069,0.557025,-0.2322956344600466,-0.19159005788219274,0.2245267937434067,3.100644341302807,0.857,0.6304059589931534
privacy-anti-gb-v1b-bank_marketing-s2026,bank_marketing,2026,granular_ball,198,0.95,R8_center_radius_count_purity,0.885,0.7593171211004668,0.7432754921855292,0.13131872019301918,0.198,0.09804919159089111,0.5175,0.6441469050069795,0.655559,-0.015548192704966246,0.2369122571855628,0.07245825499686057,1.7458959749096203,0.881,0.5460077293137849
privacy-anti-gb-v1b-bank_marketing-s2026,bank_marketing,2026,hierarchical,198,0.95,matched_full,0.955,0.8760402849422747,0.8787555469337278,-0.09351909503949138,0.198,0.058332228663973446,0.571,0.7912671102127868,0.8223564999999999,0.04507109542645102,0.0033879617750321917,0.04595618000548557,1.436945054674413,0.88,0.5778869018305638
privacy-anti-gb-v1b-bank_marketing-s2026,bank_marketing,2026,hierarchical_average,198,0.95,matched_full,0.886,0.8443773028739866,0.7764705882352941,-0.4388659046211929,0.198,0.07246727802267146,0.535,0.6908743724788654,0.6839755,0.22813481110118594,-0.4293925520000133,0.05415516746302903,1.5202781293767773,0.89,0.6130629933446835
privacy-anti-gb-v1b-bank_marketing-s2026,bank_marketing,2026,hierarchical_complete,198,0.95,matched_full,0.939,0.8945664455907639,0.8571264618188036,-0.3197929726420951,0.198,0.06404001522584572,0.517,0.658415904857575,0.664601,0.1865465904636463,-0.34577056488281493,0.048413607223114836,1.4813012165596937,0.892,0.6289118871892136
privacy-anti-gb-v1b-bank_marketing-s2026,bank_marketing,2026,kmeans,198,0.95,R4_center_radius_count,0.94,0.8713829525915009,0.8537213293805586,-0.43986777214361145,0.198,0.05876500941681988,0.5185,0.744066086845792,0.758656,0.09054852322205391,-0.41324371465115356,0.04884902466355825,1.4570890298635397,0.884,0.645909645909646
privacy-anti-gb-v1b-bank_marketing-s2026,bank_marketing,2026,kmeans_tuned,198,0.95,matched_full,0.937,0.8591844755588308,0.8422535211267606,-0.3530932427196402,0.198,0.05851126576425199,0.5175,0.6883929399496179,0.6614019999999999,0.11304479669891192,-0.4056856581092089,0.048575570102690334,1.458798503724698,0.89,0.6501450307872373
privacy-anti-gb-v1b-bank_marketing-s2026,bank_marketing,2026,knn_local_prototypes,198,0.95,matched_full,0.872,0.8424514861213461,0.7530692717858494,-0.39550943888681717,0.198,0.07262911236292442,0.5295,0.661368271244505,0.6497559999999999,0.2730758165386117,-0.3954764524376162,0.05659906164123904,1.5677312280234654,0.882,0.5694938999474637
privacy-anti-gb-v1b-bank_marketing-s2026,bank_marketing,2026,oracle_supervised,198,0.95,matched_full,0.935,0.8391009579955786,0.8333499983335,-0.23988882152236748,0.198,0.06520794065795955,0.518,0.7211748329391615,0.7357440000000001,,-0.24311782731538603,0.05290839530860538,1.5091362856861792,0.767,0.5937872107477279
privacy-anti-gb-v1b-bank_marketing-s2026,bank_marketing,2026,random,198,0.95,matched_full,0.534,0.5921100466715794,0.45438110894112466,-0.058074739459819606,0.198,0.26446325570483586,0.5035,0.4932431187374804,0.5004759999999999,0.7531036143716607,0.15282020790191295,0.4358727801283114,4.478150903650161,0.883,0.4689325544344132
privacy-anti-gb-v1b-bank_marketing-s2026,bank_marketing,2026,tree,89,0.95,matched_full,0.687,0.6467993122083027,0.5371458907279822,-0.22203517114253454,0.089,0.20802083713109332,0.5495,0.5709222532775069,0.557025,-0.2322956344600466,-0.19159005788219274,0.2245267937434067,3.100644341302807,0.857,0.6304059589931534
