experiment_id,dataset,seed,method,variant,n_groups,attribute_accuracy,attribute_auc,attribute_macro_f1,ball_size_attack_spearman,compression_ratio,distribution_wasserstein,membership_accuracy,membership_pr_auc,membership_roc_auc,purity_attack_spearman,radius_attack_spearman,reconstruction_mse,reconstruction_nn_distance,utility_accuracy,utility_macro_f1
privacy-leakage-v1-adult-s1,adult,1,granular_ball,R5_center,278,0.677,0.5845584045584047,0.5849177353214446,-0.5831020644925503,0.278,0.04417750322229565,0.655,0.7152238806955891,0.667402,0.2248571134185353,-0.5497482406527838,0.043804950449609935,1.7111374770689245,0.759,0.6528332980404529
privacy-leakage-v1-adult-s1,adult,1,granular_ball,R6_center_radius,278,0.677,0.5845584045584047,0.5849177353214446,-0.15799563795421506,0.278,0.0713816401441692,0.5595,0.7012163019260194,0.697802,0.032195504349533666,-0.13822763824834622,0.05637117890716842,2.0274277489511894,0.788,0.6056547619047619
privacy-leakage-v1-adult-s1,adult,1,granular_ball,R7_center_radius_count,278,0.677,0.5845584045584047,0.5849177353214446,-0.15799563795421506,0.278,0.0713816401441692,0.5595,0.7012163019260194,0.697802,0.032195504349533666,-0.13822763824834622,0.05637117890716842,2.0274277489511894,0.788,0.6056547619047619
privacy-leakage-v1-adult-s1,adult,1,granular_ball,R8_center_radius_count_purity,278,0.677,0.5845584045584047,0.5849177353214446,-0.15799563795421506,0.278,0.0713816401441692,0.5595,0.7012163019260194,0.697802,0.032195504349533666,-0.13822763824834622,0.05637117890716842,2.0274277489511894,0.788,0.6056547619047619
privacy-leakage-v1-adult-s1,adult,1,hierarchical,matched_full,278,0.974,0.9725811965811967,0.9705103077816493,-0.35859460306766755,0.278,0.021889952628159765,0.521,0.7710906019896673,0.756257,0.24108757009339168,-0.31531965230661985,0.01683669062117797,1.1917985134869802,0.802,0.7161290322580646
privacy-leakage-v1-adult-s1,adult,1,kmeans,R1_center,278,0.963,0.9566883190883191,0.9579349947873501,-0.9153386851046416,0.278,0.023167996818746657,0.784,0.8743395006199043,0.8751789999999999,0.46934188256431114,-0.8661543203420602,0.01824685337545737,1.2033987668131627,0.791,0.7063084660449025
privacy-leakage-v1-adult-s1,adult,1,kmeans,R2_center_count,278,0.963,0.9566883190883191,0.9579349947873501,-0.8861006999467398,0.278,0.023167996818746657,0.794,0.8734533750385681,0.87809,0.4523898323230895,-0.8628756496354455,0.01824685337545737,1.2033987668131627,0.791,0.7063084660449025
privacy-leakage-v1-adult-s1,adult,1,kmeans,R3_center_radius,278,0.963,0.9566883190883191,0.9579349947873501,-0.5041639234858175,0.278,0.023469144641770075,0.536,0.7535681195958639,0.740131,0.2558663132296372,-0.4540114612038707,0.018453508240535203,1.2100751774429435,0.793,0.6938952056891128
privacy-leakage-v1-adult-s1,adult,1,kmeans,R4_center_radius_count,278,0.963,0.9566883190883191,0.9579349947873501,-0.5196745890215589,0.278,0.023469144641770075,0.536,0.7924450389205462,0.810844,0.23065900374436524,-0.49920798145013,0.018453508240535203,1.2100751774429435,0.793,0.6938952056891128
privacy-leakage-v1-adult-s1,adult,1,random,matched_full,278,0.646,0.7143384615384615,0.63125,-0.2040110631076055,0.278,0.14034040813436935,0.514,0.5266126087406005,0.532898,0.44272779949236074,0.340498833190719,0.30089643988956605,5.274364640658396,0.778,0.6120807151693914
privacy-leakage-v1-adult-s1,adult,1,raw,R0_raw_samples,1000,1.0,1.0,1.0,,1.0,0.0,0.9875,0.9987222707449461,0.999019,,,0.0,0.0,0.773,0.7031806740544605
privacy-leakage-v1-adult-s1,adult,1,tree,matched_full,130,0.71,0.8116991452991453,0.7050147492625369,-0.27160772863547794,0.13,0.06907440547336276,0.5795,0.6277932379473239,0.598101,-0.25590244311335436,0.0480601947315954,0.07583626849603861,2.46208652283851,0.765,0.7022749990814867
privacy-leakage-v1-adult-s7,adult,7,granular_ball,R5_center,238,0.683,0.5554324786324786,0.5374146880321737,-0.5856990254485516,0.238,0.047863017768887774,0.6325,0.7053248213907852,0.662005,0.2018416754471956,-0.5811965040753129,0.04312454693822851,1.7379648164924733,0.787,0.685022602955464
privacy-leakage-v1-adult-s7,adult,7,granular_ball,R6_center_radius,238,0.683,0.5554324786324786,0.5374146880321737,-0.2773068287036485,0.238,0.0679547088789919,0.55,0.6883920435989742,0.6886469999999999,0.1506688846851083,-0.27336032740805144,0.05341660873548732,1.975392624941309,0.805,0.6786796535013206
privacy-leakage-v1-adult-s7,adult,7,granular_ball,R7_center_radius_count,238,0.683,0.5554324786324786,0.5374146880321737,-0.2773068287036485,0.238,0.0679547088789919,0.55,0.6883920435989742,0.6886469999999999,0.1506688846851083,-0.27336032740805144,0.05341660873548732,1.975392624941309,0.805,0.6786796535013206
privacy-leakage-v1-adult-s7,adult,7,granular_ball,R8_center_radius_count_purity,238,0.683,0.5554324786324786,0.5374146880321737,-0.2773068287036485,0.238,0.0679547088789919,0.55,0.6883920435989742,0.6886469999999999,0.1506688846851083,-0.27336032740805144,0.05341660873548732,1.975392624941309,0.805,0.6786796535013206
privacy-leakage-v1-adult-s7,adult,7,hierarchical,matched_full,238,0.97,0.968291737891738,0.9660263001734923,-0.12888195147340384,0.238,0.025065283345850557,0.574,0.7651911735543075,0.7876845,0.060774974297426974,0.01657090385280546,0.019339164345009957,1.2922432468261231,0.797,0.6822161587604239
privacy-leakage-v1-adult-s7,adult,7,kmeans,R1_center,238,0.945,0.9501994301994302,0.9385045422781272,-0.9048067600579743,0.238,0.025916062652779046,0.762,0.8404743783838664,0.850795,0.35621625992191686,-0.7522704340405004,0.020478685715124477,1.3009612392447707,0.805,0.7066606093336081
privacy-leakage-v1-adult-s7,adult,7,kmeans,R2_center_count,238,0.945,0.9501994301994302,0.9385045422781272,-0.8665459888923837,0.238,0.025916062652779046,0.763,0.8386275256677516,0.852248,0.33616895468948904,-0.7512983621239475,0.020478685715124477,1.3009612392447707,0.805,0.7066606093336081
privacy-leakage-v1-adult-s7,adult,7,kmeans,R3_center_radius,238,0.945,0.9501994301994302,0.9385045422781272,-0.5694538865925305,0.238,0.026268598290850015,0.524,0.7723961175355972,0.800473,0.22108871121767248,-0.6555295763666411,0.020957014292664375,1.3141799827910077,0.796,0.6859296482412061
privacy-leakage-v1-adult-s7,adult,7,kmeans,R4_center_radius_count,238,0.945,0.9501994301994302,0.9385045422781272,-0.5873902369311248,0.238,0.026268598290850015,0.524,0.7726288730441967,0.8006685,0.22983715490372905,-0.6572436822257184,0.020957014292664375,1.3141799827910077,0.796,0.6859296482412061
privacy-leakage-v1-adult-s7,adult,7,random,matched_full,238,0.687,0.7047270655270655,0.6613928329952671,0.20031876436550425,0.238,0.13744535487453519,0.505,0.49837504072777816,0.496734,-0.04083055332999326,-0.18349476325576677,0.20762403605247473,4.357532201177852,0.649,0.6119484499496417
privacy-leakage-v1-adult-s7,adult,7,raw,R0_raw_samples,1000,1.0,1.0,1.0,,1.0,0.0,0.9895,0.9995936716871378,0.999611,,,0.0,0.0,0.777,0.703847721951524
privacy-leakage-v1-adult-s7,adult,7,tree,matched_full,116,0.718,0.7742290598290599,0.7022489705416535,-0.5001739577065406,0.116,0.07406644936451773,0.5645,0.6058884501218089,0.574853,-0.3974521704845997,-0.45003758499333724,0.07696943164282931,2.557213857819508,0.763,0.712531794347429
privacy-leakage-v1-adult-s21,adult,21,granular_ball,R5_center,246,0.727,0.7168774928774929,0.6929517236880435,-0.5801364739629832,0.246,0.04478860783999505,0.643,0.7105240916985877,0.66443,0.21012833419613175,-0.5344209087015037,0.041542192939427236,1.6961687071844145,0.767,0.6764603372310837
privacy-leakage-v1-adult-s21,adult,21,granular_ball,R6_center_radius,246,0.727,0.7168774928774929,0.6929517236880435,-0.11058801776836677,0.246,0.0655827042438904,0.55,0.6807006238609695,0.6762944999999999,0.08370222615011821,-0.09615145073660726,0.0514779564973747,1.9478420576012614,0.8,0.6814779423475076
privacy-leakage-v1-adult-s21,adult,21,granular_ball,R7_center_radius_count,246,0.727,0.7168774928774929,0.6929517236880435,-0.11058801776836677,0.246,0.0655827042438904,0.55,0.6807006238609695,0.6762944999999999,0.08370222615011821,-0.09615145073660726,0.0514779564973747,1.9478420576012614,0.8,0.6814779423475076
privacy-leakage-v1-adult-s21,adult,21,granular_ball,R8_center_radius_count_purity,246,0.727,0.7168774928774929,0.6929517236880435,-0.11058801776836677,0.246,0.0655827042438904,0.55,0.6807006238609695,0.6762944999999999,0.08370222615011821,-0.09615145073660726,0.0514779564973747,1.9478420576012614,0.8,0.6814779423475076
privacy-leakage-v1-adult-s21,adult,21,hierarchical,matched_full,246,0.968,0.9619327635327635,0.9633558694736071,-0.48853241010145876,0.246,0.025006418268116132,0.5295,0.6724528664434786,0.65351,0.2795945009066936,-0.4537161452146934,0.019186506585099246,1.2733725037795014,0.794,0.7027777296835593
privacy-leakage-v1-adult-s21,adult,21,kmeans,R1_center,246,0.949,0.9453082621082621,0.9421095944833848,-0.9366737990911095,0.246,0.025678995188592162,0.7385,0.8302102592515705,0.831684,0.3611143994255938,-0.7863471806134144,0.02046731633099217,1.2820010957235397,0.803,0.7197624382090402
privacy-leakage-v1-adult-s21,adult,21,kmeans,R2_center_count,246,0.949,0.9453082621082621,0.9421095944833848,-0.9004938975493091,0.246,0.025678995188592162,0.748,0.8287732903138432,0.837244,0.34531897726577354,-0.7830175722851325,0.02046731633099217,1.2820010957235397,0.803,0.7197624382090402
privacy-leakage-v1-adult-s21,adult,21,kmeans,R3_center_radius,246,0.949,0.9453082621082621,0.9421095944833848,-0.5816041158457036,0.246,0.025895505953718513,0.5285,0.7498642082250402,0.7720425,0.22839848153215594,-0.5931493841317422,0.020922910948568667,1.2950546977191162,0.795,0.6968527399336626
privacy-leakage-v1-adult-s21,adult,21,kmeans,R4_center_radius_count,246,0.949,0.9453082621082621,0.9421095944833848,-0.5946018101287668,0.246,0.025895505953718513,0.5285,0.7499977196900278,0.7721205,0.2319681113486429,-0.5955965870664972,0.020922910948568667,1.2950546977191162,0.795,0.6968527399336626
privacy-leakage-v1-adult-s21,adult,21,random,matched_full,246,0.701,0.7364672364672366,0.667126455208469,-0.2757609488928169,0.246,0.1404526792276787,0.508,0.5176332508893926,0.518957,0.44312442109882083,0.0034047030792978294,0.21734142029072617,4.43674746071596,0.757,0.4714806155184601
privacy-leakage-v1-adult-s21,adult,21,raw,R0_raw_samples,1000,1.0,1.0,1.0,,1.0,0.0,0.9905,0.9989705077973916,0.999112,,,0.0,0.0,0.786,0.7131305765271105
privacy-leakage-v1-adult-s21,adult,21,tree,matched_full,120,0.704,0.7645834757834757,0.6966168681021335,-0.2230717766492062,0.12,0.11099579191190204,0.57,0.6307020947147379,0.5942829999999999,-0.15630348029593794,-0.30769230769230765,0.2151555689808142,4.121320358387489,0.605,0.5967540230166678
privacy-leakage-v1-adult-s42,adult,42,granular_ball,R5_center,255,0.704,0.6204991452991454,0.6245560629122273,-0.6338902904001222,0.255,0.044849957363286404,0.6505,0.710962395566056,0.6752319999999999,0.15950161851992212,-0.5882288153824354,0.04436305284639506,1.7483439043247817,0.77,0.6743298274231276
privacy-leakage-v1-adult-s42,adult,42,granular_ball,R6_center_radius,255,0.704,0.6204991452991454,0.6245560629122273,-0.18934326876922786,0.255,0.07446722139606594,0.5445,0.6873319225749865,0.6814104999999999,0.08408388991179983,-0.14637843119075525,0.05821655667085064,2.0669176862343472,0.799,0.6602887714453276
privacy-leakage-v1-adult-s42,adult,42,granular_ball,R7_center_radius_count,255,0.704,0.6204991452991454,0.6245560629122273,-0.18934326876922786,0.255,0.07446722139606594,0.5445,0.6873319225749865,0.6814104999999999,0.08408388991179983,-0.14637843119075525,0.05821655667085064,2.0669176862343472,0.799,0.6602887714453276
privacy-leakage-v1-adult-s42,adult,42,granular_ball,R8_center_radius_count_purity,255,0.704,0.6204991452991454,0.6245560629122273,-0.18934326876922786,0.255,0.07446722139606594,0.5445,0.6873319225749865,0.6814104999999999,0.08408388991179983,-0.14637843119075525,0.05821655667085064,2.0669176862343472,0.799,0.6602887714453276
privacy-leakage-v1-adult-s42,adult,42,hierarchical,matched_full,255,0.959,0.949802849002849,0.9529340997039439,-0.27063192719322204,0.255,0.023167580221328515,0.518,0.7129676718281206,0.7148265,0.11331777141335851,-0.2313516233882946,0.018008341667695927,1.2332814269189138,0.796,0.7084448103176236
privacy-leakage-v1-adult-s42,adult,42,kmeans,R1_center,255,0.948,0.9437834757834758,0.9412030755314338,-0.9218223664441528,0.255,0.024168694246171036,0.7635,0.8401394363628889,0.845298,0.4339517855653052,-0.8245955835369161,0.019030855289191066,1.2337691935079038,0.788,0.7043136729820803
privacy-leakage-v1-adult-s42,adult,42,kmeans,R2_center_count,255,0.948,0.9437834757834758,0.9412030755314338,-0.880976423980072,0.255,0.024168694246171036,0.764,0.8373489120172036,0.8509420000000001,0.4190515633919223,-0.8164695190079928,0.019030855289191066,1.2337691935079038,0.788,0.7043136729820803
privacy-leakage-v1-adult-s42,adult,42,kmeans,R3_center_radius,255,0.948,0.9437834757834758,0.9412030755314338,-0.45681464625973084,0.255,0.024604236780451507,0.533,0.7342113939564571,0.7374645,0.28758250179534117,-0.40797712469713754,0.019517453589038832,1.2476719314939044,0.78,0.6913164511494253
privacy-leakage-v1-adult-s42,adult,42,kmeans,R4_center_radius_count,255,0.948,0.9437834757834758,0.9412030755314338,-0.46253852737913365,0.255,0.024604236780451507,0.533,0.7188962964529861,0.713434,0.26363539505859146,-0.38708811502371565,0.019517453589038832,1.2476719314939044,0.78,0.6913164511494253
privacy-leakage-v1-adult-s42,adult,42,random,matched_full,255,0.744,0.779614814814815,0.7215405767590803,-0.10747083103606302,0.255,0.13587610279613904,0.5005,0.49766187987800703,0.49075399999999997,0.58057302166636,-0.1217406969367055,0.24549620263217498,4.757066218003688,0.569,0.5122884084194184
privacy-leakage-v1-adult-s42,adult,42,raw,R0_raw_samples,1000,1.0,1.0,1.0,,1.0,0.0,0.987,0.9987616166579238,0.998894,,,0.0,0.0,0.769,0.7002176342110078
privacy-leakage-v1-adult-s42,adult,42,tree,matched_full,126,0.719,0.7660695156695156,0.7092635262299136,-0.26140128751789865,0.126,0.07664574487036574,0.5865,0.6381717574823742,0.61199,-0.19534330180424628,-0.3513894571203776,0.07548057697114395,2.5311889369554033,0.719,0.6670517491631862
privacy-leakage-v1-adult-s2026,adult,2026,granular_ball,R5_center,241,0.677,0.58302905982906,0.5898303319834561,-0.5770376050008407,0.241,0.04712506718819492,0.645,0.7177626888410295,0.674377,0.2979709329540951,-0.5069743987201767,0.04701842853293998,1.7848132501805687,0.77,0.6615875370046671
privacy-leakage-v1-adult-s2026,adult,2026,granular_ball,R6_center_radius,241,0.677,0.58302905982906,0.5898303319834561,-0.22588976022707186,0.241,0.07506314048118455,0.554,0.6929821508548903,0.6922675,0.1529195822469759,-0.21528303201259885,0.05885511797011837,2.061340533436394,0.781,0.6463812204207579
privacy-leakage-v1-adult-s2026,adult,2026,granular_ball,R7_center_radius_count,241,0.677,0.58302905982906,0.5898303319834561,-0.22588976022707186,0.241,0.07506314048118455,0.554,0.6929821508548903,0.6922675,0.1529195822469759,-0.21528303201259885,0.05885511797011837,2.061340533436394,0.781,0.6463812204207579
privacy-leakage-v1-adult-s2026,adult,2026,granular_ball,R8_center_radius_count_purity,241,0.677,0.58302905982906,0.5898303319834561,-0.22588976022707186,0.241,0.07506314048118455,0.554,0.6929821508548903,0.6922675,0.1529195822469759,-0.21528303201259885,0.05885511797011837,2.061340533436394,0.781,0.6463812204207579
privacy-leakage-v1-adult-s2026,adult,2026,hierarchical,matched_full,241,0.962,0.9626529914529914,0.9570330167345092,-0.40940994943168924,0.241,0.025168234546154418,0.5125,0.7576181898907212,0.8056255,0.1695627956011712,-0.37030882611479266,0.01955447073921135,1.291289125291152,0.783,0.6874059156629804
privacy-leakage-v1-adult-s2026,adult,2026,kmeans,R1_center,241,0.941,0.9349925925925926,0.9327097772693628,-0.9217524301202739,0.241,0.026320775725736836,0.7525,0.8321987175696,0.837644,0.38061876689576585,-0.7684888498319823,0.020588701562829735,1.2948315967259203,0.791,0.6969921029472954
privacy-leakage-v1-adult-s2026,adult,2026,kmeans,R2_center_count,241,0.941,0.9349925925925926,0.9327097772693628,-0.8654681350462423,0.241,0.026320775725736836,0.756,0.8305330073480172,0.84344,0.3738755928587581,-0.753908886906427,0.020588701562829735,1.2948315967259203,0.791,0.6969921029472954
privacy-leakage-v1-adult-s2026,adult,2026,kmeans,R3_center_radius,241,0.941,0.9349925925925926,0.9327097772693628,-0.44645464340173147,0.241,0.026546877966164065,0.522,0.7108370620946051,0.7181035,0.21646210051893328,-0.46316042661146617,0.020924614903480455,1.3046303581850816,0.776,0.6818471048086538
privacy-leakage-v1-adult-s2026,adult,2026,kmeans,R4_center_radius_count,241,0.941,0.9349925925925926,0.9327097772693628,-0.4463034451506103,0.241,0.026546877966164065,0.522,0.7105852493894969,0.7177925,0.21422071421724778,-0.4620925277029478,0.020924614903480455,1.3046303581850816,0.776,0.6818471048086538
privacy-leakage-v1-adult-s2026,adult,2026,random,matched_full,241,0.699,0.7406062678062679,0.6804396131726826,0.17418862538139407,0.241,0.15311690645954756,0.511,0.5383901077468306,0.5270429999999999,0.4434768286874677,-0.012210253402882804,0.2513801209232115,4.766059474766118,0.765,0.584599421267449
privacy-leakage-v1-adult-s2026,adult,2026,raw,R0_raw_samples,1000,1.0,1.0,1.0,,1.0,0.0,0.9925,0.9995793208616444,0.999603,,,0.0,0.0,0.759,0.6880141778785223
privacy-leakage-v1-adult-s2026,adult,2026,tree,matched_full,132,0.721,0.7848319088319088,0.707999861849397,-0.3142143191387462,0.132,0.17065085325858334,0.5585,0.6078815586360031,0.581793,-0.20272740543672968,-0.14620188971334008,0.36648723827324625,5.644065539361673,0.39,0.3835868374569016
privacy-leakage-v1b-bank_marketing-s1,bank_marketing,1,granular_ball,R5_center,61,0.879,0.5701351019405552,0.5768860914415596,-0.5892716736944721,0.061,0.19411401139006315,0.5555,0.5971564466804793,0.579817,0.2460098093533736,-0.5118355690023249,0.16736167309574723,2.667499260876581,0.865,0.5491448781188321
privacy-leakage-v1b-bank_marketing-s1,bank_marketing,1,granular_ball,R6_center_radius,61,0.879,0.5701351019405552,0.5768860914415596,0.060108211961698695,0.061,0.20470970864591323,0.51,0.5544976655831579,0.552938,0.0021758444155923233,0.0637320030317949,0.17341035816752726,2.7083120171593684,0.881,0.5273557740045676
privacy-leakage-v1b-bank_marketing-s1,bank_marketing,1,granular_ball,R7_center_radius_count,61,0.879,0.5701351019405552,0.5768860914415596,0.060108211961698695,0.061,0.20470970864591323,0.51,0.5544976655831579,0.552938,0.0021758444155923233,0.0637320030317949,0.17341035816752726,2.7083120171593684,0.881,0.5273557740045676
privacy-leakage-v1b-bank_marketing-s1,bank_marketing,1,granular_ball,R8_center_radius_count_purity,61,0.879,0.5701351019405552,0.5768860914415596,0.060108211961698695,0.061,0.20470970864591323,0.51,0.5544976655831579,0.552938,0.0021758444155923233,0.0637320030317949,0.17341035816752726,2.7083120171593684,0.881,0.5273557740045676
privacy-leakage-v1b-bank_marketing-s1,bank_marketing,1,hierarchical,matched_full,61,0.888,0.6597494473102431,0.68324358568261,-0.5272623137833933,0.061,0.10396391239471647,0.586,0.6360270652933586,0.638278,-0.2588133775757899,0.11689736777023405,0.08496973696296682,1.970224192956882,0.861,0.5938985447544255
privacy-leakage-v1b-bank_marketing-s1,bank_marketing,1,kmeans,R1_center,61,0.878,0.7011790714812085,0.6909170137516594,-0.7065169665145515,0.061,0.1025042077256123,0.607,0.6468198433006875,0.663294,0.32072090241250484,-0.1549649623489277,0.08088842288192404,1.9262785341157347,0.874,0.6075059808612441
privacy-leakage-v1b-bank_marketing-s1,bank_marketing,1,kmeans,R2_center_count,61,0.878,0.7011790714812085,0.6909170137516594,-0.5912310214482412,0.061,0.1025042077256123,0.603,0.6440959229166223,0.663166,0.3058523166207163,-0.19928599936203395,0.08088842288192404,1.9262785341157347,0.874,0.6075059808612441
privacy-leakage-v1b-bank_marketing-s1,bank_marketing,1,kmeans,R3_center_radius,61,0.878,0.7011790714812085,0.6909170137516594,-0.783806739975406,0.061,0.10697030264264881,0.604,0.6510853465426971,0.6681770000000001,0.1987158956654402,0.0032791220701820873,0.0844088042740351,1.9647961540475927,0.863,0.5754189251590629
privacy-leakage-v1b-bank_marketing-s1,bank_marketing,1,kmeans,R4_center_radius_count,61,0.878,0.7011790714812085,0.6909170137516594,-0.6385739864869557,0.061,0.10697030264264881,0.606,0.647368195583947,0.6678819999999999,0.18872090188318238,-0.048975274790138926,0.0844088042740351,1.9647961540475927,0.863,0.5754189251590629
privacy-leakage-v1b-bank_marketing-s1,bank_marketing,1,random,matched_full,61,0.385,0.5373028739867355,0.35158797685959825,-0.07464941782004215,0.061,0.2430349262410138,0.4955,0.49384382549221245,0.491614,-0.6631096651280093,0.42139483189774946,0.24029951834228336,3.1906340738902115,0.883,0.4689325544344132
privacy-leakage-v1b-bank_marketing-s1,bank_marketing,1,raw,R0_raw_samples,1000,1.0,1.0,1.0,,1.0,0.0,0.995,0.9999511204062257,0.999952,,,0.0,0.0,0.87,0.6482341353595047
privacy-leakage-v1b-bank_marketing-s1,bank_marketing,1,tree,matched_full,56,0.569,0.6395725865880618,0.47722026735756073,0.10270666131089903,0.056,0.16363404065554296,0.5275,0.5515352690704022,0.538945,0.6762659439891343,0.11729323308270678,0.18063999867556413,2.757200599768569,0.81,0.6031049724680186
privacy-leakage-v1b-bank_marketing-s7,bank_marketing,7,granular_ball,R5_center,98,0.54,0.6304003930238271,0.4688491577795124,-0.5414473120575491,0.098,0.125915431853467,0.5785,0.6532723245644676,0.614413,0.1994537606870028,-0.4673180623746844,0.10634397294071188,2.168818078022137,0.867,0.5655170836722627
privacy-leakage-v1b-bank_marketing-s7,bank_marketing,7,granular_ball,R6_center_radius,98,0.54,0.6304003930238271,0.4688491577795124,0.051195976074650984,0.098,0.15310693758868255,0.5155,0.5793168881847145,0.5756695000000001,-0.05796698735400279,0.11885473067090345,0.11580750991297037,2.250875100223942,0.884,0.515892094017094
privacy-leakage-v1b-bank_marketing-s7,bank_marketing,7,granular_ball,R7_center_radius_count,98,0.54,0.6304003930238271,0.4688491577795124,0.051195976074650984,0.098,0.15310693758868255,0.5155,0.5793168881847145,0.5756695000000001,-0.05796698735400279,0.11885473067090345,0.11580750991297037,2.250875100223942,0.884,0.515892094017094
privacy-leakage-v1b-bank_marketing-s7,bank_marketing,7,granular_ball,R8_center_radius_count_purity,98,0.54,0.6304003930238271,0.4688491577795124,0.051195976074650984,0.098,0.15310693758868255,0.5155,0.5793168881847145,0.5756695000000001,-0.05796698735400279,0.11885473067090345,0.11580750991297037,2.250875100223942,0.884,0.515892094017094
privacy-leakage-v1b-bank_marketing-s7,bank_marketing,7,hierarchical,matched_full,98,0.9,0.7444952100221077,0.740491612688922,-0.39865786902244377,0.098,0.08447434449508062,0.5755,0.6557257505668519,0.6663879999999999,-0.07184380483558879,0.04654854731422056,0.06797537350281327,1.7653017563336348,0.886,0.5989925567390356
privacy-leakage-v1b-bank_marketing-s7,bank_marketing,7,kmeans,R1_center,98,0.883,0.7097912060918694,0.7199824809552188,-0.627884034870975,0.098,0.08240592813978763,0.6545,0.6904584140367225,0.7176340000000001,0.1942275901492035,-0.38694435673303545,0.06732901596269977,1.754714422990724,0.887,0.5688980959030059
privacy-leakage-v1b-bank_marketing-s7,bank_marketing,7,kmeans,R2_center_count,98,0.883,0.7097912060918694,0.7199824809552188,-0.6816338815158329,0.098,0.08240592813978763,0.6485,0.6910913215129993,0.7152999999999999,0.1950729471579259,-0.34932184384226395,0.06732901596269977,1.754714422990724,0.887,0.5688980959030059
privacy-leakage-v1b-bank_marketing-s7,bank_marketing,7,kmeans,R3_center_radius,98,0.883,0.7097912060918694,0.7199824809552188,-0.6249018347541699,0.098,0.08323756444920807,0.6175,0.6808291913667641,0.6935229999999999,0.09727741256016091,-0.15687312536031717,0.0688694775087373,1.7721842706997326,0.887,0.595270756700418
privacy-leakage-v1b-bank_marketing-s7,bank_marketing,7,kmeans,R4_center_radius_count,98,0.883,0.7097912060918694,0.7199824809552188,-0.7497966310806674,0.098,0.08323756444920807,0.6555,0.7017182636081918,0.723629,0.13060084045237946,-0.13458019229826,0.0688694775087373,1.7721842706997326,0.887,0.595270756700418
privacy-leakage-v1b-bank_marketing-s7,bank_marketing,7,random,matched_full,98,0.761,0.5831785802014248,0.5450037027941341,-0.035962723959999325,0.098,0.23201481174395502,0.5005,0.5023317811559408,0.5034850000000001,-0.07958885758887907,0.6413504968383017,0.2520564174509259,3.3766372488935565,0.883,0.4689325544344132
privacy-leakage-v1b-bank_marketing-s7,bank_marketing,7,raw,R0_raw_samples,1000,1.0,1.0,1.0,,1.0,0.0,0.9945,0.9998298106296326,0.99984,,,0.0,0.0,0.871,0.655374159473604
privacy-leakage-v1b-bank_marketing-s7,bank_marketing,7,tree,matched_full,89,0.693,0.6761581920903955,0.5505328455077442,-0.5494392850215859,0.089,0.2988319235848008,0.544,0.5926160514538442,0.570681,-0.44195239135441283,-0.40965590143617403,0.4014848889515402,4.200288979674828,0.306,0.29780965177834257
privacy-leakage-v1b-bank_marketing-s21,bank_marketing,21,granular_ball,R5_center,94,0.834,0.685232129697863,0.6446157139798758,-0.42005603867167585,0.094,0.11679121672445691,0.57,0.6243416432419919,0.589089,0.19875014781935035,-0.38020853792472503,0.11949583241678285,2.162259154804731,0.835,0.5803224649569259
privacy-leakage-v1b-bank_marketing-s21,bank_marketing,21,granular_ball,R6_center_radius,94,0.834,0.685232129697863,0.6446157139798758,0.5695433544738384,0.094,0.16593179173802605,0.513,0.5719595447605194,0.5618325000000001,-0.30215598913677855,0.5759707998549936,0.1440037466674848,2.4056050489258434,0.885,0.5235313371367962
privacy-leakage-v1b-bank_marketing-s21,bank_marketing,21,granular_ball,R7_center_radius_count,94,0.834,0.685232129697863,0.6446157139798758,0.5695433544738384,0.094,0.16593179173802605,0.513,0.5719595447605194,0.5618325000000001,-0.30215598913677855,0.5759707998549936,0.1440037466674848,2.4056050489258434,0.885,0.5235313371367962
privacy-leakage-v1b-bank_marketing-s21,bank_marketing,21,granular_ball,R8_center_radius_count_purity,94,0.834,0.685232129697863,0.6446157139798758,0.5695433544738384,0.094,0.16593179173802605,0.513,0.5719595447605194,0.5618325000000001,-0.30215598913677855,0.5759707998549936,0.1440037466674848,2.4056050489258434,0.885,0.5235313371367962
privacy-leakage-v1b-bank_marketing-s21,bank_marketing,21,hierarchical,matched_full,94,0.914,0.766588061901253,0.780388151174668,-0.6361910083364746,0.094,0.08374524715938263,0.643,0.7156070893106117,0.727031,0.026798935672520615,-0.0729772492544377,0.0669018938374014,1.7581746151296824,0.889,0.5873222418440376
privacy-leakage-v1b-bank_marketing-s21,bank_marketing,21,kmeans,R1_center,94,0.903,0.747177597641857,0.7492963498065447,-0.6217270520931824,0.094,0.08055082428197559,0.6525,0.6952083188929021,0.719877,0.21936866529417734,-0.1969157855584338,0.0666271168761122,1.7482328004604741,0.886,0.6335583413693346
privacy-leakage-v1b-bank_marketing-s21,bank_marketing,21,kmeans,R2_center_count,94,0.903,0.747177597641857,0.7492963498065447,-0.4661323437155233,0.094,0.08055082428197559,0.6555,0.6925003993582082,0.722267,0.19109914167521302,-0.2577909106360447,0.0666271168761122,1.7482328004604741,0.886,0.6335583413693346
privacy-leakage-v1b-bank_marketing-s21,bank_marketing,21,kmeans,R3_center_radius,94,0.903,0.747177597641857,0.7492963498065447,-0.644655273956048,0.094,0.08231378041971625,0.621,0.6757362948909656,0.69623,0.1161683491492075,-0.02937553507780275,0.06844070021875465,1.7689154864711134,0.889,0.6412863278384431
privacy-leakage-v1b-bank_marketing-s21,bank_marketing,21,kmeans,R4_center_radius_count,94,0.903,0.747177597641857,0.7492963498065447,-0.469630237322524,0.094,0.08231378041971625,0.621,0.672745800995542,0.6980770000000001,0.06043339879056899,-0.08960043926092222,0.06844070021875465,1.7689154864711134,0.889,0.6412863278384431
privacy-leakage-v1b-bank_marketing-s21,bank_marketing,21,random,matched_full,94,0.541,0.4989339228690739,0.42509948033502043,-0.49296616657208053,0.094,0.2736856285359223,0.5025,0.509830646587387,0.498393,-0.8228363014576259,0.2482535182747798,0.27463449627784153,3.5439454794520415,0.883,0.4689325544344132
privacy-leakage-v1b-bank_marketing-s21,bank_marketing,21,raw,R0_raw_samples,1000,1.0,1.0,1.0,,1.0,0.0,0.996,0.9995835030298585,0.999623,,,0.0,0.0,0.865,0.6199228020980261
privacy-leakage-v1b-bank_marketing-s21,bank_marketing,21,tree,matched_full,79,0.638,0.6249521002210758,0.5134173158916292,0.056467703987202265,0.079,0.1871320132196422,0.529,0.573547083515438,0.5457609999999999,0.23564861583408794,-0.1728578383641675,0.16867384485624706,2.7292078960131,0.868,0.5929895533985372
privacy-leakage-v1b-bank_marketing-s42,bank_marketing,42,granular_ball,R5_center,106,0.774,0.6334110235606178,0.5976901003282564,-0.4911965991934764,0.106,0.13200275813427895,0.5635,0.6519878288966925,0.603552,0.23783547273535258,-0.47763442738676926,0.11525473205525405,2.2576457737720945,0.82,0.5676236596333448
privacy-leakage-v1b-bank_marketing-s42,bank_marketing,42,granular_ball,R6_center_radius,106,0.774,0.6334110235606178,0.5976901003282564,0.07085811555175035,0.106,0.16819440530559585,0.5145,0.5859786301454367,0.588605,0.030455763907540477,0.11516466341692079,0.12408038723478826,2.339688484575009,0.882,0.5214457205891895
privacy-leakage-v1b-bank_marketing-s42,bank_marketing,42,granular_ball,R7_center_radius_count,106,0.774,0.6334110235606178,0.5976901003282564,0.07085811555175035,0.106,0.16819440530559585,0.5145,0.5859786301454367,0.588605,0.030455763907540477,0.11516466341692079,0.12408038723478826,2.339688484575009,0.882,0.5214457205891895
privacy-leakage-v1b-bank_marketing-s42,bank_marketing,42,granular_ball,R8_center_radius_count_purity,106,0.774,0.6334110235606178,0.5976901003282564,0.07085811555175035,0.106,0.16819440530559585,0.5145,0.5859786301454367,0.588605,0.030455763907540477,0.11516466341692079,0.12408038723478826,2.339688484575009,0.882,0.5214457205891895
privacy-leakage-v1b-bank_marketing-s42,bank_marketing,42,hierarchical,matched_full,106,0.906,0.7609513964737089,0.7520155333248912,-0.12036500126127567,0.106,0.0832002813454502,0.5015,0.6407452569246586,0.6411374999999999,-0.09983925813974151,0.006363361549782124,0.06628824552975737,1.7475882923251915,0.895,0.6493349052035361
privacy-leakage-v1b-bank_marketing-s42,bank_marketing,42,kmeans,R1_center,106,0.899,0.714103214229989,0.7301766674948373,-0.6561040065872323,0.106,0.08014130788639741,0.677,0.725134536512464,0.746413,-0.014854954750336474,-0.22172008393672873,0.06624867750345022,1.7367771904274762,0.885,0.6243192828745128
privacy-leakage-v1b-bank_marketing-s42,bank_marketing,42,kmeans,R2_center_count,106,0.899,0.714103214229989,0.7301766674948373,-0.5836388180870306,0.106,0.08014130788639741,0.6835,0.7229343978364301,0.7478659999999999,-0.001926636111044362,-0.2484526499558226,0.06624867750345022,1.7367771904274762,0.885,0.6243192828745128
privacy-leakage-v1b-bank_marketing-s42,bank_marketing,42,kmeans,R3_center_radius,106,0.899,0.714103214229989,0.7301766674948373,-0.30267154527480317,0.106,0.08156992987785155,0.573,0.674511579250632,0.6974885,-0.12698784922212772,0.10811559738963446,0.06801351907612019,1.7567248041237131,0.885,0.6507096668377683
privacy-leakage-v1b-bank_marketing-s42,bank_marketing,42,kmeans,R4_center_radius_count,106,0.899,0.714103214229989,0.7301766674948373,-0.20509092966424985,0.106,0.08156992987785155,0.5725,0.6727219102911065,0.6971395,-0.11016847979172674,0.10724902006771744,0.06801351907612019,1.7567248041237131,0.885,0.6507096668377683
privacy-leakage-v1b-bank_marketing-s42,bank_marketing,42,random,matched_full,106,0.708,0.5761477999687938,0.5367550005076658,0.04738213546470645,0.106,0.3040822915910877,0.5015,0.4933522964466591,0.5027240000000001,-0.2690998813680652,0.22485088543994575,0.344548409928285,3.9985981940938835,0.883,0.4689325544344132
privacy-leakage-v1b-bank_marketing-s42,bank_marketing,42,raw,R0_raw_samples,1000,1.0,1.0,1.0,,1.0,0.0,0.9935,0.9999452092563224,0.999946,,,0.0,0.0,0.871,0.6400659600054688
privacy-leakage-v1b-bank_marketing-s42,bank_marketing,42,tree,matched_full,84,0.695,0.6172862381026681,0.5363156094409183,-0.1634375523513772,0.084,0.16536311498988304,0.5405,0.5841765799412851,0.561462,-0.21089506849301973,-0.12455198947048698,0.1570392431844133,2.668658509092117,0.832,0.6612220205686631
privacy-leakage-v1b-bank_marketing-s2026,bank_marketing,2026,granular_ball,R5_center,95,0.782,0.7463964627855564,0.6291482658428541,-0.6668179528819944,0.095,0.13351145285428764,0.576,0.6429733374122001,0.610541,0.3437885549350998,-0.6295854057639706,0.10427790907149916,2.1570110180496727,0.876,0.5585554796081111
privacy-leakage-v1b-bank_marketing-s2026,bank_marketing,2026,granular_ball,R6_center_radius,95,0.782,0.7463964627855564,0.6291482658428541,0.0074824430718333215,0.095,0.14631794506947424,0.5115,0.584459004224311,0.5815925,0.1071703998895803,0.030143602606800636,0.10959713266453652,2.2035172512343837,0.885,0.555433568244813
privacy-leakage-v1b-bank_marketing-s2026,bank_marketing,2026,granular_ball,R7_center_radius_count,95,0.782,0.7463964627855564,0.6291482658428541,0.0074824430718333215,0.095,0.14631794506947424,0.5115,0.584459004224311,0.5815925,0.1071703998895803,0.030143602606800636,0.10959713266453652,2.2035172512343837,0.885,0.555433568244813
privacy-leakage-v1b-bank_marketing-s2026,bank_marketing,2026,granular_ball,R8_center_radius_count_purity,95,0.782,0.7463964627855564,0.6291482658428541,0.0074824430718333215,0.095,0.14631794506947424,0.5115,0.584459004224311,0.5815925,0.1071703998895803,0.030143602606800636,0.10959713266453652,2.2035172512343837,0.885,0.555433568244813
privacy-leakage-v1b-bank_marketing-s2026,bank_marketing,2026,hierarchical,matched_full,95,0.901,0.7416801768607223,0.7399055778431078,-0.841536574890902,0.095,0.08656176756834133,0.678,0.7269509951512408,0.741767,-0.028516140408523936,0.045289912129029164,0.06943295143261254,1.7849417500781144,0.882,0.5214457205891895
privacy-leakage-v1b-bank_marketing-s2026,bank_marketing,2026,kmeans,R1_center,95,0.906,0.7746499631540162,0.765541598906526,-0.721000857615955,0.095,0.08499115469704539,0.6545,0.7098185869361794,0.723029,0.08625104778500704,-0.32893797508786843,0.06917253175693015,1.7735467995297631,0.879,0.5818227688862316
privacy-leakage-v1b-bank_marketing-s2026,bank_marketing,2026,kmeans,R2_center_count,95,0.906,0.7746499631540162,0.765541598906526,-0.7187783593967727,0.095,0.08499115469704539,0.6545,0.709514402524884,0.7229930000000001,0.07884141481828828,-0.32168703372459695,0.06917253175693015,1.7735467995297631,0.879,0.5818227688862316
privacy-leakage-v1b-bank_marketing-s2026,bank_marketing,2026,kmeans,R3_center_radius,95,0.906,0.7746499631540162,0.765541598906526,-0.7518704464457946,0.095,0.08677107424150861,0.63,0.6949037383741903,0.7037355000000001,-0.0211119788568972,-0.014669858202139924,0.07093051687332377,1.7939210726186101,0.882,0.5945518767437705
privacy-leakage-v1b-bank_marketing-s2026,bank_marketing,2026,kmeans,R4_center_radius_count,95,0.906,0.7746499631540162,0.765541598906526,-0.8009897604003385,0.095,0.08677107424150861,0.6645,0.7119779804541189,0.7253529999999999,-0.037252568501641214,-0.09326838282524648,0.07093051687332377,1.7939210726186101,0.882,0.5945518767437705
privacy-leakage-v1b-bank_marketing-s2026,bank_marketing,2026,random,matched_full,95,0.593,0.5380447064603291,0.455147384640511,0.15589675259079142,0.095,0.23091040953582598,0.5045,0.49703188552297944,0.492529,-0.20464583344110268,0.7176511954992969,0.2465938777383979,3.3088762157567544,0.883,0.4689325544344132
privacy-leakage-v1b-bank_marketing-s2026,bank_marketing,2026,raw,R0_raw_samples,1000,1.0,1.0,1.0,,1.0,0.0,0.9965,0.9999767666337062,0.999977,,,0.0,0.0,0.863,0.6211272708165676
privacy-leakage-v1b-bank_marketing-s2026,bank_marketing,2026,tree,matched_full,89,0.687,0.6467993122083027,0.5371458907279822,-0.22203517114253454,0.089,0.20802083713109332,0.5495,0.5709222532775069,0.557025,-0.2322956344600466,-0.19159005788219274,0.2245267937434067,3.100644341302807,0.857,0.6304059589931534
privacy-leakage-v1-breast_cancer-s1,breast_cancer,1,granular_ball,R5_center,11,0.7711267605633803,0.7924663988493776,0.7646818871339885,-0.3386807496574335,0.03873239436619718,0.376445522972021,0.5061511423550088,0.520693133116106,0.5192982456140351,-0.026967994498529685,-0.4054680223446026,0.4899251309685866,3.533202271433942,0.9333333333333333,0.9269910609553857
privacy-leakage-v1-breast_cancer-s1,breast_cancer,1,granular_ball,R6_center_radius,11,0.7711267605633803,0.7924663988493776,0.7646818871339885,-0.1464565403924037,0.03873239436619718,0.40295305294858336,0.5026362038664324,0.5075967422396988,0.5090808005930318,0.040451991747794534,0.1640095371281539,0.5074334482698284,3.594463554040184,0.9403508771929825,0.9340645881248213
privacy-leakage-v1-breast_cancer-s1,breast_cancer,1,granular_ball,R7_center_radius_count,11,0.7711267605633803,0.7924663988493776,0.7646818871339885,-0.45767668872626144,0.03873239436619718,0.40295305294858336,0.523725834797891,0.5535639189411128,0.5414628119594761,0.39103592022868044,-0.086560589039859,0.5074334482698284,3.594463554040184,0.9403508771929825,0.9340645881248213
privacy-leakage-v1-breast_cancer-s1,breast_cancer,1,granular_ball,R8_center_radius_count_purity,11,0.7711267605633803,0.7924663988493776,0.7646818871339885,-0.45767668872626144,0.03873239436619718,0.40295305294858336,0.523725834797891,0.5544037547432039,0.5412898443291326,0.39103592022868044,-0.086560589039859,0.5074334482698284,3.594463554040184,0.9403508771929825,0.9340645881248213
privacy-leakage-v1-breast_cancer-s1,breast_cancer,1,hierarchical,matched_full,11,0.8626760563380281,0.9218122303228686,0.8617694410123928,-0.7818181818181819,0.03873239436619718,0.23645595655219287,0.5448154657293497,0.5676553943649161,0.5811465282925623,-0.328037643651112,0.20000000000000004,0.3868473641179297,3.1583027838068243,0.9192982456140351,0.9116207579986247
privacy-leakage-v1-breast_cancer-s1,breast_cancer,1,kmeans,R1_center,11,0.8943661971830986,0.9437583692902842,0.8943661971830986,-0.4692495090055514,0.03873239436619718,0.21828243767264024,0.5606326889279437,0.5961735143717826,0.6080182851494935,0.42628617350308434,0.5,0.35968376200895796,3.031114465539212,0.9368421052631579,0.9321428571428572
privacy-leakage-v1-breast_cancer-s1,breast_cancer,1,kmeans,R2_center_count,11,0.8943661971830986,0.9437583692902842,0.8943661971830986,-0.7107079942220002,0.03873239436619718,0.21828243767264024,0.5746924428822495,0.5958161029345794,0.6071781566592537,0.3172362221418302,0.7000000000000001,0.35968376200895796,3.031114465539212,0.9368421052631579,0.9321428571428572
privacy-leakage-v1-breast_cancer-s1,breast_cancer,1,kmeans,R3_center_radius,11,0.8943661971830986,0.9437583692902842,0.8943661971830986,-0.5968124823274489,0.03873239436619718,0.22549150921453673,0.5694200351493849,0.5978242019721394,0.6094020261922413,0.3717611978224573,0.6181818181818182,0.40053449580505107,3.168032940028331,0.9438596491228071,0.9396825396825397
privacy-leakage-v1-breast_cancer-s1,breast_cancer,1,kmeans,R4_center_radius_count,11,0.8943661971830986,0.9437583692902842,0.8943661971830986,-0.6332590461337052,0.03873239436619718,0.22549150921453673,0.5746924428822495,0.5935018935402353,0.6041512231282431,0.3717611978224573,0.6545454545454547,0.40053449580505107,3.168032940028331,0.9438596491228071,0.9396825396825397
privacy-leakage-v1-breast_cancer-s1,breast_cancer,1,random,matched_full,11,0.8169014084507042,0.8089322025492239,0.8148352475048899,0.6092717958449423,0.03873239436619718,0.6535877212983261,0.4868189806678383,0.5090109657223596,0.4969483568075117,-0.037043389328831805,0.5151515151515151,0.849421132334025,4.631243088508078,0.8280701754385965,0.7894966913371821
privacy-leakage-v1-breast_cancer-s1,breast_cancer,1,raw,R0_raw_samples,284,1.0,1.0,1.0,,1.0,0.0,1.0,0.9999999999999999,1.0,,,0.0,0.0,0.9543859649122807,0.9508939813648956
privacy-leakage-v1-breast_cancer-s1,breast_cancer,1,tree,matched_full,8,0.7394366197183099,0.9111491345533899,0.7288957688338493,-0.2142857142857143,0.028169014084507043,0.35869766729719826,0.4727592267135325,0.47106031763438877,0.4454410674573758,0.4637130167514838,0.19047619047619052,0.567380829528669,3.727978507321396,0.9403508771929825,0.9357844371694788
privacy-leakage-v1-breast_cancer-s7,breast_cancer,7,granular_ball,R5_center,2,0.7816901408450704,0.780588206120121,0.7758085052202699,,0.007042253521126761,0.4864892648454961,0.5166959578207382,0.5049207690934227,0.49861625895725226,,,0.6913758770469197,4.069500476251319,0.9052631578947369,0.8962504550418638
privacy-leakage-v1-breast_cancer-s7,breast_cancer,7,granular_ball,R6_center_radius,2,0.7816901408450704,0.780588206120121,0.7758085052202699,,0.007042253521126761,0.4970086346118071,0.47451669595782076,0.4652849546278679,0.4640968618729923,,,0.7143539384247671,4.130159855359338,0.9052631578947369,0.9002320787252525
privacy-leakage-v1-breast_cancer-s7,breast_cancer,7,granular_ball,R7_center_radius_count,2,0.7816901408450704,0.780588206120121,0.7758085052202699,,0.007042253521126761,0.4970086346118071,0.46924428822495606,0.46504454089000036,0.4600815418828762,,,0.7143539384247671,4.130159855359338,0.9052631578947369,0.9002320787252525
privacy-leakage-v1-breast_cancer-s7,breast_cancer,7,granular_ball,R8_center_radius_count_purity,2,0.7816901408450704,0.780588206120121,0.7758085052202699,,0.007042253521126761,0.4970086346118071,0.46748681898066785,0.4651383925812519,0.4601186063750926,,,0.7143539384247671,4.130159855359338,0.9052631578947369,0.9002320787252525
privacy-leakage-v1-breast_cancer-s7,breast_cancer,7,hierarchical,matched_full,2,0.7746478873239436,0.7734464117442841,0.7674394800143303,,0.007042253521126761,0.5006878683951066,0.5202108963093146,0.47888483524659264,0.4909068445762293,,,0.7128722906409635,4.130107113576979,0.8982456140350877,0.8917130691123485
privacy-leakage-v1-breast_cancer-s7,breast_cancer,7,kmeans,R1_center,2,0.778169014084507,0.7770917026236175,0.7724561559690198,,0.007042253521126761,0.4808687717188206,0.5166959578207382,0.5041227995221502,0.497269582406721,,,0.6912133099416982,4.068580252635388,0.8947368421052632,0.8844594594594595
privacy-leakage-v1-breast_cancer-s7,breast_cancer,7,kmeans,R2_center_count,2,0.778169014084507,0.7770917026236175,0.7724561559690198,,0.007042253521126761,0.4808687717188206,0.4780316344463972,0.47252061004153056,0.47074376081047686,,,0.6912133099416982,4.068580252635388,0.8947368421052632,0.8844594594594595
privacy-leakage-v1-breast_cancer-s7,breast_cancer,7,kmeans,R3_center_radius,2,0.778169014084507,0.7770917026236175,0.7724561559690198,,0.007042253521126761,0.4973217794172425,0.5202108963093146,0.479343176746708,0.49033852236224357,,,0.7238040493702411,4.157222621869746,0.8947368421052632,0.89002366742128
privacy-leakage-v1-breast_cancer-s7,breast_cancer,7,kmeans,R4_center_radius_count,2,0.778169014084507,0.7770917026236175,0.7724561559690198,,0.007042253521126761,0.4973217794172425,0.5026362038664324,0.4763258843403205,0.4823449468742278,,,0.7238040493702411,4.157222621869746,0.8947368421052632,0.89002366742128
privacy-leakage-v1-breast_cancer-s7,breast_cancer,7,random,matched_full,2,0.823943661971831,0.823934930317909,0.8239349303179091,,0.007042253521126761,0.722622301487741,0.4833040421792619,0.48314342500505914,0.46613540894489747,,,0.9933837800406623,4.91574003579303,0.6280701754385964,0.3857758620689655
privacy-leakage-v1-breast_cancer-s7,breast_cancer,7,raw,R0_raw_samples,284,1.0,1.0,1.0,,1.0,0.0,1.0,0.9999999999999999,1.0,,,0.0,0.0,0.9368421052631579,0.9318688907777306
privacy-leakage-v1-breast_cancer-s7,breast_cancer,7,tree,matched_full,2,0.7887323943661971,0.7877300004959581,0.7840085179739391,,0.007042253521126761,0.49977766911086763,0.47451669595782076,0.47009512330553366,0.4588460588089943,,,0.7190502189322222,4.125968400571685,0.8982456140350877,0.8947415341118936
privacy-leakage-v1-breast_cancer-s21,breast_cancer,21,granular_ball,R5_center,2,0.7816901408450704,0.780439418737291,0.7741174055829227,,0.007042253521126761,0.4891653645786383,0.507908611599297,0.4964613684857811,0.5036693847294291,,,0.6581966154776802,4.04416140041503,0.9052631578947369,0.8952790517276574
privacy-leakage-v1-breast_cancer-s21,breast_cancer,21,granular_ball,R6_center_radius,2,0.7816901408450704,0.780439418737291,0.7741174055829227,,0.007042253521126761,0.4930501029766774,0.4973637961335677,0.49177169692589773,0.4915616506053867,,,0.6737553715050333,4.079072479672176,0.9122807017543859,0.9066491975106452
privacy-leakage-v1-breast_cancer-s21,breast_cancer,21,granular_ball,R7_center_radius_count,2,0.7816901408450704,0.780439418737291,0.7741174055829227,,0.007042253521126761,0.4930501029766774,0.46572934973637964,0.4877527878682682,0.48206078576723493,,,0.6737553715050333,4.079072479672176,0.9122807017543859,0.9066491975106452
privacy-leakage-v1-breast_cancer-s21,breast_cancer,21,granular_ball,R8_center_radius_count_purity,2,0.7816901408450704,0.780439418737291,0.7741174055829227,,0.007042253521126761,0.4930501029766774,0.46572934973637964,0.4877977411183882,0.4821225599209291,,,0.6737553715050333,4.079072479672176,0.9122807017543859,0.9066491975106452
privacy-leakage-v1-breast_cancer-s21,breast_cancer,21,hierarchical,matched_full,2,0.7746478873239436,0.7736447949213906,0.7696090858388683,,0.007042253521126761,0.5098015426634585,0.4973637961335677,0.4903435849421366,0.48937484556461575,,,0.722186191408407,4.208236219799801,0.8491228070175438,0.8457733982708499
privacy-leakage-v1-breast_cancer-s21,breast_cancer,21,kmeans,R1_center,2,0.7816901408450704,0.780439418737291,0.7741174055829227,,0.007042253521126761,0.4892807039543237,0.507908611599297,0.49683117931732645,0.5046701260192735,,,0.6581494992506747,4.042608494923089,0.9052631578947369,0.8952790517276574
privacy-leakage-v1-breast_cancer-s21,breast_cancer,21,kmeans,R2_center_count,2,0.7816901408450704,0.780439418737291,0.7741174055829227,,0.007042253521126761,0.4892807039543237,0.47627416520210897,0.4923156254341812,0.4923647146034099,,,0.6581494992506747,4.042608494923089,0.9052631578947369,0.8952790517276574
privacy-leakage-v1-breast_cancer-s21,breast_cancer,21,kmeans,R3_center_radius,2,0.7816901408450704,0.780439418737291,0.7741174055829227,,0.007042253521126761,0.4936037409842829,0.507908611599297,0.4943058583148575,0.4936743266617247,,,0.6742881128821857,4.080347721327422,0.9157894736842105,0.9105461393596986
privacy-leakage-v1-breast_cancer-s21,breast_cancer,21,kmeans,R4_center_radius_count,2,0.7816901408450704,0.780439418737291,0.7741174055829227,,0.007042253521126761,0.4936037409842829,0.47627416520210897,0.4883678430082223,0.4830862367185569,,,0.6742881128821857,4.080347721327422,0.9157894736842105,0.9105461393596986
privacy-leakage-v1-breast_cancer-s21,breast_cancer,21,random,matched_full,2,0.7852112676056338,0.7843822843822843,0.7818987548941849,,0.007042253521126761,0.6986431675312199,0.5166959578207382,0.50063056065078,0.5085742525327404,,,0.9155223402837029,4.764794397623173,0.6280701754385964,0.3857758620689655
privacy-leakage-v1-breast_cancer-s21,breast_cancer,21,raw,R0_raw_samples,284,1.0,1.0,1.0,,1.0,0.0,1.0,1.0,1.0,,,0.0,0.0,0.9403508771929825,0.9360387595875853
privacy-leakage-v1-breast_cancer-s21,breast_cancer,21,tree,matched_full,2,0.7852112676056338,0.7841343054109011,0.7796797700652414,,0.007042253521126761,0.49001259684568055,0.4903339191564148,0.4879200895890239,0.4931060044477391,,,0.6735144039756926,4.066893573554167,0.9087719298245615,0.904687178431776
privacy-leakage-v1-breast_cancer-s42,breast_cancer,42,granular_ball,R5_center,20,0.778169014084507,0.9072062689083966,0.7707770162065211,-0.756106402280458,0.07042253521126761,0.25935248523727483,0.5606326889279437,0.606315902242338,0.5932295527551272,0.6982115139725182,-0.4358482675997777,0.4148470626275978,3.1136478986535567,0.9403508771929825,0.9367501729742431
privacy-leakage-v1-breast_cancer-s42,breast_cancer,42,granular_ball,R6_center_radius,20,0.778169014084507,0.9072062689083966,0.7707770162065211,0.12835722890662954,0.07042253521126761,0.2981155006183862,0.5043936731107206,0.4972050245991,0.5220410180380529,-0.2578438067049229,0.2523077664909852,0.4409200679429911,3.2196758447071363,0.9508771929824561,0.9483535259397329
privacy-leakage-v1-breast_cancer-s42,breast_cancer,42,granular_ball,R7_center_radius_count,20,0.778169014084507,0.9072062689083966,0.7707770162065211,0.12835722890662954,0.07042253521126761,0.2981155006183862,0.5043936731107206,0.4972050245991,0.5220410180380529,-0.2578438067049229,0.2523077664909852,0.4409200679429911,3.2196758447071363,0.9508771929824561,0.9483535259397329
privacy-leakage-v1-breast_cancer-s42,breast_cancer,42,granular_ball,R8_center_radius_count_purity,20,0.778169014084507,0.9072062689083966,0.7707770162065211,0.12835722890662954,0.07042253521126761,0.2981155006183862,0.5043936731107206,0.4972050245991,0.5220410180380529,-0.2578438067049229,0.2523077664909852,0.4409200679429911,3.2196758447071363,0.9508771929824561,0.9483535259397329
privacy-leakage-v1-breast_cancer-s42,breast_cancer,42,hierarchical,matched_full,20,0.8908450704225352,0.9140256906214352,0.8907787164886425,-0.6139370585605862,0.07042253521126761,0.18336076511795868,0.5869947275922671,0.6369929785637192,0.6229923400049419,0.29249640186336867,0.12481203007518797,0.31386229207788763,2.879523120176266,0.9614035087719298,0.9584487534626038
privacy-leakage-v1-breast_cancer-s42,breast_cancer,42,kmeans,R1_center,20,0.8485915492957746,0.9419233249020483,0.8467657945918816,-0.7020728080717378,0.07042253521126761,0.18123392941981953,0.616871704745167,0.6511905394581534,0.6606251544353843,0.2413636804994001,0.08721804511278194,0.2887553472178028,2.7714097165078146,0.9614035087719298,0.958925646904684
privacy-leakage-v1-breast_cancer-s42,breast_cancer,42,kmeans,R2_center_count,20,0.8485915492957746,0.9419233249020483,0.8467657945918816,-0.8610184759935584,0.07042253521126761,0.18123392941981953,0.6291739894551845,0.6575550996962678,0.6595008648381517,0.2528964160864021,0.23609022556390977,0.2887553472178028,2.7714097165078146,0.9614035087719298,0.958925646904684
privacy-leakage-v1-breast_cancer-s42,breast_cancer,42,kmeans,R3_center_radius,20,0.8485915492957746,0.9419233249020483,0.8467657945918816,-0.8783443070940412,0.07042253521126761,0.17806554572252387,0.6151142355008787,0.6549106891270838,0.661317024956758,0.19605650497903487,0.3699248120300751,0.30147160087211716,2.825233674578161,0.9438596491228071,0.9399177822283125
privacy-leakage-v1-breast_cancer-s42,breast_cancer,42,kmeans,R4_center_radius_count,20,0.8485915492957746,0.9419233249020483,0.8467657945918816,-0.8896437621595734,0.07042253521126761,0.17806554572252387,0.616871704745167,0.6576236942453562,0.6596491228070175,0.2471300482929011,0.33684210526315783,0.30147160087211716,2.825233674578161,0.9438596491228071,0.9399177822283125
privacy-leakage-v1-breast_cancer-s42,breast_cancer,42,random,matched_full,20,0.7464788732394366,0.8405743192977236,0.7462775461584277,0.16984155512168939,0.07042253521126761,0.7729119716461894,0.44112478031634444,0.4463402345562613,0.4155176674079565,0.4885985416394709,-0.058823529411764705,1.0765116315296186,5.226827604048023,0.6210526315789474,0.38311688311688313
privacy-leakage-v1-breast_cancer-s42,breast_cancer,42,raw,R0_raw_samples,284,1.0,1.0,1.0,,1.0,0.0,1.0,1.0,1.0,,,0.0,0.0,0.9719298245614035,0.9699588911141562
privacy-leakage-v1-breast_cancer-s42,breast_cancer,42,tree,matched_full,12,0.8028169014084507,0.8977334722015574,0.800591805005266,0.33041522253449906,0.04225352112676056,0.3620476165984589,0.5043936731107206,0.5053009305137827,0.5137262169508279,0.45385634874476544,0.8041958041958043,0.6277440271099908,3.791386288629677,0.9228070175438596,0.9182912844036697
privacy-leakage-v1-breast_cancer-s2026,breast_cancer,2026,granular_ball,R5_center,27,0.795774647887324,0.7640480087288597,0.793770032051282,-0.38009430356331836,0.09507042253521127,0.2875863134815589,0.5711775043936731,0.577501270498537,0.5694712132443785,0.0,-0.2781211718872006,0.5345784485975461,3.293897688884503,0.9157894736842105,0.911746490503716
privacy-leakage-v1-breast_cancer-s2026,breast_cancer,2026,granular_ball,R6_center_radius,27,0.795774647887324,0.7640480087288597,0.793770032051282,0.28217777335125704,0.09507042253521127,0.4047053953404355,0.5061511423550088,0.4631964289989442,0.4751173708920188,0.023891603791449792,0.20682090105010312,0.6111998189250506,3.608102652831729,0.9052631578947369,0.9027291458620385
privacy-leakage-v1-breast_cancer-s2026,breast_cancer,2026,granular_ball,R7_center_radius_count,27,0.795774647887324,0.7640480087288597,0.793770032051282,0.28217777335125704,0.09507042253521127,0.4047053953404355,0.5061511423550088,0.4631964289989442,0.4751173708920188,0.023891603791449792,0.20682090105010312,0.6111998189250506,3.608102652831729,0.9052631578947369,0.9027291458620385
privacy-leakage-v1-breast_cancer-s2026,breast_cancer,2026,granular_ball,R8_center_radius_count_purity,27,0.795774647887324,0.7640480087288597,0.793770032051282,0.28217777335125704,0.09507042253521127,0.4047053953404355,0.5061511423550088,0.4631964289989442,0.4751173708920188,0.023891603791449792,0.20682090105010312,0.6111998189250506,3.608102652831729,0.9052631578947369,0.9027291458620385
privacy-leakage-v1-breast_cancer-s2026,breast_cancer,2026,hierarchical,matched_full,27,0.926056338028169,0.9425184744333681,0.926055421238609,-0.9191238587192133,0.09507042253521127,0.1604700050855658,0.6731107205623902,0.7225566203665368,0.7346058808994317,0.4198676277684464,-0.2510728241717192,0.2467417294884107,2.5490241631242005,0.8947368421052632,0.8920454545454546
privacy-leakage-v1-breast_cancer-s2026,breast_cancer,2026,kmeans,R1_center,27,0.9049295774647887,0.9438823587759758,0.9049283987353542,-0.7582913415894689,0.09507042253521127,0.15111400422382693,0.6520210896309314,0.6880885131665722,0.6971460340993328,0.30759587506350955,-0.42250125789457676,0.2433370522832116,2.513281575838666,0.9052631578947369,0.901735432708884
privacy-leakage-v1-breast_cancer-s2026,breast_cancer,2026,kmeans,R2_center_count,27,0.9049295774647887,0.9438823587759758,0.9049283987353542,-0.6085962871009328,0.09507042253521127,0.15111400422382693,0.648506151142355,0.6817928840530105,0.6964170990857426,0.30219155515024143,-0.40538109114921045,0.2433370522832116,2.513281575838666,0.9052631578947369,0.901735432708884
privacy-leakage-v1-breast_cancer-s2026,breast_cancer,2026,kmeans,R3_center_radius,27,0.9049295774647887,0.9438823587759758,0.9049283987353542,-0.7214810822890092,0.09507042253521127,0.15552824045664745,0.6221441124780316,0.684724530489157,0.6901902643933778,0.35038007437688196,-0.2818713167719247,0.25539929138539486,2.5661696522972903,0.8842105263157894,0.881113400498047
privacy-leakage-v1-breast_cancer-s2026,breast_cancer,2026,kmeans,R4_center_radius_count,27,0.9049295774647887,0.9438823587759758,0.9049283987353542,-0.4582877282907227,0.09507042253521127,0.15552824045664745,0.5957820738137083,0.6669159986474613,0.6730170496664195,0.20491379671141555,0.009782952425923629,0.25539929138539486,2.5661696522972903,0.8842105263157894,0.881113400498047
privacy-leakage-v1-breast_cancer-s2026,breast_cancer,2026,random,matched_full,27,0.852112676056338,0.8765560680454297,0.8512198772638826,-0.013222147133698627,0.09507042253521127,0.6555326879214711,0.4868189806678383,0.4868029144301393,0.4826167531504818,0.7530542218560307,-0.6610671936758893,0.86983294508495,4.636500660032134,0.6947368421052632,0.6939984450011725
privacy-leakage-v1-breast_cancer-s2026,breast_cancer,2026,raw,R0_raw_samples,284,1.0,1.0,1.0,,1.0,0.0,1.0,0.9999999999999999,1.0,,,0.0,0.0,0.9473684210526315,0.9437803290330217
privacy-leakage-v1-breast_cancer-s2026,breast_cancer,2026,tree,matched_full,13,0.823943661971831,0.8302335961910432,0.8210685483870968,-0.10100412145750663,0.045774647887323945,0.3502129742470655,0.4973637961335677,0.49920074445716067,0.4890659747961453,-0.7901744265512676,-0.24175824175824176,0.6041654656716616,3.79738874213286,0.7894736842105263,0.7878411910669976
privacy-leakage-v1-covertype-s1,covertype,1,granular_ball,R5_center,539,0.948,0.9548112769804318,0.9479966717869943,-0.7912953580873004,0.539,0.008731696648371891,0.794,0.8865417126837838,0.873629,0.34176833869105677,-0.83485966806465,0.009168785418609007,0.7098920839308459,0.632,0.44242472629995755
privacy-leakage-v1-covertype-s1,covertype,1,granular_ball,R6_center_radius,539,0.948,0.9548112769804318,0.9479966717869943,-0.3951760198725719,0.539,0.009991961553617063,0.61,0.882985823214083,0.882396,0.2463463481094094,-0.39206760182033507,0.010212182499912265,0.744104177536019,0.656,0.3765723761691432
privacy-leakage-v1-covertype-s1,covertype,1,granular_ball,R7_center_radius_count,539,0.948,0.9548112769804318,0.9479966717869943,-0.3951760198725719,0.539,0.009991961553617063,0.61,0.882985823214083,0.882396,0.2463463481094094,-0.39206760182033507,0.010212182499912265,0.744104177536019,0.656,0.3765723761691432
privacy-leakage-v1-covertype-s1,covertype,1,granular_ball,R8_center_radius_count_purity,539,0.948,0.9548112769804318,0.9479966717869943,-0.3951760198725719,0.539,0.009991961553617063,0.61,0.882985823214083,0.882396,0.2463463481094094,-0.39206760182033507,0.010212182499912265,0.744104177536019,0.656,0.3765723761691432
privacy-leakage-v1-covertype-s1,covertype,1,hierarchical,matched_full,539,0.983,0.9829537272596361,0.982999846998623,-0.4556542121963426,0.539,0.0035219421295631693,0.6035,0.9165241112661922,0.9193039999999999,0.26741675138985455,-0.432875650545426,0.00461814325301013,0.5421820210315604,0.645,0.4165643021900011
privacy-leakage-v1-covertype-s1,covertype,1,kmeans,R1_center,539,0.975,0.976433622937967,0.9749993749843746,-0.8849788098324538,0.539,0.0038283090002546854,0.8555,0.9306252990716651,0.9344129999999999,0.5410163623372785,-0.9107613156646105,0.0050388614717092545,0.5496087375753246,0.652,0.4677885669060979
privacy-leakage-v1-covertype-s1,covertype,1,kmeans,R2_center_count,539,0.975,0.976433622937967,0.9749993749843746,-0.8277730651606873,0.539,0.0038283090002546854,0.877,0.9410311832846995,0.947898,0.5267632281965414,-0.8860982529395297,0.0050388614717092545,0.5496087375753246,0.652,0.4677885669060979
privacy-leakage-v1-covertype-s1,covertype,1,kmeans,R3_center_radius,539,0.975,0.976433622937967,0.9749993749843746,-0.4307280759894403,0.539,0.00383844178266241,0.611,0.9069220578591259,0.9082285000000001,0.2507907247507613,-0.4188717171893247,0.005045537552240807,0.5498834896246046,0.635,0.4514516041218443
privacy-leakage-v1-covertype-s1,covertype,1,kmeans,R4_center_radius_count,539,0.975,0.976433622937967,0.9749993749843746,-0.4303593186334496,0.539,0.00383844178266241,0.611,0.9069308442836094,0.9082385000000001,0.2509242751366067,-0.4187027225713008,0.005045537552240807,0.5498834896246046,0.635,0.4514516041218443
privacy-leakage-v1-covertype-s1,covertype,1,random,matched_full,539,0.684,0.7576461223379574,0.6711060412408045,0.44773221220457776,0.539,0.07333292867449238,0.532,0.5931735046618968,0.5626385,-0.2277241425186589,0.5678734237820123,0.08468442773234547,2.758284289856835,0.477,0.15101658569283138
privacy-leakage-v1-covertype-s1,covertype,1,raw,R0_raw_samples,1000,1.0,1.0,1.0,,1.0,0.0,0.9945,1.0,1.0,,,0.0,0.0,0.652,0.451785574478207
privacy-leakage-v1-covertype-s1,covertype,1,tree,matched_full,197,0.79,0.7905006480103682,0.7897569590446556,-0.010180924989224065,0.197,0.052799208068730376,0.592,0.6358705374058831,0.6237410000000001,0.09812084527777173,-0.6115007878852625,0.05559296400318528,2.193612098974949,0.578,0.3538750672471432
privacy-leakage-v1-covertype-s7,covertype,7,granular_ball,R5_center,541,0.929,0.9380217520870083,0.9289624211207729,-0.7536096783987655,0.541,0.008878548867159998,0.793,0.8753187734553309,0.8631979999999999,0.30853947237889595,-0.8007075842458871,0.009668660296466266,0.7213761579129382,0.622,0.38570503306653314
privacy-leakage-v1-covertype-s7,covertype,7,granular_ball,R6_center_radius,541,0.929,0.9380217520870083,0.9289624211207729,-0.2565242464716325,0.541,0.01013900728048362,0.5955,0.8660685217918653,0.8671279999999999,0.11206281629563707,-0.2356373438235727,0.010604427799108682,0.7508750613827702,0.623,0.3112113626698462
privacy-leakage-v1-covertype-s7,covertype,7,granular_ball,R7_center_radius_count,541,0.929,0.9380217520870083,0.9289624211207729,-0.2565242464716325,0.541,0.01013900728048362,0.5955,0.8660685217918653,0.8671279999999999,0.11206281629563707,-0.2356373438235727,0.010604427799108682,0.7508750613827702,0.623,0.3112113626698462
privacy-leakage-v1-covertype-s7,covertype,7,granular_ball,R8_center_radius_count_purity,541,0.929,0.9380217520870083,0.9289624211207729,-0.2565242464716325,0.541,0.01013900728048362,0.5955,0.8660685217918653,0.8671279999999999,0.11206281629563707,-0.2356373438235727,0.010604427799108682,0.7508750613827702,0.623,0.3112113626698462
privacy-leakage-v1-covertype-s7,covertype,7,hierarchical,matched_full,541,0.979,0.9797179188716756,0.9789998109982989,-0.47333241365817585,0.541,0.003349369370972363,0.607,0.9119433419229377,0.9160209999999999,0.24406328199087918,-0.47328993587246204,0.004405622851528089,0.5230795980628525,0.632,0.3680238014053034
privacy-leakage-v1-covertype-s7,covertype,7,kmeans,R1_center,541,0.967,0.9651098604394418,0.9669991749793745,-0.8797928727291293,0.541,0.003595473550080505,0.8495,0.9319774930479665,0.934428,0.5335112006602674,-0.9062186631655195,0.004862345788071614,0.5274125908316496,0.637,0.39414253320464354
privacy-leakage-v1-covertype-s7,covertype,7,kmeans,R2_center_count,541,0.967,0.9651098604394418,0.9669991749793745,-0.8250980705900739,0.541,0.003595473550080505,0.873,0.9380499963391535,0.944661,0.5164330564456396,-0.8821543006272456,0.004862345788071614,0.5274125908316496,0.637,0.39414253320464354
privacy-leakage-v1-covertype-s7,covertype,7,kmeans,R3_center_radius,541,0.967,0.9651098604394418,0.9669991749793745,-0.4716184286938861,0.541,0.00359769907378939,0.618,0.9106128266501694,0.9103275000000001,0.23649466425087637,-0.468097470308464,0.004868335194339153,0.5277365315612932,0.635,0.4050906420941187
privacy-leakage-v1-covertype-s7,covertype,7,kmeans,R4_center_radius_count,541,0.967,0.9651098604394418,0.9669991749793745,-0.4710351029956078,0.541,0.00359769907378939,0.618,0.9106122752542691,0.9103280000000001,0.2361826873636244,-0.46771067997789356,0.004868335194339153,0.5277365315612932,0.635,0.4050906420941187
privacy-leakage-v1-covertype-s7,covertype,7,random,matched_full,541,0.719,0.7677370709482837,0.7133001196793451,0.4766358711047294,0.541,0.0929436191222945,0.5295,0.5675950632904047,0.5407865000000001,-0.2638753485444918,0.5653197004392894,0.11975992214925259,3.2207834935561794,0.465,0.14342785403928174
privacy-leakage-v1-covertype-s7,covertype,7,raw,R0_raw_samples,1000,1.0,1.0,1.0,,1.0,0.0,0.9925,0.9999025449576248,0.999907,,,0.0,0.0,0.626,0.39400333082451017
privacy-leakage-v1-covertype-s7,covertype,7,tree,matched_full,198,0.797,0.7786571146284587,0.7966907666560838,-0.2897184792919536,0.198,0.051312936429215715,0.5745,0.6136754256755913,0.6092249999999999,-0.18712014216628597,-0.61070784351592,0.059152910920033594,2.226108896430365,0.572,0.29450393009673714
privacy-leakage-v1-covertype-s21,covertype,21,granular_ball,R5_center,516,0.942,0.9494231907710524,0.942,-0.7476245483452796,0.516,0.010099178235453348,0.781,0.876018152619353,0.861213,0.31608144311845165,-0.7982170826538522,0.01065475390688384,0.788255263664204,0.603,0.44792275160961564
privacy-leakage-v1-covertype-s21,covertype,21,granular_ball,R6_center_radius,516,0.942,0.9494231907710524,0.942,-0.36259188767528994,0.516,0.011331634481230743,0.5955,0.8791529094018667,0.879233,0.27488941650380017,-0.35064445254530363,0.011525737411256355,0.8195132368865233,0.632,0.43409471088781687
privacy-leakage-v1-covertype-s21,covertype,21,granular_ball,R7_center_radius_count,516,0.942,0.9494231907710524,0.942,-0.36259188767528994,0.516,0.011331634481230743,0.5955,0.8791529094018667,0.879233,0.27488941650380017,-0.35064445254530363,0.011525737411256355,0.8195132368865233,0.632,0.43409471088781687
privacy-leakage-v1-covertype-s21,covertype,21,granular_ball,R8_center_radius_count_purity,516,0.942,0.9494231907710524,0.942,-0.36259188767528994,0.516,0.011331634481230743,0.5955,0.8791529094018667,0.879233,0.27488941650380017,-0.35064445254530363,0.011525737411256355,0.8195132368865233,0.632,0.43409471088781687
privacy-leakage-v1-covertype-s21,covertype,21,hierarchical,matched_full,516,0.965,0.965769452311237,0.9649996849971649,-0.10123505858911785,0.516,0.0039010177054825752,0.615,0.7922333703310871,0.8446805000000001,0.011946216541971874,-0.10352020656390318,0.005189315167954528,0.5844648432541766,0.65,0.48962551206537425
privacy-leakage-v1-covertype-s21,covertype,21,kmeans,R1_center,516,0.964,0.9619893918302693,0.9639998559994241,-0.887602444848277,0.516,0.004139906982620673,0.851,0.9207373228052337,0.923473,0.5509238864798504,-0.9193294369477847,0.005745267355745596,0.5873733376329129,0.673,0.5445412512623975
privacy-leakage-v1-covertype-s21,covertype,21,kmeans,R2_center_count,516,0.964,0.9619893918302693,0.9639998559994241,-0.810815092690567,0.516,0.004139906982620673,0.8635,0.9250957526077014,0.9380120000000001,0.5075638231226695,-0.8851925195955633,0.005745267355745596,0.5873733376329129,0.673,0.5445412512623975
privacy-leakage-v1-covertype-s21,covertype,21,kmeans,R3_center_radius,516,0.964,0.9619893918302693,0.9639998559994241,-0.4813873028160232,0.516,0.004132307869334039,0.607,0.9002177135572202,0.9023964999999998,0.2824167908031515,-0.4703999652720249,0.005777251068641277,0.5885222834321894,0.666,0.5149855545591527
privacy-leakage-v1-covertype-s21,covertype,21,kmeans,R4_center_radius_count,516,0.964,0.9619893918302693,0.9639998559994241,-0.4806012492233167,0.516,0.004132307869334039,0.607,0.9002086946949321,0.9023909999999999,0.2815617684921374,-0.47006609614453865,0.005777251068641277,0.5885222834321894,0.666,0.5149855545591527
privacy-leakage-v1-covertype-s21,covertype,21,random,matched_full,516,0.693,0.7487699803196851,0.6869515917032994,0.3969712761587269,0.516,0.0796434310983764,0.512,0.5430864857723271,0.527571,-0.171702107644748,0.5340220496145838,0.0940245851830803,2.8829387561062747,0.459,0.14651094183698785
privacy-leakage-v1-covertype-s21,covertype,21,raw,R0_raw_samples,1000,1.0,1.0,1.0,,1.0,0.0,0.9925,0.9999089834314279,0.999912,,,0.0,0.0,0.654,0.53795741668925
privacy-leakage-v1-covertype-s21,covertype,21,tree,matched_full,194,0.766,0.7658842541480664,0.7658417089952808,-0.2871478044565985,0.194,0.055967353838422364,0.594,0.626243453295819,0.627149,-0.2175683971280641,-0.6226126814362107,0.06880269195994526,2.392702062762129,0.572,0.3507700766699955
privacy-leakage-v1-covertype-s42,covertype,42,granular_ball,R5_center,523,0.923,0.9285217140868564,0.9229259318204794,-0.7726132712696437,0.523,0.010783192475067762,0.7695,0.857635137190901,0.8450209999999999,0.3600826152219578,-0.8259809078061618,0.011615292347244673,0.8122084125144531,0.599,0.3594041454531518
privacy-leakage-v1-covertype-s42,covertype,42,granular_ball,R6_center_radius,523,0.923,0.9285217140868564,0.9229259318204794,-0.26232044505331803,0.523,0.012477332942000964,0.5915,0.8393897821411682,0.839685,0.18152362995197638,-0.26138232488058016,0.01288813644024079,0.8478454415930694,0.624,0.3097011610966071
privacy-leakage-v1-covertype-s42,covertype,42,granular_ball,R7_center_radius_count,523,0.923,0.9285217140868564,0.9229259318204794,-0.26232044505331803,0.523,0.012477332942000964,0.5915,0.8393897821411682,0.839685,0.18152362995197638,-0.26138232488058016,0.01288813644024079,0.8478454415930694,0.624,0.3097011610966071
privacy-leakage-v1-covertype-s42,covertype,42,granular_ball,R8_center_radius_count_purity,523,0.923,0.9285217140868564,0.9229259318204794,-0.26232044505331803,0.523,0.012477332942000964,0.5915,0.8393897821411682,0.839685,0.18152362995197638,-0.26138232488058016,0.01288813644024079,0.8478454415930694,0.624,0.3097011610966071
privacy-leakage-v1-covertype-s42,covertype,42,hierarchical,matched_full,523,0.976,0.9712198848795395,0.975999615993856,-0.35024000207713235,0.523,0.004030937846977477,0.5895,0.8935064604623598,0.8952509999999999,0.20462340087109368,-0.3508547760997435,0.005362411041284588,0.5896900183281318,0.63,0.35275816524837067
privacy-leakage-v1-covertype-s42,covertype,42,kmeans,R1_center,523,0.963,0.9590158360633442,0.962999962999963,-0.8915320949582555,0.523,0.004513120859893067,0.8425,0.922643049288671,0.9236610000000001,0.5488701841727257,-0.9111043709793875,0.00600133816153888,0.5993298990640616,0.649,0.3649084482168325
privacy-leakage-v1-covertype-s42,covertype,42,kmeans,R2_center_count,523,0.963,0.9590158360633442,0.962999962999963,-0.841610964646085,0.523,0.004513120859893067,0.8595,0.9282672054033919,0.9348840000000002,0.5146556335166188,-0.8860709983942199,0.00600133816153888,0.5993298990640616,0.649,0.3649084482168325
privacy-leakage-v1-covertype-s42,covertype,42,kmeans,R3_center_radius,523,0.963,0.9590158360633442,0.962999962999963,-0.3741241947425318,0.523,0.004483271898633707,0.6015,0.8731861275354035,0.8738104999999999,0.21865802072103854,-0.37308544869161603,0.0060071089962808605,0.599653557895992,0.622,0.3136162239957245
privacy-leakage-v1-covertype-s42,covertype,42,kmeans,R4_center_radius_count,523,0.963,0.9590158360633442,0.962999962999963,-0.3735148988033701,0.523,0.004483271898633707,0.6015,0.8731787670201707,0.8738055000000001,0.21830882252632175,-0.3726052792116914,0.0060071089962808605,0.599653557895992,0.622,0.3136162239957245
privacy-leakage-v1-covertype-s42,covertype,42,random,matched_full,523,0.683,0.7592970371881487,0.6727475066353799,0.44629053291831944,0.523,0.08911185391609532,0.5185,0.5520812097195755,0.5308685,-0.25068904813668086,0.6105184856630634,0.11152817894858702,3.118280766448951,0.462,0.14026559512564868
privacy-leakage-v1-covertype-s42,covertype,42,raw,R0_raw_samples,1000,1.0,1.0,1.0,,1.0,0.0,0.994,0.9999799517024546,0.99998,,,0.0,0.0,0.647,0.424662724509298
privacy-leakage-v1-covertype-s42,covertype,42,tree,matched_full,199,0.768,0.7655430621722487,0.7668576022510301,-0.19745783843884354,0.199,0.05991588516756407,0.58,0.6121157237315912,0.6054660000000001,-0.07559007526222292,-0.4835645379517751,0.06389015588458026,2.345898294360089,0.598,0.2785359124593551
privacy-leakage-v1-covertype-s2026,covertype,2026,granular_ball,R5_center,524,0.945,0.9497657990631962,0.9449933441946476,-0.7893184597889269,0.524,0.009606897095962942,0.772,0.855550019032647,0.8466480000000001,0.2908383578350956,-0.8364977929811844,0.010240022508506688,0.7538807857707644,0.628,0.37786568795270326
privacy-leakage-v1-covertype-s2026,covertype,2026,granular_ball,R6_center_radius,524,0.945,0.9497657990631962,0.9449933441946476,-0.3749916523433178,0.524,0.010478449566743417,0.6,0.8658924283735262,0.8712565000000001,0.17584816892674623,-0.3571430793885404,0.01089519104972231,0.7783856952460462,0.642,0.3249562415637635
privacy-leakage-v1-covertype-s2026,covertype,2026,granular_ball,R7_center_radius_count,524,0.945,0.9497657990631962,0.9449933441946476,-0.3749916523433178,0.524,0.010478449566743417,0.6,0.8658924283735262,0.8712565000000001,0.17584816892674623,-0.3571430793885404,0.01089519104972231,0.7783856952460462,0.642,0.3249562415637635
privacy-leakage-v1-covertype-s2026,covertype,2026,granular_ball,R8_center_radius_count_purity,524,0.945,0.9497657990631962,0.9449933441946476,-0.3749916523433178,0.524,0.010478449566743417,0.6,0.8658924283735262,0.8712565000000001,0.17584816892674623,-0.3571430793885404,0.01089519104972231,0.7783856952460462,0.642,0.3249562415637635
privacy-leakage-v1-covertype-s2026,covertype,2026,hierarchical,matched_full,524,0.982,0.9814299257197028,0.982,0.1323902788655508,0.524,0.0038436782586515343,0.643,0.7495361760505649,0.799439,-0.049353378620808006,0.058606990301515366,0.004844679421657798,0.5490836727083652,0.624,0.3650241236432671
privacy-leakage-v1-covertype-s2026,covertype,2026,kmeans,R1_center,524,0.977,0.9793659174636699,0.976999792998137,-0.8787562732828335,0.524,0.004272073851423273,0.8385,0.9175917100680006,0.9212309999999999,0.5460365277061684,-0.9096132219386399,0.005393320856168994,0.5600232207660514,0.621,0.3657864562893645
privacy-leakage-v1-covertype-s2026,covertype,2026,kmeans,R2_center_count,524,0.977,0.9793659174636699,0.976999792998137,-0.8232225817796668,0.524,0.004272073851423273,0.86,0.9250930514140324,0.934186,0.5135361664428612,-0.8860536501050655,0.005393320856168994,0.5600232207660514,0.621,0.3657864562893645
privacy-leakage-v1-covertype-s2026,covertype,2026,kmeans,R3_center_radius,524,0.977,0.9793659174636699,0.976999792998137,-0.48243362022268804,0.524,0.004272073851423273,0.6135,0.8969002004241213,0.9019265,0.2964810183841564,-0.4831396385565592,0.005393320856168994,0.5600232207660514,0.622,0.362587654488357
privacy-leakage-v1-covertype-s2026,covertype,2026,kmeans,R4_center_radius_count,524,0.977,0.9793659174636699,0.976999792998137,-0.024691904622576394,0.524,0.004272073851423273,0.6345,0.7893985223545006,0.840511,0.025365883715332528,-0.05519117064263194,0.005393320856168994,0.5600232207660514,0.622,0.362587654488357
privacy-leakage-v1-covertype-s2026,covertype,2026,random,matched_full,524,0.694,0.7728250913003653,0.6830342530173896,0.5045061351749734,0.524,0.07363230313200335,0.5195,0.5545677756814515,0.53128,-0.27598113353293835,0.4950328731287862,0.08516330037187553,2.7395730812022876,0.488,0.18227695827632687
privacy-leakage-v1-covertype-s2026,covertype,2026,raw,R0_raw_samples,1000,1.0,1.0,1.0,,1.0,0.0,0.996,1.0,1.0,,,0.0,0.0,0.628,0.39823783791068673
privacy-leakage-v1-covertype-s2026,covertype,2026,tree,matched_full,196,0.794,0.798577194308777,0.7937888397719264,-0.2705631410422899,0.196,0.05973749470225336,0.5865,0.6124147009758323,0.615881,-0.41151064325820935,-0.5797342569065691,0.060542952087375,2.2581758965999663,0.593,0.33605938682924713
privacy-leakage-v1-german_credit-s1,german_credit,1,granular_ball,R5_center,233,0.956,0.972267414679757,0.9502487562189055,-0.8094992730091715,0.466,0.07495264116127434,0.876,0.9442228593670511,0.926252,0.23738633008479532,-0.7801678909164377,0.05754014000980363,1.584950803104622,0.602,0.5596858059519858
privacy-leakage-v1-german_credit-s1,german_credit,1,granular_ball,R6_center_radius,233,0.956,0.972267414679757,0.9502487562189055,-0.43167647757502603,0.466,0.08281106214993526,0.574,0.8685468310522291,0.8687100000000001,0.19575698208082135,-0.38742246493068366,0.059909453960801266,1.6145878599944257,0.672,0.525232173047083
privacy-leakage-v1-german_credit-s1,german_credit,1,granular_ball,R7_center_radius_count,233,0.956,0.972267414679757,0.9502487562189055,-0.43167647757502603,0.466,0.08281106214993526,0.574,0.8685468310522291,0.8687100000000001,0.19575698208082135,-0.38742246493068366,0.059909453960801266,1.6145878599944257,0.672,0.525232173047083
privacy-leakage-v1-german_credit-s1,german_credit,1,granular_ball,R8_center_radius_count_purity,233,0.956,0.972267414679757,0.9502487562189055,-0.43167647757502603,0.466,0.08281106214993526,0.574,0.8685468310522291,0.8687100000000001,0.19575698208082135,-0.38742246493068366,0.059909453960801266,1.6145878599944257,0.672,0.525232173047083
privacy-leakage-v1-german_credit-s1,german_credit,1,hierarchical,matched_full,233,0.992,0.9984011220196354,0.9907151213533639,-0.54671363734396,0.466,0.06177699339029813,0.589,0.8072265502245736,0.79779,0.22402853632479722,-0.5466203566694556,0.04110716396263124,1.4245439836188425,0.652,0.6100473321858864
privacy-leakage-v1-german_credit-s1,german_credit,1,kmeans,R1_center,233,0.966,0.967470780738663,0.9601908963605112,-0.9237724757147548,0.466,0.06307658508223293,0.892,0.9605500793083652,0.965364,0.5623061842570856,-0.9238740295878398,0.04488387201150244,1.3830875404882694,0.702,0.6344006870322659
privacy-leakage-v1-german_credit-s1,german_credit,1,kmeans,R2_center_count,233,0.966,0.967470780738663,0.9601908963605112,-0.9171629469804254,0.466,0.06307658508223293,0.905,0.9626031143813215,0.968888,0.5571828403648935,-0.9198443176526543,0.04488387201150244,1.3830875404882694,0.702,0.6344006870322659
privacy-leakage-v1-german_credit-s1,german_credit,1,kmeans,R3_center_radius,233,0.966,0.967470780738663,0.9601908963605112,-0.35642516172960864,0.466,0.06305894560523838,0.643,0.8489240179736628,0.838254,0.20608054029577866,-0.36285190999885064,0.04488787831809477,1.3831413395085983,0.68,0.5902562946876728
privacy-leakage-v1-german_credit-s1,german_credit,1,kmeans,R4_center_radius_count,233,0.966,0.967470780738663,0.9601908963605112,-0.06301818080059374,0.466,0.06305894560523838,0.658,0.8510856590140079,0.8569759999999998,0.023583638897065287,-0.07043339245108739,0.04488787831809477,1.3831413395085983,0.68,0.5902562946876728
privacy-leakage-v1-german_credit-s1,german_credit,1,random,matched_full,233,0.688,0.8002244039270687,0.6831277726319895,-0.16410290687687237,0.466,0.17914533361558901,0.726,0.8044415774924568,0.8024720000000001,0.03808165693321004,-0.4358183856502242,0.18185414922998497,3.2089164870994145,0.504,0.48959430979978924
privacy-leakage-v1-german_credit-s1,german_credit,1,raw,R0_raw_samples,500,1.0,1.0,1.0,,1.0,0.0,0.997,0.9967405859433739,0.998336,,,0.0,0.0,0.672,0.5967424659689984
privacy-leakage-v1-german_credit-s1,german_credit,1,tree,matched_full,85,0.678,0.7539410939691444,0.6625459545338312,-0.5329593966882402,0.17,0.20125491535511428,0.649,0.7243423858519082,0.689132,-0.34081097456366766,-0.5330857924565175,0.16968900680404675,3.083357547883596,0.702,0.609847552513472
privacy-leakage-v1-german_credit-s7,german_credit,7,granular_ball,R5_center,228,0.942,0.9584759233286582,0.9336903384536587,-0.8708583708389338,0.456,0.07629928978884282,0.864,0.9440264490430931,0.92824,0.2852195313208198,-0.8510277910516276,0.05762649138508259,1.5739522853419128,0.68,0.6501722901471025
privacy-leakage-v1-german_credit-s7,german_credit,7,granular_ball,R6_center_radius,228,0.942,0.9584759233286582,0.9336903384536587,-0.36689354193365964,0.456,0.08539022974633378,0.572,0.8793748365050729,0.866276,0.11158160099365354,-0.31416652277216095,0.06150605670228803,1.6268265144722875,0.722,0.5735542261082989
privacy-leakage-v1-german_credit-s7,german_credit,7,granular_ball,R7_center_radius_count,228,0.942,0.9584759233286582,0.9336903384536587,-0.36689354193365964,0.456,0.08539022974633378,0.572,0.8793748365050729,0.866276,0.11158160099365354,-0.31416652277216095,0.06150605670228803,1.6268265144722875,0.722,0.5735542261082989
privacy-leakage-v1-german_credit-s7,german_credit,7,granular_ball,R8_center_radius_count_purity,228,0.942,0.9584759233286582,0.9336903384536587,-0.36689354193365964,0.456,0.08539022974633378,0.572,0.8793748365050729,0.866276,0.11158160099365354,-0.31416652277216095,0.06150605670228803,1.6268265144722875,0.722,0.5735542261082989
privacy-leakage-v1-german_credit-s7,german_credit,7,hierarchical,matched_full,228,0.986,0.9937447405329594,0.9837793998377939,-0.5210893270548638,0.456,0.06036670478206636,0.602,0.9278310006036034,0.8995979999999999,0.30814507196337887,-0.4839528955588546,0.04144120530017133,1.4149609349923742,0.674,0.6155206981955419
privacy-leakage-v1-german_credit-s7,german_credit,7,kmeans,R1_center,228,0.956,0.9549883122954652,0.9489331674435015,-0.9281926928795043,0.456,0.0614152063827014,0.896,0.9697647494893666,0.9685720000000001,0.5966671532196651,-0.9303786360416281,0.04576748175157552,1.40218852073294,0.696,0.6069426343118393
privacy-leakage-v1-german_credit-s7,german_credit,7,kmeans,R2_center_count,228,0.956,0.9549883122954652,0.9489331674435015,-0.9232709076991094,0.456,0.0614152063827014,0.902,0.9717398265374771,0.9717600000000001,0.5964124410344168,-0.9277673394827486,0.04576748175157552,1.40218852073294,0.696,0.6069426343118393
privacy-leakage-v1-german_credit-s7,german_credit,7,kmeans,R3_center_radius,228,0.956,0.9549883122954652,0.9489331674435015,-0.5024211156951492,0.456,0.061533856995105156,0.59,0.8177829608319456,0.782244,0.3270594699036927,-0.4962811397857079,0.04586076968268089,1.4035613550578576,0.72,0.5838386720886543
privacy-leakage-v1-german_credit-s7,german_credit,7,kmeans,R4_center_radius_count,228,0.956,0.9549883122954652,0.9489331674435015,-0.5034364173732736,0.456,0.061533856995105156,0.59,0.8168818732170899,0.780492,0.3224485959889529,-0.49795373682455,0.04586076968268089,1.4035613550578576,0.72,0.5838386720886543
privacy-leakage-v1-german_credit-s7,german_credit,7,random,matched_full,228,0.696,0.7864609630668535,0.6871707060063224,-0.2807435106368076,0.456,0.18989283518104183,0.699,0.792140881227727,0.7721,-0.059144715068834175,-0.5463974110932567,0.1850309247103148,3.219964392804263,0.53,0.5219204557013528
privacy-leakage-v1-german_credit-s7,german_credit,7,raw,R0_raw_samples,500,1.0,1.0,1.0,,1.0,0.0,0.998,0.9968475066899405,0.998396,,,0.0,0.0,0.668,0.5827552231002795
privacy-leakage-v1-german_credit-s7,german_credit,7,tree,matched_full,97,0.642,0.7399812996727443,0.6267707538396741,-0.5562143490969826,0.194,0.17682654503782505,0.64,0.7403978325726186,0.702628,-0.3152625839848677,-0.5548732379549758,0.1575967986316262,2.9623299374412246,0.672,0.6080230979559839
privacy-leakage-v1-german_credit-s21,german_credit,21,granular_ball,R5_center,241,0.958,0.9584852734922862,0.9516661372957894,-0.8543636448290696,0.482,0.07507852689375487,0.857,0.9381375714356304,0.9186479999999999,0.3793687957745464,-0.8314756203312641,0.0575945827625175,1.5267223504262415,0.628,0.5912087912087912
privacy-leakage-v1-german_credit-s21,german_credit,21,granular_ball,R6_center_radius,241,0.958,0.9584852734922862,0.9516661372957894,-0.48403845424178715,0.482,0.08279428283942385,0.595,0.869494581797382,0.8665200000000001,0.25834878292056923,-0.46994826990283856,0.0616517036602223,1.5831927220812494,0.692,0.49559794570799703
privacy-leakage-v1-german_credit-s21,german_credit,21,granular_ball,R7_center_radius_count,241,0.958,0.9584852734922862,0.9516661372957894,-0.48403845424178715,0.482,0.08279428283942385,0.595,0.869494581797382,0.8665200000000001,0.25834878292056923,-0.46994826990283856,0.0616517036602223,1.5831927220812494,0.692,0.49559794570799703
privacy-leakage-v1-german_credit-s21,german_credit,21,granular_ball,R8_center_radius_count_purity,241,0.958,0.9584852734922862,0.9516661372957894,-0.48403845424178715,0.482,0.08279428283942385,0.595,0.869494581797382,0.8665200000000001,0.25834878292056923,-0.46994826990283856,0.0616517036602223,1.5831927220812494,0.692,0.49559794570799703
privacy-leakage-v1-german_credit-s21,german_credit,21,hierarchical,matched_full,241,0.994,0.9970733987844788,0.9930242616180922,-0.4975690895103619,0.482,0.05794097460366599,0.564,0.9100565087812941,0.8677860000000002,0.21826284516242764,-0.4549165215049193,0.03941105505027563,1.3704801167585547,0.632,0.5714072748956469
privacy-leakage-v1-german_credit-s21,german_credit,21,kmeans,R1_center,241,0.97,0.9776624590930342,0.9651213080904614,-0.9191259777783184,0.482,0.057716559483602436,0.899,0.9679943114232077,0.966504,0.5488180996031767,-0.9157746819600459,0.04363388276263566,1.3452177098541331,0.65,0.5856831020261279
privacy-leakage-v1-german_credit-s21,german_credit,21,kmeans,R2_center_count,241,0.97,0.9776624590930342,0.9651213080904614,-0.9121184984767544,0.482,0.057716559483602436,0.902,0.9726185789981274,0.973012,0.541625635979056,-0.9112623926680978,0.04363388276263566,1.3452177098541331,0.65,0.5856831020261279
privacy-leakage-v1-german_credit-s21,german_credit,21,kmeans,R3_center_radius,241,0.97,0.9776624590930342,0.9651213080904614,-0.5338479501904367,0.482,0.05800199927294672,0.602,0.918227658817227,0.9116359999999999,0.31171645110262003,-0.5391707022136357,0.04386866514646913,1.3483965280249584,0.658,0.5888928957807429
privacy-leakage-v1-german_credit-s21,german_credit,21,kmeans,R4_center_radius_count,241,0.97,0.9776624590930342,0.9651213080904614,-0.49292346181584157,0.482,0.05800199927294672,0.643,0.8688856897129302,0.831784,0.32751603210922026,-0.48669464504805743,0.04386866514646913,1.3483965280249584,0.658,0.5888928957807429
privacy-leakage-v1-german_credit-s21,german_credit,21,random,matched_full,241,0.696,0.7832164562879851,0.6895627736749232,-0.06716089914527365,0.482,0.162797929778305,0.718,0.8106225701412723,0.803804,-0.037752513133976574,-0.46333268358608504,0.15599358388280754,2.966341224909859,0.618,0.5879624635961601
privacy-leakage-v1-german_credit-s21,german_credit,21,raw,R0_raw_samples,500,1.0,1.0,1.0,,1.0,0.0,1.0,1.0,1.0,,,0.0,0.0,0.674,0.6033657940714137
privacy-leakage-v1-german_credit-s21,german_credit,21,tree,matched_full,93,0.668,0.7358765778401122,0.6504615591941243,-0.6344388381207837,0.186,0.18688387647256172,0.625,0.708327935658771,0.669604,-0.16656813413884466,-0.5054012115424785,0.16294860287543275,3.016873314077148,0.714,0.6445597760975149
privacy-leakage-v1-german_credit-s42,german_credit,42,granular_ball,R5_center,232,0.918,0.9365775939177102,0.9059456136245807,-0.8706537285281278,0.464,0.0795530545469326,0.857,0.9402727487700807,0.9229879999999999,0.32191633262455377,-0.8746165989943041,0.05972177956491575,1.607249246655245,0.626,0.5906143411955813
privacy-leakage-v1-german_credit-s42,german_credit,42,granular_ball,R6_center_radius,232,0.918,0.9365775939177102,0.9059456136245807,-0.5139401781114266,0.464,0.08294009813331632,0.584,0.8885870944106841,0.8887100000000001,0.2621273620054211,-0.4956612670100792,0.06127147400029645,1.6271713927987401,0.716,0.5690073815073815
privacy-leakage-v1-german_credit-s42,german_credit,42,granular_ball,R7_center_radius_count,232,0.918,0.9365775939177102,0.9059456136245807,-0.5139401781114266,0.464,0.08294009813331632,0.584,0.8885870944106841,0.8887100000000001,0.2621273620054211,-0.4956612670100792,0.06127147400029645,1.6271713927987401,0.716,0.5690073815073815
privacy-leakage-v1-german_credit-s42,german_credit,42,granular_ball,R8_center_radius_count_purity,232,0.918,0.9365775939177102,0.9059456136245807,-0.5139401781114266,0.464,0.08294009813331632,0.584,0.8885870944106841,0.8887100000000001,0.2621273620054211,-0.4956612670100792,0.06127147400029645,1.6271713927987401,0.716,0.5690073815073815
privacy-leakage-v1-german_credit-s42,german_credit,42,hierarchical,matched_full,232,0.99,0.9965805754323196,0.9884138570269957,-0.44177146715807053,0.464,0.060226274255059074,0.557,0.8314694379393631,0.7682,0.17615427997564195,-0.41342932932893667,0.0407110077823362,1.3999199203370463,0.694,0.6417180672446012
privacy-leakage-v1-german_credit-s42,german_credit,42,kmeans,R1_center,232,0.974,0.9831823941562314,0.9696657161924407,-0.9276744390760443,0.464,0.06164774773760814,0.906,0.9726862141111678,0.9713480000000001,0.5590586666876056,-0.9196648961771144,0.04476743915466406,1.3854109134792207,0.678,0.6144469828680355
privacy-leakage-v1-german_credit-s42,german_credit,42,kmeans,R2_center_count,232,0.974,0.9831823941562314,0.9696657161924407,-0.9161789212433612,0.464,0.06164774773760814,0.916,0.9762415026088711,0.976308,0.5524459511324956,-0.9157441091535559,0.04476743915466406,1.3854109134792207,0.678,0.6144469828680355
privacy-leakage-v1-german_credit-s42,german_credit,42,kmeans,R3_center_radius,232,0.974,0.9831823941562314,0.9696657161924407,-0.4725122859964243,0.464,0.06164774773760814,0.589,0.8223226264767513,0.77251,0.28977195330728933,-0.46628323244964587,0.04476743915466406,1.3854109134792207,0.654,0.5772878987054747
privacy-leakage-v1-german_credit-s42,german_credit,42,kmeans,R4_center_radius_count,232,0.974,0.9831823941562314,0.9696657161924407,-0.4719230023192161,0.464,0.06164774773760814,0.589,0.8302203668589463,0.779602,0.28261252183109226,-0.4717128876713847,0.04476743915466406,1.3854109134792207,0.654,0.5772878987054747
privacy-leakage-v1-german_credit-s42,german_credit,42,random,matched_full,232,0.688,0.7721377459749553,0.680217779891438,-0.2659593396450353,0.464,0.1674875942347308,0.715,0.807748500890166,0.796724,0.1157549884881427,-0.44821935747812836,0.16513452894129943,3.0455308196560145,0.584,0.5391378332387975
privacy-leakage-v1-german_credit-s42,german_credit,42,raw,R0_raw_samples,500,1.0,1.0,1.0,,1.0,0.0,0.999,0.9995701478760112,0.999612,,,0.0,0.0,0.65,0.5809206335522126
privacy-leakage-v1-german_credit-s42,german_credit,42,tree,matched_full,83,0.652,0.7247223464519976,0.6398052464228934,-0.4966556759911001,0.166,0.18802912396196306,0.628,0.7040229251714445,0.677272,-0.17304862394281081,-0.5832435432788063,0.16654309001001846,3.0470375293078797,0.668,0.6016968673218673
privacy-leakage-v1-german_credit-s2026,german_credit,2026,granular_ball,R5_center,246,0.948,0.939177185600748,0.9390060806245777,-0.8704273530299875,0.492,0.07444710663214328,0.866,0.9433282391676614,0.932464,0.2509312380845722,-0.8567101200671168,0.05563098307267817,1.4953509838691033,0.682,0.6452144109889816
privacy-leakage-v1-german_credit-s2026,german_credit,2026,granular_ball,R6_center_radius,246,0.948,0.939177185600748,0.9390060806245777,-0.48052388534245966,0.492,0.07833702755295771,0.595,0.8911413558416201,0.888496,0.21345815711226446,-0.48837840918045083,0.057092011009272345,1.5158540887478429,0.714,0.6155727965331655
privacy-leakage-v1-german_credit-s2026,german_credit,2026,granular_ball,R7_center_radius_count,246,0.948,0.939177185600748,0.9390060806245777,-0.48052388534245966,0.492,0.07833702755295771,0.595,0.8911413558416201,0.888496,0.21345815711226446,-0.48837840918045083,0.057092011009272345,1.5158540887478429,0.714,0.6155727965331655
privacy-leakage-v1-german_credit-s2026,german_credit,2026,granular_ball,R8_center_radius_count_purity,246,0.948,0.939177185600748,0.9390060806245777,-0.48052388534245966,0.492,0.07833702755295771,0.595,0.8911413558416201,0.888496,0.21345815711226446,-0.48837840918045083,0.057092011009272345,1.5158540887478429,0.714,0.6155727965331655
privacy-leakage-v1-german_credit-s2026,german_credit,2026,hierarchical,matched_full,246,0.984,0.9967648433847592,0.9815562810085026,-0.6138684526246112,0.492,0.05738218658797154,0.579,0.8488591905892934,0.801532,0.3288539559714098,-0.6445244545662482,0.03804045159914945,1.32961196193394,0.674,0.624837160914937
privacy-leakage-v1-german_credit-s2026,german_credit,2026,kmeans,R1_center,246,0.964,0.9746423562412342,0.9587753531578079,-0.9068635112645261,0.492,0.057435299467887904,0.911,0.9731015646639934,0.972484,0.5776686979939312,-0.9029949824858078,0.041961214477324336,1.2982114030209142,0.692,0.6146609015934023
privacy-leakage-v1-german_credit-s2026,german_credit,2026,kmeans,R2_center_count,246,0.964,0.9746423562412342,0.9587753531578079,-0.9004038135368758,0.492,0.057435299467887904,0.924,0.9779765413946059,0.979204,0.5699597914477229,-0.8987516263822248,0.041961214477324336,1.2982114030209142,0.692,0.6146609015934023
privacy-leakage-v1-german_credit-s2026,german_credit,2026,kmeans,R3_center_radius,246,0.964,0.9746423562412342,0.9587753531578079,-0.5485691065890863,0.492,0.057631468719246015,0.611,0.8404811296225528,0.79642,0.3388099387084215,-0.5510616537513837,0.04212548336464272,1.3017680785080656,0.698,0.5800305937978029
privacy-leakage-v1-german_credit-s2026,german_credit,2026,kmeans,R4_center_radius_count,246,0.964,0.9746423562412342,0.9587753531578079,-0.17374457678914978,0.492,0.057631468719246015,0.702,0.884462886403647,0.8735639999999999,0.11988856380856736,-0.20304667763297787,0.04212548336464272,1.3017680785080656,0.698,0.5800305937978029
privacy-leakage-v1-german_credit-s2026,german_credit,2026,random,matched_full,246,0.698,0.8024871435250116,0.6924781374357971,-0.02213917839145888,0.492,0.1678415069103302,0.736,0.8326677781356768,0.827616,-0.15257994728906246,-0.4935032871924324,0.1627381402340124,3.022602965748586,0.67,0.6149879362886704
privacy-leakage-v1-german_credit-s2026,german_credit,2026,raw,R0_raw_samples,500,1.0,1.0,1.0,,1.0,0.0,0.998,0.9999061219018933,0.999908,,,0.0,0.0,0.7,0.6176902373379006
privacy-leakage-v1-german_credit-s2026,german_credit,2026,tree,matched_full,90,0.608,0.7473772791023843,0.6049406604747162,-0.5762717323315237,0.18,0.19656741710069622,0.636,0.7201871775398461,0.682064,-0.45764319114026913,-0.5266576120508705,0.1592264245575195,2.9916032793171636,0.704,0.6114751344086021
