experiment_id,dataset,seed,n_clients,method,accuracy,accuracy_drop_vs_raw,ciphertext_count_estimate,communication_bytes,m_over_n,n_prototypes,secure_additions_estimate,secure_multiplications_estimate
secure-aggregation-v1-adult-s1,adult,1,5,granular_ball,0.7733333333333333,-0.018333333333333313,4.0,123088.0,0.11214285714285714,157.0,14915.0,14915.0
secure-aggregation-v1-adult-s1,adult,1,5,kmeans,0.7,0.05500000000000005,4.0,123088.0,0.11214285714285714,157.0,14915.0,14915.0
secure-aggregation-v1-adult-s1,adult,1,5,microcluster,0.6833333333333333,0.07166666666666666,4.0,122304.0,0.11142857142857143,156.0,14820.0,14820.0
secure-aggregation-v1-adult-s1,adult,1,5,raw,0.755,0.0,33.0,1075200.0,1.0,1400.0,133000.0,133000.0
secure-aggregation-v1-adult-s1,adult,1,10,granular_ball,0.73,0.025000000000000022,3.0,68992.0,0.06285714285714286,88.0,8360.0,8360.0
secure-aggregation-v1-adult-s1,adult,1,10,kmeans,0.7166666666666667,0.03833333333333333,3.0,68992.0,0.06285714285714286,88.0,8360.0,8360.0
secure-aggregation-v1-adult-s1,adult,1,10,microcluster,0.6816666666666666,0.07333333333333336,3.0,68992.0,0.06285714285714286,88.0,8360.0,8360.0
secure-aggregation-v1-adult-s1,adult,1,10,raw,0.755,0.0,33.0,1075200.0,1.0,1400.0,133000.0,133000.0
secure-aggregation-v1-adult-s1,adult,1,20,granular_ball,0.7966666666666666,-0.04166666666666663,5.0,148176.0,0.135,189.0,17955.0,17955.0
secure-aggregation-v1-adult-s1,adult,1,20,kmeans,0.7983333333333333,-0.043333333333333335,5.0,148176.0,0.135,189.0,17955.0,17955.0
secure-aggregation-v1-adult-s1,adult,1,20,microcluster,0.79,-0.03500000000000003,5.0,143472.0,0.13071428571428573,183.0,17385.0,17385.0
secure-aggregation-v1-adult-s1,adult,1,20,raw,0.755,0.0,33.0,1075200.0,1.0,1400.0,133000.0,133000.0
secure-aggregation-v1-adult-s7,adult,7,5,granular_ball,0.79,-0.025000000000000022,7.0,206192.0,0.18785714285714286,263.0,24985.0,24985.0
secure-aggregation-v1-adult-s7,adult,7,5,kmeans,0.745,0.020000000000000018,7.0,206192.0,0.18785714285714286,263.0,24985.0,24985.0
secure-aggregation-v1-adult-s7,adult,7,5,microcluster,0.7316666666666667,0.033333333333333326,6.0,201488.0,0.18357142857142858,257.0,24415.0,24415.0
secure-aggregation-v1-adult-s7,adult,7,5,raw,0.765,0.0,33.0,1075200.0,1.0,1400.0,133000.0,133000.0
secure-aggregation-v1-adult-s7,adult,7,10,granular_ball,0.8016666666666666,-0.036666666666666625,7.0,219520.0,0.2,280.0,26600.0,26600.0
secure-aggregation-v1-adult-s7,adult,7,10,kmeans,0.7816666666666666,-0.016666666666666607,7.0,219520.0,0.2,280.0,26600.0,26600.0
secure-aggregation-v1-adult-s7,adult,7,10,microcluster,0.7816666666666666,-0.016666666666666607,7.0,214032.0,0.195,273.0,25935.0,25935.0
secure-aggregation-v1-adult-s7,adult,7,10,raw,0.765,0.0,33.0,1075200.0,1.0,1400.0,133000.0,133000.0
secure-aggregation-v1-adult-s7,adult,7,20,granular_ball,0.7833333333333333,-0.018333333333333313,5.0,162288.0,0.14785714285714285,207.0,19665.0,19665.0
secure-aggregation-v1-adult-s7,adult,7,20,kmeans,0.765,0.0,5.0,162288.0,0.14785714285714285,207.0,19665.0,19665.0
secure-aggregation-v1-adult-s7,adult,7,20,microcluster,0.725,0.040000000000000036,5.0,160720.0,0.14642857142857144,205.0,19475.0,19475.0
secure-aggregation-v1-adult-s7,adult,7,20,raw,0.765,0.0,33.0,1075200.0,1.0,1400.0,133000.0,133000.0
secure-aggregation-v1-adult-s21,adult,21,5,granular_ball,0.7783333333333333,0.04166666666666663,5.0,145112.0,0.13357142857142856,187.0,17578.0,17578.0
secure-aggregation-v1-adult-s21,adult,21,5,kmeans,0.81,0.009999999999999898,5.0,145112.0,0.13357142857142856,187.0,17578.0,17578.0
secure-aggregation-v1-adult-s21,adult,21,5,microcluster,0.8016666666666666,0.018333333333333313,5.0,140456.0,0.12928571428571428,181.0,17014.0,17014.0
secure-aggregation-v1-adult-s21,adult,21,5,raw,0.82,0.0,33.0,1064000.0,1.0,1400.0,131600.0,131600.0
secure-aggregation-v1-adult-s21,adult,21,10,granular_ball,0.7766666666666666,0.043333333333333335,6.0,187792.0,0.17285714285714285,242.0,22748.0,22748.0
secure-aggregation-v1-adult-s21,adult,21,10,kmeans,0.7916666666666666,0.02833333333333332,6.0,187792.0,0.17285714285714285,242.0,22748.0,22748.0
secure-aggregation-v1-adult-s21,adult,21,10,microcluster,0.8133333333333334,0.006666666666666599,6.0,186240.0,0.17142857142857143,240.0,22560.0,22560.0
secure-aggregation-v1-adult-s21,adult,21,10,raw,0.82,0.0,33.0,1064000.0,1.0,1400.0,131600.0,131600.0
secure-aggregation-v1-adult-s21,adult,21,20,granular_ball,0.8116666666666666,0.008333333333333304,4.0,129592.0,0.11928571428571429,167.0,15698.0,15698.0
secure-aggregation-v1-adult-s21,adult,21,20,kmeans,0.8066666666666666,0.013333333333333308,4.0,129592.0,0.11928571428571429,167.0,15698.0,15698.0
secure-aggregation-v1-adult-s21,adult,21,20,microcluster,0.8133333333333334,0.006666666666666599,4.0,127264.0,0.11714285714285715,164.0,15416.0,15416.0
secure-aggregation-v1-adult-s21,adult,21,20,raw,0.82,0.0,33.0,1064000.0,1.0,1400.0,131600.0,131600.0
secure-aggregation-v1-adult-s42,adult,42,5,granular_ball,0.8066666666666666,-0.015000000000000013,8.0,263736.0,0.23785714285714285,333.0,31968.0,31968.0
secure-aggregation-v1-adult-s42,adult,42,5,kmeans,0.8,-0.008333333333333415,8.0,263736.0,0.23785714285714285,333.0,31968.0,31968.0
secure-aggregation-v1-adult-s42,adult,42,5,microcluster,0.795,-0.0033333333333334103,8.0,255816.0,0.2307142857142857,323.0,31008.0,31008.0
secure-aggregation-v1-adult-s42,adult,42,5,raw,0.7916666666666666,0.0,33.0,1086400.0,1.0,1400.0,134400.0,134400.0
secure-aggregation-v1-adult-s42,adult,42,10,granular_ball,0.77,0.021666666666666612,5.0,145728.0,0.13142857142857142,184.0,17664.0,17664.0
secure-aggregation-v1-adult-s42,adult,42,10,kmeans,0.7833333333333333,0.008333333333333304,5.0,145728.0,0.13142857142857142,184.0,17664.0,17664.0
secure-aggregation-v1-adult-s42,adult,42,10,microcluster,0.805,-0.01333333333333342,5.0,144144.0,0.13,182.0,17472.0,17472.0
secure-aggregation-v1-adult-s42,adult,42,10,raw,0.7916666666666666,0.0,33.0,1086400.0,1.0,1400.0,134400.0,134400.0
secure-aggregation-v1-adult-s42,adult,42,20,granular_ball,0.8066666666666666,-0.015000000000000013,6.0,191664.0,0.17285714285714285,242.0,23232.0,23232.0
secure-aggregation-v1-adult-s42,adult,42,20,kmeans,0.7833333333333333,0.008333333333333304,6.0,191664.0,0.17285714285714285,242.0,23232.0,23232.0
secure-aggregation-v1-adult-s42,adult,42,20,microcluster,0.7566666666666667,0.03499999999999992,6.0,189288.0,0.1707142857142857,239.0,22944.0,22944.0
secure-aggregation-v1-adult-s42,adult,42,20,raw,0.7916666666666666,0.0,33.0,1086400.0,1.0,1400.0,134400.0,134400.0
secure-aggregation-v1-adult-s2026,adult,2026,5,granular_ball,0.7533333333333333,0.01333333333333342,3.0,100880.0,0.09285714285714286,130.0,12220.0,12220.0
secure-aggregation-v1-adult-s2026,adult,2026,5,kmeans,0.7083333333333334,0.05833333333333335,3.0,100880.0,0.09285714285714286,130.0,12220.0,12220.0
secure-aggregation-v1-adult-s2026,adult,2026,5,microcluster,0.6966666666666667,0.07000000000000006,3.0,100880.0,0.09285714285714286,130.0,12220.0,12220.0
secure-aggregation-v1-adult-s2026,adult,2026,5,raw,0.7666666666666667,0.0,33.0,1064000.0,1.0,1400.0,131600.0,131600.0
secure-aggregation-v1-adult-s2026,adult,2026,10,granular_ball,0.7583333333333333,0.008333333333333415,6.0,179256.0,0.165,231.0,21714.0,21714.0
secure-aggregation-v1-adult-s2026,adult,2026,10,kmeans,0.7683333333333333,-0.0016666666666665941,6.0,179256.0,0.165,231.0,21714.0,21714.0
secure-aggregation-v1-adult-s2026,adult,2026,10,microcluster,0.7533333333333333,0.01333333333333342,6.0,176928.0,0.16285714285714287,228.0,21432.0,21432.0
secure-aggregation-v1-adult-s2026,adult,2026,10,raw,0.7666666666666667,0.0,33.0,1064000.0,1.0,1400.0,131600.0,131600.0
secure-aggregation-v1-adult-s2026,adult,2026,20,granular_ball,0.785,-0.018333333333333313,5.0,162960.0,0.15,210.0,19740.0,19740.0
secure-aggregation-v1-adult-s2026,adult,2026,20,kmeans,0.7883333333333333,-0.021666666666666612,5.0,162960.0,0.15,210.0,19740.0,19740.0
secure-aggregation-v1-adult-s2026,adult,2026,20,microcluster,0.7866666666666666,-0.019999999999999907,5.0,156752.0,0.1442857142857143,202.0,18988.0,18988.0
secure-aggregation-v1-adult-s2026,adult,2026,20,raw,0.7666666666666667,0.0,33.0,1064000.0,1.0,1400.0,131600.0,131600.0
secure-aggregation-v1-breast_cancer-s1,breast_cancer,1,5,granular_ball,0.935672514619883,0.0292397660818714,1.0,2904.0,0.02763819095477387,11.0,330.0,330.0
secure-aggregation-v1-breast_cancer-s1,breast_cancer,1,5,kmeans,0.9181286549707602,0.04678362573099415,1.0,2904.0,0.02763819095477387,11.0,330.0,330.0
secure-aggregation-v1-breast_cancer-s1,breast_cancer,1,5,microcluster,0.9005847953216374,0.06432748538011701,1.0,2904.0,0.02763819095477387,11.0,330.0,330.0
secure-aggregation-v1-breast_cancer-s1,breast_cancer,1,5,raw,0.9649122807017544,0.0,3.0,98704.0,1.0,398.0,11940.0,11940.0
secure-aggregation-v1-breast_cancer-s1,breast_cancer,1,10,granular_ball,0.9473684210526315,0.01754385964912286,1.0,17952.0,0.1708542713567839,68.0,2040.0,2040.0
secure-aggregation-v1-breast_cancer-s1,breast_cancer,1,10,kmeans,0.935672514619883,0.0292397660818714,1.0,17952.0,0.1708542713567839,68.0,2040.0,2040.0
secure-aggregation-v1-breast_cancer-s1,breast_cancer,1,10,microcluster,0.935672514619883,0.0292397660818714,1.0,17952.0,0.1708542713567839,68.0,2040.0,2040.0
secure-aggregation-v1-breast_cancer-s1,breast_cancer,1,10,raw,0.9649122807017544,0.0,3.0,98704.0,1.0,398.0,11940.0,11940.0
secure-aggregation-v1-breast_cancer-s1,breast_cancer,1,20,granular_ball,0.9181286549707602,0.04678362573099415,1.0,12936.0,0.12311557788944724,49.0,1470.0,1470.0
secure-aggregation-v1-breast_cancer-s1,breast_cancer,1,20,kmeans,0.8713450292397661,0.0935672514619883,1.0,12936.0,0.12311557788944724,49.0,1470.0,1470.0
secure-aggregation-v1-breast_cancer-s1,breast_cancer,1,20,microcluster,0.9649122807017544,0.0,1.0,12936.0,0.12311557788944724,49.0,1470.0,1470.0
secure-aggregation-v1-breast_cancer-s1,breast_cancer,1,20,raw,0.9649122807017544,0.0,3.0,98704.0,1.0,398.0,11940.0,11940.0
secure-aggregation-v1-breast_cancer-s7,breast_cancer,7,5,granular_ball,0.9298245614035088,0.040935672514619825,1.0,7128.0,0.0678391959798995,27.0,810.0,810.0
secure-aggregation-v1-breast_cancer-s7,breast_cancer,7,5,kmeans,0.9298245614035088,0.040935672514619825,1.0,7128.0,0.0678391959798995,27.0,810.0,810.0
secure-aggregation-v1-breast_cancer-s7,breast_cancer,7,5,microcluster,0.9590643274853801,0.011695906432748537,1.0,6864.0,0.06532663316582915,26.0,780.0,780.0
secure-aggregation-v1-breast_cancer-s7,breast_cancer,7,5,raw,0.9707602339181286,0.0,3.0,98704.0,1.0,398.0,11940.0,11940.0
secure-aggregation-v1-breast_cancer-s7,breast_cancer,7,10,granular_ball,0.9415204678362573,0.029239766081871288,1.0,12672.0,0.12060301507537688,48.0,1440.0,1440.0
secure-aggregation-v1-breast_cancer-s7,breast_cancer,7,10,kmeans,0.9415204678362573,0.029239766081871288,1.0,12672.0,0.12060301507537688,48.0,1440.0,1440.0
secure-aggregation-v1-breast_cancer-s7,breast_cancer,7,10,microcluster,0.9239766081871345,0.04678362573099415,1.0,12672.0,0.12060301507537688,48.0,1440.0,1440.0
secure-aggregation-v1-breast_cancer-s7,breast_cancer,7,10,raw,0.9707602339181286,0.0,3.0,98704.0,1.0,398.0,11940.0,11940.0
secure-aggregation-v1-breast_cancer-s7,breast_cancer,7,20,granular_ball,0.9122807017543859,0.05847953216374269,1.0,11880.0,0.11306532663316583,45.0,1350.0,1350.0
secure-aggregation-v1-breast_cancer-s7,breast_cancer,7,20,kmeans,0.9122807017543859,0.05847953216374269,1.0,11880.0,0.11306532663316583,45.0,1350.0,1350.0
secure-aggregation-v1-breast_cancer-s7,breast_cancer,7,20,microcluster,0.9415204678362573,0.029239766081871288,1.0,11616.0,0.11055276381909548,44.0,1320.0,1320.0
secure-aggregation-v1-breast_cancer-s7,breast_cancer,7,20,raw,0.9707602339181286,0.0,3.0,98704.0,1.0,398.0,11940.0,11940.0
secure-aggregation-v1-breast_cancer-s21,breast_cancer,21,5,granular_ball,0.9590643274853801,-0.005847953216374213,1.0,11880.0,0.11306532663316583,45.0,1350.0,1350.0
secure-aggregation-v1-breast_cancer-s21,breast_cancer,21,5,kmeans,0.9766081871345029,-0.023391812865497075,1.0,11880.0,0.11306532663316583,45.0,1350.0,1350.0
secure-aggregation-v1-breast_cancer-s21,breast_cancer,21,5,microcluster,0.9649122807017544,-0.011695906432748537,1.0,11880.0,0.11306532663316583,45.0,1350.0,1350.0
secure-aggregation-v1-breast_cancer-s21,breast_cancer,21,5,raw,0.9532163742690059,0.0,3.0,98704.0,1.0,398.0,11940.0,11940.0
secure-aggregation-v1-breast_cancer-s21,breast_cancer,21,10,granular_ball,0.9473684210526315,0.005847953216374324,1.0,10824.0,0.10301507537688442,41.0,1230.0,1230.0
secure-aggregation-v1-breast_cancer-s21,breast_cancer,21,10,kmeans,0.9590643274853801,-0.005847953216374213,1.0,10824.0,0.10301507537688442,41.0,1230.0,1230.0
secure-aggregation-v1-breast_cancer-s21,breast_cancer,21,10,microcluster,0.935672514619883,0.01754385964912286,1.0,10824.0,0.10301507537688442,41.0,1230.0,1230.0
secure-aggregation-v1-breast_cancer-s21,breast_cancer,21,10,raw,0.9532163742690059,0.0,3.0,98704.0,1.0,398.0,11940.0,11940.0
secure-aggregation-v1-breast_cancer-s21,breast_cancer,21,20,granular_ball,0.9473684210526315,0.005847953216374324,1.0,12408.0,0.11809045226130653,47.0,1410.0,1410.0
secure-aggregation-v1-breast_cancer-s21,breast_cancer,21,20,kmeans,0.9883040935672515,-0.03508771929824561,1.0,12408.0,0.11809045226130653,47.0,1410.0,1410.0
secure-aggregation-v1-breast_cancer-s21,breast_cancer,21,20,microcluster,0.8947368421052632,0.05847953216374269,1.0,12408.0,0.11809045226130653,47.0,1410.0,1410.0
secure-aggregation-v1-breast_cancer-s21,breast_cancer,21,20,raw,0.9532163742690059,0.0,3.0,98704.0,1.0,398.0,11940.0,11940.0
secure-aggregation-v1-breast_cancer-s42,breast_cancer,42,5,granular_ball,0.9473684210526315,0.011695906432748537,1.0,8448.0,0.08040201005025126,32.0,960.0,960.0
secure-aggregation-v1-breast_cancer-s42,breast_cancer,42,5,kmeans,0.9181286549707602,0.040935672514619825,1.0,8448.0,0.08040201005025126,32.0,960.0,960.0
secure-aggregation-v1-breast_cancer-s42,breast_cancer,42,5,microcluster,0.935672514619883,0.023391812865497075,1.0,8448.0,0.08040201005025126,32.0,960.0,960.0
secure-aggregation-v1-breast_cancer-s42,breast_cancer,42,5,raw,0.9590643274853801,0.0,3.0,98704.0,1.0,398.0,11940.0,11940.0
secure-aggregation-v1-breast_cancer-s42,breast_cancer,42,10,granular_ball,0.8654970760233918,0.0935672514619883,1.0,6336.0,0.06030150753768844,24.0,720.0,720.0
secure-aggregation-v1-breast_cancer-s42,breast_cancer,42,10,kmeans,0.8245614035087719,0.13450292397660812,1.0,6336.0,0.06030150753768844,24.0,720.0,720.0
secure-aggregation-v1-breast_cancer-s42,breast_cancer,42,10,microcluster,0.8421052631578947,0.11695906432748537,1.0,6336.0,0.06030150753768844,24.0,720.0,720.0
secure-aggregation-v1-breast_cancer-s42,breast_cancer,42,10,raw,0.9590643274853801,0.0,3.0,98704.0,1.0,398.0,11940.0,11940.0
secure-aggregation-v1-breast_cancer-s42,breast_cancer,42,20,granular_ball,0.9298245614035088,0.029239766081871288,1.0,15840.0,0.1507537688442211,60.0,1800.0,1800.0
secure-aggregation-v1-breast_cancer-s42,breast_cancer,42,20,kmeans,0.935672514619883,0.023391812865497075,1.0,15840.0,0.1507537688442211,60.0,1800.0,1800.0
secure-aggregation-v1-breast_cancer-s42,breast_cancer,42,20,microcluster,0.847953216374269,0.11111111111111105,1.0,15576.0,0.14824120603015076,59.0,1770.0,1770.0
secure-aggregation-v1-breast_cancer-s42,breast_cancer,42,20,raw,0.9590643274853801,0.0,3.0,98704.0,1.0,398.0,11940.0,11940.0
secure-aggregation-v1-breast_cancer-s2026,breast_cancer,2026,5,granular_ball,0.9181286549707602,0.029239766081871288,1.0,7128.0,0.0678391959798995,27.0,810.0,810.0
secure-aggregation-v1-breast_cancer-s2026,breast_cancer,2026,5,kmeans,0.847953216374269,0.09941520467836251,1.0,7128.0,0.0678391959798995,27.0,810.0,810.0
secure-aggregation-v1-breast_cancer-s2026,breast_cancer,2026,5,microcluster,0.8771929824561403,0.07017543859649122,1.0,7128.0,0.0678391959798995,27.0,810.0,810.0
secure-aggregation-v1-breast_cancer-s2026,breast_cancer,2026,5,raw,0.9473684210526315,0.0,3.0,98704.0,1.0,398.0,11940.0,11940.0
secure-aggregation-v1-breast_cancer-s2026,breast_cancer,2026,10,granular_ball,0.9181286549707602,0.029239766081871288,1.0,7920.0,0.07537688442211055,30.0,900.0,900.0
secure-aggregation-v1-breast_cancer-s2026,breast_cancer,2026,10,kmeans,0.8713450292397661,0.07602339181286544,1.0,7920.0,0.07537688442211055,30.0,900.0,900.0
secure-aggregation-v1-breast_cancer-s2026,breast_cancer,2026,10,microcluster,0.9122807017543859,0.03508771929824561,1.0,7920.0,0.07537688442211055,30.0,900.0,900.0
secure-aggregation-v1-breast_cancer-s2026,breast_cancer,2026,10,raw,0.9473684210526315,0.0,3.0,98704.0,1.0,398.0,11940.0,11940.0
secure-aggregation-v1-breast_cancer-s2026,breast_cancer,2026,20,granular_ball,0.9005847953216374,0.04678362573099415,1.0,20856.0,0.1984924623115578,79.0,2370.0,2370.0
secure-aggregation-v1-breast_cancer-s2026,breast_cancer,2026,20,kmeans,0.9064327485380117,0.040935672514619825,1.0,20856.0,0.1984924623115578,79.0,2370.0,2370.0
secure-aggregation-v1-breast_cancer-s2026,breast_cancer,2026,20,microcluster,0.935672514619883,0.011695906432748537,1.0,20592.0,0.19597989949748743,78.0,2340.0,2340.0
secure-aggregation-v1-breast_cancer-s2026,breast_cancer,2026,20,raw,0.9473684210526315,0.0,3.0,98704.0,1.0,398.0,11940.0,11940.0
secure-aggregation-v1-covertype-s1,covertype,1,5,granular_ball,0.6466666666666666,0.01666666666666672,15.0,488880.0,0.45,630.0,59220.0,59220.0
secure-aggregation-v1-covertype-s1,covertype,1,5,kmeans,0.6466666666666666,0.01666666666666672,15.0,488880.0,0.45,630.0,59220.0,59220.0
secure-aggregation-v1-covertype-s1,covertype,1,5,microcluster,0.6633333333333333,0.0,14.0,461720.0,0.425,595.0,55930.0,55930.0
secure-aggregation-v1-covertype-s1,covertype,1,5,raw,0.6633333333333333,0.0,33.0,1064000.0,1.0,1400.0,131600.0,131600.0
secure-aggregation-v1-covertype-s1,covertype,1,10,granular_ball,0.575,0.08833333333333337,11.0,353080.0,0.325,455.0,42770.0,42770.0
secure-aggregation-v1-covertype-s1,covertype,1,10,kmeans,0.625,0.03833333333333333,11.0,353080.0,0.325,455.0,42770.0,42770.0
secure-aggregation-v1-covertype-s1,covertype,1,10,microcluster,0.6216666666666667,0.04166666666666663,11.0,343768.0,0.31642857142857145,443.0,41642.0,41642.0
secure-aggregation-v1-covertype-s1,covertype,1,10,raw,0.6633333333333333,0.0,33.0,1064000.0,1.0,1400.0,131600.0,131600.0
secure-aggregation-v1-covertype-s1,covertype,1,20,granular_ball,0.5616666666666666,0.10166666666666668,11.0,357736.0,0.3292857142857143,461.0,43334.0,43334.0
secure-aggregation-v1-covertype-s1,covertype,1,20,kmeans,0.5883333333333334,0.07499999999999996,11.0,357736.0,0.3292857142857143,461.0,43334.0,43334.0
secure-aggregation-v1-covertype-s1,covertype,1,20,microcluster,0.5916666666666667,0.07166666666666666,11.0,346096.0,0.31857142857142856,446.0,41924.0,41924.0
secure-aggregation-v1-covertype-s1,covertype,1,20,raw,0.6633333333333333,0.0,33.0,1064000.0,1.0,1400.0,131600.0,131600.0
secure-aggregation-v1-covertype-s7,covertype,7,5,granular_ball,0.6166666666666667,0.02833333333333332,16.0,513024.0,0.47714285714285715,668.0,62124.0,62124.0
secure-aggregation-v1-covertype-s7,covertype,7,5,kmeans,0.6316666666666667,0.013333333333333308,16.0,513024.0,0.47714285714285715,668.0,62124.0,62124.0
secure-aggregation-v1-covertype-s7,covertype,7,5,microcluster,0.6366666666666667,0.008333333333333304,15.0,483840.0,0.45,630.0,58590.0,58590.0
secure-aggregation-v1-covertype-s7,covertype,7,5,raw,0.645,0.0,32.0,1052800.0,1.0,1400.0,130200.0,130200.0
secure-aggregation-v1-covertype-s7,covertype,7,10,granular_ball,0.575,0.07000000000000006,11.0,370944.0,0.345,483.0,44919.0,44919.0
secure-aggregation-v1-covertype-s7,covertype,7,10,kmeans,0.6183333333333333,0.026666666666666727,11.0,370944.0,0.345,483.0,44919.0,44919.0
secure-aggregation-v1-covertype-s7,covertype,7,10,microcluster,0.5883333333333334,0.05666666666666664,11.0,358656.0,0.3335714285714286,467.0,43431.0,43431.0
secure-aggregation-v1-covertype-s7,covertype,7,10,raw,0.645,0.0,32.0,1052800.0,1.0,1400.0,130200.0,130200.0
secure-aggregation-v1-covertype-s7,covertype,7,20,granular_ball,0.6133333333333333,0.03166666666666673,12.0,379392.0,0.35285714285714287,494.0,45942.0,45942.0
secure-aggregation-v1-covertype-s7,covertype,7,20,kmeans,0.6666666666666666,-0.021666666666666612,12.0,379392.0,0.35285714285714287,494.0,45942.0,45942.0
secure-aggregation-v1-covertype-s7,covertype,7,20,microcluster,0.6533333333333333,-0.008333333333333304,11.0,359424.0,0.3342857142857143,468.0,43524.0,43524.0
secure-aggregation-v1-covertype-s7,covertype,7,20,raw,0.645,0.0,32.0,1052800.0,1.0,1400.0,130200.0,130200.0
secure-aggregation-v1-covertype-s21,covertype,21,5,granular_ball,0.5116666666666667,0.1316666666666666,9.0,292608.0,0.27214285714285713,381.0,35433.0,35433.0
secure-aggregation-v1-covertype-s21,covertype,21,5,kmeans,0.5866666666666667,0.05666666666666664,9.0,292608.0,0.27214285714285713,381.0,35433.0,35433.0
secure-aggregation-v1-covertype-s21,covertype,21,5,microcluster,0.585,0.05833333333333335,9.0,286464.0,0.2664285714285714,373.0,34689.0,34689.0
secure-aggregation-v1-covertype-s21,covertype,21,5,raw,0.6433333333333333,0.0,32.0,1052800.0,1.0,1400.0,130200.0,130200.0
secure-aggregation-v1-covertype-s21,covertype,21,10,granular_ball,0.6066666666666667,0.036666666666666625,12.0,380160.0,0.3535714285714286,495.0,46035.0,46035.0
secure-aggregation-v1-covertype-s21,covertype,21,10,kmeans,0.6183333333333333,0.025000000000000022,12.0,380160.0,0.3535714285714286,495.0,46035.0,46035.0
secure-aggregation-v1-covertype-s21,covertype,21,10,microcluster,0.64,0.0033333333333332993,11.0,370944.0,0.345,483.0,44919.0,44919.0
secure-aggregation-v1-covertype-s21,covertype,21,10,raw,0.6433333333333333,0.0,32.0,1052800.0,1.0,1400.0,130200.0,130200.0
secure-aggregation-v1-covertype-s21,covertype,21,20,granular_ball,0.5566666666666666,0.08666666666666667,13.0,407808.0,0.3792857142857143,531.0,49383.0,49383.0
secure-aggregation-v1-covertype-s21,covertype,21,20,kmeans,0.5633333333333334,0.07999999999999996,13.0,407808.0,0.3792857142857143,531.0,49383.0,49383.0
secure-aggregation-v1-covertype-s21,covertype,21,20,microcluster,0.6016666666666667,0.04166666666666663,12.0,391680.0,0.36428571428571427,510.0,47430.0,47430.0
secure-aggregation-v1-covertype-s21,covertype,21,20,raw,0.6433333333333333,0.0,32.0,1052800.0,1.0,1400.0,130200.0,130200.0
secure-aggregation-v1-covertype-s42,covertype,42,5,granular_ball,0.6366666666666667,0.033333333333333326,15.0,487328.0,0.44857142857142857,628.0,59032.0,59032.0
secure-aggregation-v1-covertype-s42,covertype,42,5,kmeans,0.675,-0.0050000000000000044,15.0,487328.0,0.44857142857142857,628.0,59032.0,59032.0
secure-aggregation-v1-covertype-s42,covertype,42,5,microcluster,0.65,0.020000000000000018,14.0,465600.0,0.42857142857142855,600.0,56400.0,56400.0
secure-aggregation-v1-covertype-s42,covertype,42,5,raw,0.67,0.0,33.0,1064000.0,1.0,1400.0,131600.0,131600.0
secure-aggregation-v1-covertype-s42,covertype,42,10,granular_ball,0.5883333333333334,0.08166666666666667,10.0,305744.0,0.2814285714285714,394.0,37036.0,37036.0
secure-aggregation-v1-covertype-s42,covertype,42,10,kmeans,0.605,0.06500000000000006,10.0,305744.0,0.2814285714285714,394.0,37036.0,37036.0
secure-aggregation-v1-covertype-s42,covertype,42,10,microcluster,0.6066666666666667,0.06333333333333335,9.0,296432.0,0.27285714285714285,382.0,35908.0,35908.0
secure-aggregation-v1-covertype-s42,covertype,42,10,raw,0.67,0.0,33.0,1064000.0,1.0,1400.0,131600.0,131600.0
secure-aggregation-v1-covertype-s42,covertype,42,20,granular_ball,0.5783333333333334,0.09166666666666667,13.0,439216.0,0.4042857142857143,566.0,53204.0,53204.0
secure-aggregation-v1-covertype-s42,covertype,42,20,kmeans,0.64,0.030000000000000027,13.0,439216.0,0.4042857142857143,566.0,53204.0,53204.0
secure-aggregation-v1-covertype-s42,covertype,42,20,microcluster,0.6216666666666667,0.04833333333333334,13.0,419816.0,0.38642857142857145,541.0,50854.0,50854.0
secure-aggregation-v1-covertype-s42,covertype,42,20,raw,0.67,0.0,33.0,1064000.0,1.0,1400.0,131600.0,131600.0
secure-aggregation-v1-covertype-s2026,covertype,2026,5,granular_ball,0.6016666666666667,0.05666666666666664,13.0,426360.0,0.4007142857142857,561.0,51612.0,51612.0
secure-aggregation-v1-covertype-s2026,covertype,2026,5,kmeans,0.6016666666666667,0.05666666666666664,13.0,426360.0,0.4007142857142857,561.0,51612.0,51612.0
secure-aggregation-v1-covertype-s2026,covertype,2026,5,microcluster,0.6383333333333333,0.020000000000000018,13.0,414960.0,0.39,546.0,50232.0,50232.0
secure-aggregation-v1-covertype-s2026,covertype,2026,5,raw,0.6583333333333333,0.0,32.0,1041600.0,1.0,1400.0,128800.0,128800.0
secure-aggregation-v1-covertype-s2026,covertype,2026,10,granular_ball,0.57,0.08833333333333337,14.0,445360.0,0.4185714285714286,586.0,53912.0,53912.0
secure-aggregation-v1-covertype-s2026,covertype,2026,10,kmeans,0.6383333333333333,0.020000000000000018,14.0,445360.0,0.4185714285714286,586.0,53912.0,53912.0
secure-aggregation-v1-covertype-s2026,covertype,2026,10,microcluster,0.6216666666666667,0.036666666666666625,13.0,430160.0,0.4042857142857143,566.0,52072.0,52072.0
secure-aggregation-v1-covertype-s2026,covertype,2026,10,raw,0.6583333333333333,0.0,32.0,1041600.0,1.0,1400.0,128800.0,128800.0
secure-aggregation-v1-covertype-s2026,covertype,2026,20,granular_ball,0.5733333333333334,0.08499999999999996,12.0,397480.0,0.37357142857142855,523.0,48116.0,48116.0
secure-aggregation-v1-covertype-s2026,covertype,2026,20,kmeans,0.605,0.053333333333333344,12.0,397480.0,0.37357142857142855,523.0,48116.0,48116.0
secure-aggregation-v1-covertype-s2026,covertype,2026,20,microcluster,0.6216666666666667,0.036666666666666625,12.0,385320.0,0.36214285714285716,507.0,46644.0,46644.0
secure-aggregation-v1-covertype-s2026,covertype,2026,20,raw,0.6583333333333333,0.0,32.0,1041600.0,1.0,1400.0,128800.0,128800.0
