dataset,seed,threshold,method,ball_size_bin,sample_count,member_count,roc_auc
confirm_d100_redundant0.1_noise0.15,2,0.9,granular_ball,1-2,161,111,0.9825225225225226
confirm_d100_redundant0.1_noise0.15,2,0.9,granular_ball,11-20,65,14,0.907563025210084
confirm_d100_redundant0.1_noise0.15,2,0.9,granular_ball,3-5,59,38,0.9172932330827068
confirm_d100_redundant0.1_noise0.15,2,0.9,granular_ball,6-10,135,36,0.8922558922558923
confirm_d100_redundant0.1_noise0.15,2,0.9,granular_ball,>20,180,101,0.6722646948239128
confirm_d100_redundant0.1_noise0.15,2,0.9,matched_kmeans,1-2,94,94,
confirm_d100_redundant0.1_noise0.15,2,0.9,matched_kmeans,11-20,97,50,0.8285106382978724
confirm_d100_redundant0.1_noise0.15,2,0.9,matched_kmeans,6-10,18,9,0.9135802469135802
confirm_d100_redundant0.1_noise0.15,2,0.9,matched_kmeans,>20,391,147,0.6772331883573101
confirm_d100_redundant0.1_noise0.15,2,0.95,granular_ball,1-2,231,138,0.9927536231884058
confirm_d100_redundant0.1_noise0.15,2,0.95,granular_ball,11-20,99,32,0.8698694029850746
confirm_d100_redundant0.1_noise0.15,2,0.95,granular_ball,3-5,70,51,0.9958720330237358
confirm_d100_redundant0.1_noise0.15,2,0.95,granular_ball,6-10,166,60,0.9257861635220126
confirm_d100_redundant0.1_noise0.15,2,0.95,granular_ball,>20,34,19,0.7719298245614035
confirm_d100_redundant0.1_noise0.15,2,0.95,matched_kmeans,1-2,122,122,
confirm_d100_redundant0.1_noise0.15,2,0.95,matched_kmeans,11-20,126,57,0.8619374523264685
confirm_d100_redundant0.1_noise0.15,2,0.95,matched_kmeans,6-10,21,9,0.9351851851851851
confirm_d100_redundant0.1_noise0.15,2,0.95,matched_kmeans,>20,331,112,0.7493069145466406
confirm_d100_redundant0.1_noise0.15,2,0.99,granular_ball,1-2,231,138,0.9927536231884058
confirm_d100_redundant0.1_noise0.15,2,0.99,granular_ball,11-20,99,32,0.8698694029850746
confirm_d100_redundant0.1_noise0.15,2,0.99,granular_ball,3-5,70,51,0.9958720330237358
confirm_d100_redundant0.1_noise0.15,2,0.99,granular_ball,6-10,166,60,0.9257861635220126
confirm_d100_redundant0.1_noise0.15,2,0.99,granular_ball,>20,34,19,0.7719298245614035
confirm_d100_redundant0.1_noise0.15,2,0.99,matched_kmeans,1-2,122,122,
confirm_d100_redundant0.1_noise0.15,2,0.99,matched_kmeans,11-20,126,57,0.8619374523264685
confirm_d100_redundant0.1_noise0.15,2,0.99,matched_kmeans,6-10,21,9,0.9351851851851851
confirm_d100_redundant0.1_noise0.15,2,0.99,matched_kmeans,>20,331,112,0.7493069145466406
confirm_d100_redundant0.1_noise0.15,13,0.9,granular_ball,1-2,192,95,0.9424850786760716
confirm_d100_redundant0.1_noise0.15,13,0.9,granular_ball,11-20,85,29,0.9039408866995073
confirm_d100_redundant0.1_noise0.15,13,0.9,granular_ball,3-5,57,27,0.962962962962963
confirm_d100_redundant0.1_noise0.15,13,0.9,granular_ball,6-10,45,26,0.9412955465587045
confirm_d100_redundant0.1_noise0.15,13,0.9,granular_ball,>20,221,123,0.7549361207897793
confirm_d100_redundant0.1_noise0.15,13,0.9,matched_kmeans,1-2,78,78,
confirm_d100_redundant0.1_noise0.15,13,0.9,matched_kmeans,6-10,11,8,0.7083333333333333
confirm_d100_redundant0.1_noise0.15,13,0.9,matched_kmeans,>20,511,214,0.6926429403064918
confirm_d100_redundant0.1_noise0.15,13,0.95,granular_ball,1-2,245,126,0.9863945578231292
confirm_d100_redundant0.1_noise0.15,13,0.95,granular_ball,11-20,32,18,0.7976190476190477
confirm_d100_redundant0.1_noise0.15,13,0.95,granular_ball,3-5,131,58,0.9796882380727445
confirm_d100_redundant0.1_noise0.15,13,0.95,granular_ball,6-10,87,50,0.9162162162162162
confirm_d100_redundant0.1_noise0.15,13,0.95,granular_ball,>20,105,48,0.7372076023391813
confirm_d100_redundant0.1_noise0.15,13,0.95,matched_kmeans,1-2,115,115,
confirm_d100_redundant0.1_noise0.15,13,0.95,matched_kmeans,11-20,126,52,0.7598752598752598
confirm_d100_redundant0.1_noise0.15,13,0.95,matched_kmeans,3-5,6,5,0.8
confirm_d100_redundant0.1_noise0.15,13,0.95,matched_kmeans,>20,353,128,0.7578472222222222
confirm_d100_redundant0.1_noise0.15,13,0.99,granular_ball,1-2,251,133,0.9864279342423856
confirm_d100_redundant0.1_noise0.15,13,0.99,granular_ball,11-20,85,32,0.8879716981132076
confirm_d100_redundant0.1_noise0.15,13,0.99,granular_ball,3-5,148,66,0.983739837398374
confirm_d100_redundant0.1_noise0.15,13,0.99,granular_ball,6-10,86,50,0.9322222222222223
confirm_d100_redundant0.1_noise0.15,13,0.99,granular_ball,>20,30,19,0.784688995215311
confirm_d100_redundant0.1_noise0.15,13,0.99,matched_kmeans,1-2,121,121,
confirm_d100_redundant0.1_noise0.15,13,0.99,matched_kmeans,11-20,116,49,0.7225098994821809
confirm_d100_redundant0.1_noise0.15,13,0.99,matched_kmeans,3-5,7,5,0.9
confirm_d100_redundant0.1_noise0.15,13,0.99,matched_kmeans,>20,356,125,0.7626320346320347
confirm_d100_redundant0.1_noise0.15,73,0.9,granular_ball,1-2,176,109,0.9976721895111598
confirm_d100_redundant0.1_noise0.15,73,0.9,granular_ball,11-20,157,65,0.8770903010033445
confirm_d100_redundant0.1_noise0.15,73,0.9,granular_ball,3-5,75,34,0.9863701578192252
confirm_d100_redundant0.1_noise0.15,73,0.9,granular_ball,6-10,59,34,0.96
confirm_d100_redundant0.1_noise0.15,73,0.9,granular_ball,>20,133,58,0.7554022988505747
confirm_d100_redundant0.1_noise0.15,73,0.9,matched_kmeans,1-2,94,94,
confirm_d100_redundant0.1_noise0.15,73,0.9,matched_kmeans,>20,506,206,0.6474271844660194
confirm_d100_redundant0.1_noise0.15,73,0.95,granular_ball,1-2,205,146,0.9953563965637334
confirm_d100_redundant0.1_noise0.15,73,0.95,granular_ball,11-20,75,31,0.8049853372434018
confirm_d100_redundant0.1_noise0.15,73,0.95,granular_ball,3-5,192,66,0.9826839826839827
confirm_d100_redundant0.1_noise0.15,73,0.95,granular_ball,6-10,128,57,0.971830985915493
confirm_d100_redundant0.1_noise0.15,73,0.95,matched_kmeans,1-2,127,127,
confirm_d100_redundant0.1_noise0.15,73,0.95,matched_kmeans,11-20,106,47,0.8081500180310134
confirm_d100_redundant0.1_noise0.15,73,0.95,matched_kmeans,>20,367,126,0.7229137851544492
confirm_d100_redundant0.1_noise0.15,73,0.99,granular_ball,1-2,205,146,0.9953563965637334
confirm_d100_redundant0.1_noise0.15,73,0.99,granular_ball,11-20,75,31,0.8049853372434018
confirm_d100_redundant0.1_noise0.15,73,0.99,granular_ball,3-5,192,66,0.9826839826839827
confirm_d100_redundant0.1_noise0.15,73,0.99,granular_ball,6-10,128,57,0.971830985915493
confirm_d100_redundant0.1_noise0.15,73,0.99,matched_kmeans,1-2,127,127,
confirm_d100_redundant0.1_noise0.15,73,0.99,matched_kmeans,11-20,106,47,0.8081500180310134
confirm_d100_redundant0.1_noise0.15,73,0.99,matched_kmeans,>20,367,126,0.7229137851544492
confirm_d100_redundant0.1_noise0.15,314,0.9,granular_ball,1-2,138,89,0.9779867002980968
confirm_d100_redundant0.1_noise0.15,314,0.9,granular_ball,11-20,142,81,0.932199959522364
confirm_d100_redundant0.1_noise0.15,314,0.9,granular_ball,3-5,59,27,0.9733796296296295
confirm_d100_redundant0.1_noise0.15,314,0.9,granular_ball,6-10,147,48,0.9393939393939394
confirm_d100_redundant0.1_noise0.15,314,0.9,granular_ball,>20,114,55,0.772573189522342
confirm_d100_redundant0.1_noise0.15,314,0.9,matched_kmeans,1-2,84,84,
confirm_d100_redundant0.1_noise0.15,314,0.9,matched_kmeans,11-20,77,36,0.674119241192412
confirm_d100_redundant0.1_noise0.15,314,0.9,matched_kmeans,>20,439,180,0.7317889317889319
confirm_d100_redundant0.1_noise0.15,314,0.95,granular_ball,1-2,192,117,1.0
confirm_d100_redundant0.1_noise0.15,314,0.95,granular_ball,3-5,121,72,0.9920634920634921
confirm_d100_redundant0.1_noise0.15,314,0.95,granular_ball,6-10,211,79,0.9636555427694667
confirm_d100_redundant0.1_noise0.15,314,0.95,granular_ball,>20,76,32,0.6399147727272727
confirm_d100_redundant0.1_noise0.15,314,0.95,matched_kmeans,1-2,113,113,
confirm_d100_redundant0.1_noise0.15,314,0.95,matched_kmeans,11-20,148,62,0.8454613653413353
confirm_d100_redundant0.1_noise0.15,314,0.95,matched_kmeans,>20,339,125,0.7259065420560747
confirm_d100_redundant0.1_noise0.15,314,0.99,granular_ball,1-2,192,117,1.0
confirm_d100_redundant0.1_noise0.15,314,0.99,granular_ball,3-5,121,72,0.9920634920634921
confirm_d100_redundant0.1_noise0.15,314,0.99,granular_ball,6-10,211,79,0.9636555427694667
confirm_d100_redundant0.1_noise0.15,314,0.99,granular_ball,>20,76,32,0.6399147727272727
confirm_d100_redundant0.1_noise0.15,314,0.99,matched_kmeans,1-2,113,113,
confirm_d100_redundant0.1_noise0.15,314,0.99,matched_kmeans,11-20,148,62,0.8454613653413353
confirm_d100_redundant0.1_noise0.15,314,0.99,matched_kmeans,>20,339,125,0.7259065420560747
confirm_d100_redundant0.1_noise0.15,808,0.9,granular_ball,1-2,103,66,1.0
confirm_d100_redundant0.1_noise0.15,808,0.9,granular_ball,11-20,106,47,0.8131987017670392
confirm_d100_redundant0.1_noise0.15,808,0.9,granular_ball,3-5,23,9,0.9285714285714285
confirm_d100_redundant0.1_noise0.15,808,0.9,granular_ball,6-10,29,9,0.8555555555555555
confirm_d100_redundant0.1_noise0.15,808,0.9,granular_ball,>20,339,169,0.7323355377654021
confirm_d100_redundant0.1_noise0.15,808,0.9,matched_kmeans,1-2,61,61,
confirm_d100_redundant0.1_noise0.15,808,0.9,matched_kmeans,11-20,49,20,0.8931034482758621
confirm_d100_redundant0.1_noise0.15,808,0.9,matched_kmeans,>20,490,219,0.6652007615966571
confirm_d100_redundant0.1_noise0.15,808,0.95,granular_ball,1-2,237,128,0.991829128440367
confirm_d100_redundant0.1_noise0.15,808,0.95,granular_ball,11-20,108,52,0.8767170329670331
confirm_d100_redundant0.1_noise0.15,808,0.95,granular_ball,3-5,104,46,0.9831334332833583
confirm_d100_redundant0.1_noise0.15,808,0.95,granular_ball,6-10,68,34,0.8987889273356401
confirm_d100_redundant0.1_noise0.15,808,0.95,granular_ball,>20,83,40,0.6802325581395348
confirm_d100_redundant0.1_noise0.15,808,0.95,matched_kmeans,1-2,110,110,
confirm_d100_redundant0.1_noise0.15,808,0.95,matched_kmeans,11-20,112,40,0.8579861111111112
confirm_d100_redundant0.1_noise0.15,808,0.95,matched_kmeans,>20,378,150,0.7090058479532164
confirm_d100_redundant0.1_noise0.15,808,0.99,granular_ball,1-2,237,128,0.991829128440367
confirm_d100_redundant0.1_noise0.15,808,0.99,granular_ball,11-20,108,52,0.8767170329670331
confirm_d100_redundant0.1_noise0.15,808,0.99,granular_ball,3-5,104,46,0.9831334332833583
confirm_d100_redundant0.1_noise0.15,808,0.99,granular_ball,6-10,68,34,0.8987889273356401
confirm_d100_redundant0.1_noise0.15,808,0.99,granular_ball,>20,83,40,0.6802325581395348
confirm_d100_redundant0.1_noise0.15,808,0.99,matched_kmeans,1-2,110,110,
confirm_d100_redundant0.1_noise0.15,808,0.99,matched_kmeans,11-20,112,40,0.8579861111111112
confirm_d100_redundant0.1_noise0.15,808,0.99,matched_kmeans,>20,378,150,0.7090058479532164
confirm_d100_redundant0_noise0.05,2,0.9,granular_ball,1-2,108,40,0.8900735294117648
confirm_d100_redundant0_noise0.05,2,0.9,granular_ball,11-20,62,37,0.8735135135135136
confirm_d100_redundant0_noise0.05,2,0.9,granular_ball,3-5,38,12,0.907051282051282
confirm_d100_redundant0_noise0.05,2,0.9,granular_ball,>20,392,211,0.7228404597941924
confirm_d100_redundant0_noise0.05,2,0.9,matched_kmeans,1-2,32,32,
confirm_d100_redundant0_noise0.05,2,0.9,matched_kmeans,>20,568,268,0.6725621890547263
confirm_d100_redundant0_noise0.05,2,0.95,granular_ball,1-2,193,77,0.9380877742946708
confirm_d100_redundant0_noise0.05,2,0.95,granular_ball,11-20,78,50,0.8957142857142857
confirm_d100_redundant0_noise0.05,2,0.95,granular_ball,3-5,34,17,0.8961937716262975
confirm_d100_redundant0_noise0.05,2,0.95,granular_ball,6-10,24,20,1.0
confirm_d100_redundant0_noise0.05,2,0.95,granular_ball,>20,271,136,0.722875816993464
confirm_d100_redundant0_noise0.05,2,0.95,matched_kmeans,1-2,63,63,
confirm_d100_redundant0_noise0.05,2,0.95,matched_kmeans,11-20,31,14,0.7016806722689075
confirm_d100_redundant0_noise0.05,2,0.95,matched_kmeans,>20,506,223,0.725411589472183
confirm_d100_redundant0_noise0.05,2,0.99,granular_ball,1-2,220,87,0.994814622763806
confirm_d100_redundant0_noise0.05,2,0.99,granular_ball,11-20,78,40,0.8736842105263158
confirm_d100_redundant0_noise0.05,2,0.99,granular_ball,3-5,59,40,0.9973684210526316
confirm_d100_redundant0_noise0.05,2,0.99,granular_ball,6-10,64,43,0.9590254706533776
confirm_d100_redundant0_noise0.05,2,0.99,granular_ball,>20,179,90,0.7530586766541822
confirm_d100_redundant0_noise0.05,2,0.99,matched_kmeans,1-2,84,84,
confirm_d100_redundant0_noise0.05,2,0.99,matched_kmeans,6-10,16,8,0.78125
confirm_d100_redundant0_noise0.05,2,0.99,matched_kmeans,>20,500,208,0.7262414383561644
confirm_d100_redundant0_noise0.05,13,0.9,granular_ball,1-2,41,41,
confirm_d100_redundant0_noise0.05,13,0.9,granular_ball,11-20,66,36,0.8444444444444443
confirm_d100_redundant0_noise0.05,13,0.9,granular_ball,6-10,29,15,0.9857142857142858
confirm_d100_redundant0_noise0.05,13,0.9,granular_ball,>20,464,208,0.75244140625
confirm_d100_redundant0_noise0.05,13,0.9,matched_kmeans,1-2,44,44,
confirm_d100_redundant0_noise0.05,13,0.9,matched_kmeans,11-20,30,19,0.8564593301435406
confirm_d100_redundant0_noise0.05,13,0.9,matched_kmeans,>20,526,237,0.7093571605857534
confirm_d100_redundant0_noise0.05,13,0.95,granular_ball,1-2,45,45,
confirm_d100_redundant0_noise0.05,13,0.95,granular_ball,11-20,63,36,0.8425925925925926
confirm_d100_redundant0_noise0.05,13,0.95,granular_ball,6-10,102,29,0.8540387340576288
confirm_d100_redundant0_noise0.05,13,0.95,granular_ball,>20,390,190,0.7406842105263158
confirm_d100_redundant0_noise0.05,13,0.95,matched_kmeans,1-2,49,49,
confirm_d100_redundant0_noise0.05,13,0.95,matched_kmeans,11-20,33,18,0.8962962962962963
confirm_d100_redundant0_noise0.05,13,0.95,matched_kmeans,>20,518,233,0.7100368948121376
confirm_d100_redundant0_noise0.05,13,0.99,granular_ball,1-2,51,51,
confirm_d100_redundant0_noise0.05,13,0.99,granular_ball,11-20,161,74,0.8839701770736254
confirm_d100_redundant0_noise0.05,13,0.99,granular_ball,3-5,51,17,0.9429065743944637
confirm_d100_redundant0_noise0.05,13,0.99,granular_ball,6-10,99,34,0.939366515837104
confirm_d100_redundant0_noise0.05,13,0.99,granular_ball,>20,238,124,0.7652801358234295
confirm_d100_redundant0_noise0.05,13,0.99,matched_kmeans,1-2,59,59,
confirm_d100_redundant0_noise0.05,13,0.99,matched_kmeans,11-20,75,36,0.8817663817663818
confirm_d100_redundant0_noise0.05,13,0.99,matched_kmeans,6-10,9,7,1.0
confirm_d100_redundant0_noise0.05,13,0.99,matched_kmeans,>20,457,198,0.7236847236847237
confirm_d100_redundant0_noise0.05,73,0.9,granular_ball,1-2,47,47,
confirm_d100_redundant0_noise0.05,73,0.9,granular_ball,11-20,105,61,0.868107302533532
confirm_d100_redundant0_noise0.05,73,0.9,granular_ball,>20,448,192,0.7699788411458335
confirm_d100_redundant0_noise0.05,73,0.9,matched_kmeans,1-2,47,47,
confirm_d100_redundant0_noise0.05,73,0.9,matched_kmeans,11-20,36,17,0.8978328173374613
confirm_d100_redundant0_noise0.05,73,0.9,matched_kmeans,>20,517,236,0.655316967247723
confirm_d100_redundant0_noise0.05,73,0.95,granular_ball,1-2,80,80,
confirm_d100_redundant0_noise0.05,73,0.95,granular_ball,11-20,191,86,0.8736434108527131
confirm_d100_redundant0_noise0.05,73,0.95,granular_ball,3-5,33,17,0.9558823529411764
confirm_d100_redundant0_noise0.05,73,0.95,granular_ball,6-10,67,36,0.974910394265233
confirm_d100_redundant0_noise0.05,73,0.95,granular_ball,>20,229,81,0.8424257590924257
confirm_d100_redundant0_noise0.05,73,0.95,matched_kmeans,1-2,77,77,
confirm_d100_redundant0_noise0.05,73,0.95,matched_kmeans,11-20,81,47,0.886107634543179
confirm_d100_redundant0_noise0.05,73,0.95,matched_kmeans,3-5,3,3,
confirm_d100_redundant0_noise0.05,73,0.95,matched_kmeans,>20,439,173,0.7015515667782172
confirm_d100_redundant0_noise0.05,73,0.99,granular_ball,1-2,104,86,1.0
confirm_d100_redundant0_noise0.05,73,0.99,granular_ball,11-20,354,147,0.8717342009267475
confirm_d100_redundant0_noise0.05,73,0.99,granular_ball,3-5,33,21,0.9682539682539683
confirm_d100_redundant0_noise0.05,73,0.99,granular_ball,6-10,109,46,0.9392684610075914
confirm_d100_redundant0_noise0.05,73,0.99,matched_kmeans,1-2,88,88,
confirm_d100_redundant0_noise0.05,73,0.99,matched_kmeans,11-20,86,46,0.8043478260869564
confirm_d100_redundant0_noise0.05,73,0.99,matched_kmeans,>20,426,166,0.7430722891566266
confirm_d100_redundant0_noise0.05,314,0.9,granular_ball,1-2,100,57,0.8796409628722971
confirm_d100_redundant0_noise0.05,314,0.9,granular_ball,3-5,59,18,0.7859078590785908
confirm_d100_redundant0_noise0.05,314,0.9,granular_ball,6-10,95,34,0.817261330761813
confirm_d100_redundant0_noise0.05,314,0.9,granular_ball,>20,346,191,0.6842425266002365
confirm_d100_redundant0_noise0.05,314,0.9,matched_kmeans,1-2,44,44,
confirm_d100_redundant0_noise0.05,314,0.9,matched_kmeans,>20,556,256,0.7221354166666667
confirm_d100_redundant0_noise0.05,314,0.95,granular_ball,1-2,130,68,0.9302656546489564
confirm_d100_redundant0_noise0.05,314,0.95,granular_ball,3-5,76,27,0.926681783824641
confirm_d100_redundant0_noise0.05,314,0.95,granular_ball,6-10,70,23,0.9287696577243294
confirm_d100_redundant0_noise0.05,314,0.95,granular_ball,>20,324,182,0.7144404890883765
confirm_d100_redundant0_noise0.05,314,0.95,matched_kmeans,1-2,54,54,
confirm_d100_redundant0_noise0.05,314,0.95,matched_kmeans,11-20,68,35,0.9038961038961039
confirm_d100_redundant0_noise0.05,314,0.95,matched_kmeans,>20,478,211,0.6993982640183183
confirm_d100_redundant0_noise0.05,314,0.99,granular_ball,1-2,155,91,0.9613667582417582
confirm_d100_redundant0_noise0.05,314,0.99,granular_ball,11-20,45,27,0.8271604938271605
confirm_d100_redundant0_noise0.05,314,0.99,granular_ball,3-5,100,45,0.9680808080808081
confirm_d100_redundant0_noise0.05,314,0.99,granular_ball,6-10,98,37,0.9517058041648205
confirm_d100_redundant0_noise0.05,314,0.99,granular_ball,>20,202,100,0.7991176470588235
confirm_d100_redundant0_noise0.05,314,0.99,matched_kmeans,1-2,81,81,
confirm_d100_redundant0_noise0.05,314,0.99,matched_kmeans,11-20,54,33,0.8946608946608946
confirm_d100_redundant0_noise0.05,314,0.99,matched_kmeans,>20,465,186,0.7279068871160442
confirm_d100_redundant0_noise0.05,808,0.9,granular_ball,1-2,34,34,
confirm_d100_redundant0_noise0.05,808,0.9,granular_ball,11-20,42,20,0.7636363636363636
confirm_d100_redundant0_noise0.05,808,0.9,granular_ball,6-10,10,7,1.0
confirm_d100_redundant0_noise0.05,808,0.9,granular_ball,>20,514,239,0.7237580829212629
confirm_d100_redundant0_noise0.05,808,0.9,matched_kmeans,1-2,34,34,
confirm_d100_redundant0_noise0.05,808,0.9,matched_kmeans,>20,566,266,0.6877067669172932
confirm_d100_redundant0_noise0.05,808,0.95,granular_ball,1-2,128,63,0.897924297924298
confirm_d100_redundant0_noise0.05,808,0.95,granular_ball,11-20,37,18,0.8976608187134503
confirm_d100_redundant0_noise0.05,808,0.95,granular_ball,3-5,24,6,0.8333333333333334
confirm_d100_redundant0_noise0.05,808,0.95,granular_ball,6-10,61,25,0.9422222222222221
confirm_d100_redundant0_noise0.05,808,0.95,granular_ball,>20,350,188,0.7654649330181246
confirm_d100_redundant0_noise0.05,808,0.95,matched_kmeans,1-2,50,50,
confirm_d100_redundant0_noise0.05,808,0.95,matched_kmeans,>20,550,250,0.7487200000000002
confirm_d100_redundant0_noise0.05,808,0.99,granular_ball,1-2,144,79,0.9848101265822785
confirm_d100_redundant0_noise0.05,808,0.99,granular_ball,11-20,71,41,0.9146341463414634
confirm_d100_redundant0_noise0.05,808,0.99,granular_ball,3-5,46,22,0.9962121212121212
confirm_d100_redundant0_noise0.05,808,0.99,granular_ball,6-10,148,73,0.9848401826484019
confirm_d100_redundant0_noise0.05,808,0.99,granular_ball,>20,191,85,0.8326304106548279
confirm_d100_redundant0_noise0.05,808,0.99,matched_kmeans,1-2,78,78,
confirm_d100_redundant0_noise0.05,808,0.99,matched_kmeans,>20,522,222,0.7558558558558559
confirm_d60_redundant0.1_noise0.15,2,0.9,granular_ball,1-2,264,119,0.9424514633439584
confirm_d60_redundant0.1_noise0.15,2,0.9,granular_ball,11-20,89,45,0.8707070707070708
confirm_d60_redundant0.1_noise0.15,2,0.9,granular_ball,3-5,64,40,0.8624999999999999
confirm_d60_redundant0.1_noise0.15,2,0.9,granular_ball,6-10,43,21,0.9199134199134199
confirm_d60_redundant0.1_noise0.15,2,0.9,granular_ball,>20,140,75,0.6385641025641026
confirm_d60_redundant0.1_noise0.15,2,0.9,matched_kmeans,1-2,91,89,1.0
confirm_d60_redundant0.1_noise0.15,2,0.9,matched_kmeans,11-20,83,42,0.8960511033681765
confirm_d60_redundant0.1_noise0.15,2,0.9,matched_kmeans,6-10,27,9,0.9506172839506173
confirm_d60_redundant0.1_noise0.15,2,0.9,matched_kmeans,>20,399,160,0.7283995815899581
confirm_d60_redundant0.1_noise0.15,2,0.95,granular_ball,1-2,293,151,0.9893666635575039
confirm_d60_redundant0.1_noise0.15,2,0.95,granular_ball,11-20,43,24,0.831140350877193
confirm_d60_redundant0.1_noise0.15,2,0.95,granular_ball,3-5,127,68,0.9850448654037887
confirm_d60_redundant0.1_noise0.15,2,0.95,granular_ball,6-10,137,57,0.9624999999999999
confirm_d60_redundant0.1_noise0.15,2,0.95,matched_kmeans,1-2,133,130,1.0
confirm_d60_redundant0.1_noise0.15,2,0.95,matched_kmeans,11-20,67,24,0.8875968992248062
confirm_d60_redundant0.1_noise0.15,2,0.95,matched_kmeans,3-5,13,4,1.0
confirm_d60_redundant0.1_noise0.15,2,0.95,matched_kmeans,6-10,44,15,0.7793103448275862
confirm_d60_redundant0.1_noise0.15,2,0.95,matched_kmeans,>20,343,127,0.7399023038786818
confirm_d60_redundant0.1_noise0.15,2,0.99,granular_ball,1-2,293,151,0.9893666635575039
confirm_d60_redundant0.1_noise0.15,2,0.99,granular_ball,11-20,43,24,0.831140350877193
confirm_d60_redundant0.1_noise0.15,2,0.99,granular_ball,3-5,127,68,0.9850448654037887
confirm_d60_redundant0.1_noise0.15,2,0.99,granular_ball,6-10,137,57,0.9624999999999999
confirm_d60_redundant0.1_noise0.15,2,0.99,matched_kmeans,1-2,133,130,1.0
confirm_d60_redundant0.1_noise0.15,2,0.99,matched_kmeans,11-20,67,24,0.8875968992248062
confirm_d60_redundant0.1_noise0.15,2,0.99,matched_kmeans,3-5,13,4,1.0
confirm_d60_redundant0.1_noise0.15,2,0.99,matched_kmeans,6-10,44,15,0.7793103448275862
confirm_d60_redundant0.1_noise0.15,2,0.99,matched_kmeans,>20,343,127,0.7399023038786818
confirm_d60_redundant0.1_noise0.15,13,0.9,granular_ball,1-2,208,130,0.9898422090729783
confirm_d60_redundant0.1_noise0.15,13,0.9,granular_ball,11-20,174,63,0.8406978406978407
confirm_d60_redundant0.1_noise0.15,13,0.9,granular_ball,3-5,66,38,0.9896616541353384
confirm_d60_redundant0.1_noise0.15,13,0.9,granular_ball,6-10,68,30,0.8973684210526316
confirm_d60_redundant0.1_noise0.15,13,0.9,granular_ball,>20,84,39,0.7065527065527065
confirm_d60_redundant0.1_noise0.15,13,0.9,matched_kmeans,1-2,109,105,1.0
confirm_d60_redundant0.1_noise0.15,13,0.9,matched_kmeans,11-20,104,33,0.8565941101152369
confirm_d60_redundant0.1_noise0.15,13,0.9,matched_kmeans,3-5,3,3,
confirm_d60_redundant0.1_noise0.15,13,0.9,matched_kmeans,>20,384,159,0.6831865828092244
confirm_d60_redundant0.1_noise0.15,13,0.95,granular_ball,1-2,309,171,0.9930926349690652
confirm_d60_redundant0.1_noise0.15,13,0.95,granular_ball,11-20,46,25,0.8628571428571429
confirm_d60_redundant0.1_noise0.15,13,0.95,granular_ball,3-5,103,55,0.9981060606060607
confirm_d60_redundant0.1_noise0.15,13,0.95,granular_ball,6-10,142,49,0.9210006583278474
confirm_d60_redundant0.1_noise0.15,13,0.95,matched_kmeans,1-2,144,139,1.0
confirm_d60_redundant0.1_noise0.15,13,0.95,matched_kmeans,11-20,172,43,0.9154497926807283
confirm_d60_redundant0.1_noise0.15,13,0.95,matched_kmeans,6-10,28,8,0.88125
confirm_d60_redundant0.1_noise0.15,13,0.95,matched_kmeans,>20,256,110,0.6668742216687422
confirm_d60_redundant0.1_noise0.15,13,0.99,granular_ball,1-2,309,171,0.9930926349690652
confirm_d60_redundant0.1_noise0.15,13,0.99,granular_ball,11-20,46,25,0.8628571428571429
confirm_d60_redundant0.1_noise0.15,13,0.99,granular_ball,3-5,103,55,0.9981060606060607
confirm_d60_redundant0.1_noise0.15,13,0.99,granular_ball,6-10,142,49,0.9210006583278474
confirm_d60_redundant0.1_noise0.15,13,0.99,matched_kmeans,1-2,144,139,1.0
confirm_d60_redundant0.1_noise0.15,13,0.99,matched_kmeans,11-20,172,43,0.9154497926807283
confirm_d60_redundant0.1_noise0.15,13,0.99,matched_kmeans,6-10,28,8,0.88125
confirm_d60_redundant0.1_noise0.15,13,0.99,matched_kmeans,>20,256,110,0.6668742216687422
confirm_d60_redundant0.1_noise0.15,73,0.9,granular_ball,1-2,331,148,0.9911017574952001
confirm_d60_redundant0.1_noise0.15,73,0.9,granular_ball,11-20,134,70,0.8375
confirm_d60_redundant0.1_noise0.15,73,0.9,granular_ball,3-5,84,56,0.9948979591836735
confirm_d60_redundant0.1_noise0.15,73,0.9,granular_ball,6-10,51,26,0.8984615384615384
confirm_d60_redundant0.1_noise0.15,73,0.9,matched_kmeans,1-2,129,126,1.0
confirm_d60_redundant0.1_noise0.15,73,0.9,matched_kmeans,11-20,156,57,0.8530923267765372
confirm_d60_redundant0.1_noise0.15,73,0.9,matched_kmeans,6-10,18,9,0.9753086419753086
confirm_d60_redundant0.1_noise0.15,73,0.9,matched_kmeans,>20,297,108,0.7403488144228885
confirm_d60_redundant0.1_noise0.15,73,0.95,granular_ball,1-2,375,173,1.0
confirm_d60_redundant0.1_noise0.15,73,0.95,granular_ball,3-5,140,83,0.9997886281969984
confirm_d60_redundant0.1_noise0.15,73,0.95,granular_ball,6-10,85,44,0.9074279379157428
confirm_d60_redundant0.1_noise0.15,73,0.95,matched_kmeans,1-2,154,150,1.0
confirm_d60_redundant0.1_noise0.15,73,0.95,matched_kmeans,11-20,68,23,0.9439613526570049
confirm_d60_redundant0.1_noise0.15,73,0.95,matched_kmeans,6-10,83,27,0.9212962962962963
confirm_d60_redundant0.1_noise0.15,73,0.95,matched_kmeans,>20,295,100,0.7406666666666666
confirm_d60_redundant0.1_noise0.15,73,0.99,granular_ball,1-2,375,173,1.0
confirm_d60_redundant0.1_noise0.15,73,0.99,granular_ball,3-5,140,83,0.9997886281969984
confirm_d60_redundant0.1_noise0.15,73,0.99,granular_ball,6-10,85,44,0.9074279379157428
confirm_d60_redundant0.1_noise0.15,73,0.99,matched_kmeans,1-2,154,150,1.0
confirm_d60_redundant0.1_noise0.15,73,0.99,matched_kmeans,11-20,68,23,0.9439613526570049
confirm_d60_redundant0.1_noise0.15,73,0.99,matched_kmeans,6-10,83,27,0.9212962962962963
confirm_d60_redundant0.1_noise0.15,73,0.99,matched_kmeans,>20,295,100,0.7406666666666666
confirm_d60_redundant0.1_noise0.15,314,0.9,granular_ball,1-2,170,120,0.9873333333333333
confirm_d60_redundant0.1_noise0.15,314,0.9,granular_ball,11-20,41,13,0.8846153846153847
confirm_d60_redundant0.1_noise0.15,314,0.9,granular_ball,3-5,98,41,0.9683354728284125
confirm_d60_redundant0.1_noise0.15,314,0.9,granular_ball,6-10,60,25,0.9325714285714285
confirm_d60_redundant0.1_noise0.15,314,0.9,granular_ball,>20,231,101,0.6744859101294745
confirm_d60_redundant0.1_noise0.15,314,0.9,matched_kmeans,1-2,114,110,1.0
confirm_d60_redundant0.1_noise0.15,314,0.9,matched_kmeans,11-20,81,26,0.7881118881118881
confirm_d60_redundant0.1_noise0.15,314,0.9,matched_kmeans,6-10,15,6,0.9074074074074074
confirm_d60_redundant0.1_noise0.15,314,0.9,matched_kmeans,>20,390,158,0.6552815364469664
confirm_d60_redundant0.1_noise0.15,314,0.95,granular_ball,1-2,194,133,0.9895229877973621
confirm_d60_redundant0.1_noise0.15,314,0.95,granular_ball,3-5,131,62,0.9962599345488545
confirm_d60_redundant0.1_noise0.15,314,0.95,granular_ball,6-10,117,47,0.9036474164133739
confirm_d60_redundant0.1_noise0.15,314,0.95,granular_ball,>20,158,58,0.6882758620689655
confirm_d60_redundant0.1_noise0.15,314,0.95,matched_kmeans,1-2,130,126,1.0
confirm_d60_redundant0.1_noise0.15,314,0.95,matched_kmeans,11-20,121,40,0.8351851851851853
confirm_d60_redundant0.1_noise0.15,314,0.95,matched_kmeans,6-10,16,6,1.0
confirm_d60_redundant0.1_noise0.15,314,0.95,matched_kmeans,>20,333,128,0.6419588414634146
confirm_d60_redundant0.1_noise0.15,314,0.99,granular_ball,1-2,194,133,0.9895229877973621
confirm_d60_redundant0.1_noise0.15,314,0.99,granular_ball,3-5,131,62,0.9962599345488545
confirm_d60_redundant0.1_noise0.15,314,0.99,granular_ball,6-10,117,47,0.9036474164133739
confirm_d60_redundant0.1_noise0.15,314,0.99,granular_ball,>20,158,58,0.6882758620689655
confirm_d60_redundant0.1_noise0.15,314,0.99,matched_kmeans,1-2,130,126,1.0
confirm_d60_redundant0.1_noise0.15,314,0.99,matched_kmeans,11-20,121,40,0.8351851851851853
confirm_d60_redundant0.1_noise0.15,314,0.99,matched_kmeans,6-10,16,6,1.0
confirm_d60_redundant0.1_noise0.15,314,0.99,matched_kmeans,>20,333,128,0.6419588414634146
confirm_d60_redundant0.1_noise0.15,808,0.9,granular_ball,1-2,190,90,0.8988888888888887
confirm_d60_redundant0.1_noise0.15,808,0.9,granular_ball,11-20,99,48,0.8488562091503268
confirm_d60_redundant0.1_noise0.15,808,0.9,granular_ball,3-5,32,18,0.9682539682539683
confirm_d60_redundant0.1_noise0.15,808,0.9,granular_ball,6-10,61,22,0.9475524475524475
confirm_d60_redundant0.1_noise0.15,808,0.9,granular_ball,>20,218,122,0.6528346994535519
confirm_d60_redundant0.1_noise0.15,808,0.9,matched_kmeans,1-2,72,68,1.0
confirm_d60_redundant0.1_noise0.15,808,0.9,matched_kmeans,>20,528,232,0.7052364864864865
confirm_d60_redundant0.1_noise0.15,808,0.95,granular_ball,1-2,297,146,0.9726027397260273
confirm_d60_redundant0.1_noise0.15,808,0.95,granular_ball,11-20,23,10,0.9076923076923077
confirm_d60_redundant0.1_noise0.15,808,0.95,granular_ball,3-5,114,69,0.9764895330112722
confirm_d60_redundant0.1_noise0.15,808,0.95,granular_ball,6-10,120,51,0.9639102017618641
confirm_d60_redundant0.1_noise0.15,808,0.95,granular_ball,>20,46,24,0.7992424242424242
confirm_d60_redundant0.1_noise0.15,808,0.95,matched_kmeans,1-2,128,122,1.0
confirm_d60_redundant0.1_noise0.15,808,0.95,matched_kmeans,11-20,157,49,0.8930461073318215
confirm_d60_redundant0.1_noise0.15,808,0.95,matched_kmeans,>20,315,129,0.7092606484954572
confirm_d60_redundant0.1_noise0.15,808,0.99,granular_ball,1-2,305,148,0.9794284730590463
confirm_d60_redundant0.1_noise0.15,808,0.99,granular_ball,11-20,54,27,0.8669410150891632
confirm_d60_redundant0.1_noise0.15,808,0.99,granular_ball,3-5,121,74,0.9787234042553191
confirm_d60_redundant0.1_noise0.15,808,0.99,granular_ball,6-10,120,51,0.9636260301221939
confirm_d60_redundant0.1_noise0.15,808,0.99,matched_kmeans,1-2,135,127,1.0
confirm_d60_redundant0.1_noise0.15,808,0.99,matched_kmeans,11-20,151,44,0.899320305862362
confirm_d60_redundant0.1_noise0.15,808,0.99,matched_kmeans,>20,314,129,0.7060129897339199
confirm_d60_redundant0_noise0.05,2,0.9,granular_ball,1-2,35,34,0.0
confirm_d60_redundant0_noise0.05,2,0.9,granular_ball,3-5,4,4,
confirm_d60_redundant0_noise0.05,2,0.9,granular_ball,>20,561,262,0.7221144272256121
confirm_d60_redundant0_noise0.05,2,0.9,matched_kmeans,1-2,33,33,
confirm_d60_redundant0_noise0.05,2,0.9,matched_kmeans,>20,567,267,0.618414481897628
confirm_d60_redundant0_noise0.05,2,0.95,granular_ball,1-2,145,88,0.9473684210526314
confirm_d60_redundant0_noise0.05,2,0.95,granular_ball,11-20,99,32,0.9398320895522387
confirm_d60_redundant0_noise0.05,2,0.95,granular_ball,3-5,150,74,0.9852418207681364
confirm_d60_redundant0_noise0.05,2,0.95,granular_ball,6-10,62,33,0.9247648902821317
confirm_d60_redundant0_noise0.05,2,0.95,granular_ball,>20,144,73,0.7624927648080263
confirm_d60_redundant0_noise0.05,2,0.95,matched_kmeans,1-2,85,85,
confirm_d60_redundant0_noise0.05,2,0.95,matched_kmeans,11-20,212,91,0.8710380528562347
confirm_d60_redundant0_noise0.05,2,0.95,matched_kmeans,6-10,18,9,0.9135802469135803
confirm_d60_redundant0_noise0.05,2,0.95,matched_kmeans,>20,285,115,0.6410230179028132
confirm_d60_redundant0_noise0.05,2,0.99,granular_ball,1-2,146,89,0.9891582889808791
confirm_d60_redundant0_noise0.05,2,0.99,granular_ball,11-20,129,47,0.9333160352880124
confirm_d60_redundant0_noise0.05,2,0.99,granular_ball,3-5,165,82,0.9926535409932413
confirm_d60_redundant0_noise0.05,2,0.99,granular_ball,6-10,100,55,0.9329292929292929
confirm_d60_redundant0_noise0.05,2,0.99,granular_ball,>20,60,27,0.6206509539842873
confirm_d60_redundant0_noise0.05,2,0.99,matched_kmeans,1-2,95,95,
confirm_d60_redundant0_noise0.05,2,0.99,matched_kmeans,11-20,168,73,0.8948810382119683
confirm_d60_redundant0_noise0.05,2,0.99,matched_kmeans,6-10,37,17,0.8294117647058824
confirm_d60_redundant0_noise0.05,2,0.99,matched_kmeans,>20,300,115,0.6885546415981197
confirm_d60_redundant0_noise0.05,13,0.9,granular_ball,1-2,22,22,
confirm_d60_redundant0_noise0.05,13,0.9,granular_ball,3-5,17,11,0.8787878787878788
confirm_d60_redundant0_noise0.05,13,0.9,granular_ball,>20,561,267,0.7362225789192081
confirm_d60_redundant0_noise0.05,13,0.9,matched_kmeans,1-2,25,25,
confirm_d60_redundant0_noise0.05,13,0.9,matched_kmeans,>20,575,275,0.6836484848484848
confirm_d60_redundant0_noise0.05,13,0.95,granular_ball,1-2,150,56,0.7959726443768996
confirm_d60_redundant0_noise0.05,13,0.95,granular_ball,3-5,37,17,0.8764705882352941
confirm_d60_redundant0_noise0.05,13,0.95,granular_ball,6-10,40,9,0.8243727598566308
confirm_d60_redundant0_noise0.05,13,0.95,granular_ball,>20,373,218,0.6804084048535071
confirm_d60_redundant0_noise0.05,13,0.95,matched_kmeans,1-2,34,34,
confirm_d60_redundant0_noise0.05,13,0.95,matched_kmeans,>20,566,266,0.6915037593984963
confirm_d60_redundant0_noise0.05,13,0.99,granular_ball,1-2,161,73,0.9701120797011208
confirm_d60_redundant0_noise0.05,13,0.99,granular_ball,11-20,94,58,0.8256704980842912
confirm_d60_redundant0_noise0.05,13,0.99,granular_ball,3-5,91,51,0.9852941176470588
confirm_d60_redundant0_noise0.05,13,0.99,granular_ball,6-10,128,59,0.9629083763203145
confirm_d60_redundant0_noise0.05,13,0.99,granular_ball,>20,126,59,0.6612699215785479
confirm_d60_redundant0_noise0.05,13,0.99,matched_kmeans,1-2,74,74,
confirm_d60_redundant0_noise0.05,13,0.99,matched_kmeans,>20,526,226,0.7060471976401179
confirm_d60_redundant0_noise0.05,73,0.9,granular_ball,1-2,71,51,0.9627450980392158
confirm_d60_redundant0_noise0.05,73,0.9,granular_ball,11-20,134,50,0.8452380952380952
confirm_d60_redundant0_noise0.05,73,0.9,granular_ball,3-5,42,14,0.9413265306122449
confirm_d60_redundant0_noise0.05,73,0.9,granular_ball,6-10,11,9,1.0
confirm_d60_redundant0_noise0.05,73,0.9,granular_ball,>20,342,176,0.7352478094194961
confirm_d60_redundant0_noise0.05,73,0.9,matched_kmeans,1-2,48,47,0.0
confirm_d60_redundant0_noise0.05,73,0.9,matched_kmeans,>20,552,253,0.651486509709572
confirm_d60_redundant0_noise0.05,73,0.95,granular_ball,1-2,146,75,0.9716431924882629
confirm_d60_redundant0_noise0.05,73,0.95,granular_ball,11-20,199,86,0.8674624408314469
confirm_d60_redundant0_noise0.05,73,0.95,granular_ball,3-5,54,24,0.9555555555555556
confirm_d60_redundant0_noise0.05,73,0.95,granular_ball,6-10,25,16,0.9652777777777778
confirm_d60_redundant0_noise0.05,73,0.95,granular_ball,>20,176,99,0.7451134723861997
confirm_d60_redundant0_noise0.05,73,0.95,matched_kmeans,1-2,71,70,0.0
confirm_d60_redundant0_noise0.05,73,0.95,matched_kmeans,11-20,47,19,0.768796992481203
confirm_d60_redundant0_noise0.05,73,0.95,matched_kmeans,>20,482,211,0.6855249121211592
confirm_d60_redundant0_noise0.05,73,0.99,granular_ball,1-2,172,92,1.0
confirm_d60_redundant0_noise0.05,73,0.99,granular_ball,11-20,174,80,0.8990691489361702
confirm_d60_redundant0_noise0.05,73,0.99,granular_ball,3-5,106,55,0.9928698752228164
confirm_d60_redundant0_noise0.05,73,0.99,granular_ball,6-10,78,43,0.946843853820598
confirm_d60_redundant0_noise0.05,73,0.99,granular_ball,>20,70,30,0.7375
confirm_d60_redundant0_noise0.05,73,0.99,matched_kmeans,1-2,96,94,1.0
confirm_d60_redundant0_noise0.05,73,0.99,matched_kmeans,11-20,103,41,0.9103068450039339
confirm_d60_redundant0_noise0.05,73,0.99,matched_kmeans,6-10,31,10,0.8476190476190476
confirm_d60_redundant0_noise0.05,73,0.99,matched_kmeans,>20,370,155,0.6972843210802702
confirm_d60_redundant0_noise0.05,314,0.9,granular_ball,1-2,54,51,1.0
confirm_d60_redundant0_noise0.05,314,0.9,granular_ball,3-5,21,12,0.9259259259259259
confirm_d60_redundant0_noise0.05,314,0.9,granular_ball,6-10,22,10,0.8083333333333335
confirm_d60_redundant0_noise0.05,314,0.9,granular_ball,>20,503,227,0.6934176083764285
confirm_d60_redundant0_noise0.05,314,0.9,matched_kmeans,1-2,53,53,
confirm_d60_redundant0_noise0.05,314,0.9,matched_kmeans,>20,547,247,0.6386504723346829
confirm_d60_redundant0_noise0.05,314,0.95,granular_ball,1-2,153,80,0.8773972602739725
confirm_d60_redundant0_noise0.05,314,0.95,granular_ball,11-20,37,12,0.8666666666666667
confirm_d60_redundant0_noise0.05,314,0.95,granular_ball,3-5,35,18,0.8594771241830066
confirm_d60_redundant0_noise0.05,314,0.95,granular_ball,6-10,53,20,0.834848484848485
confirm_d60_redundant0_noise0.05,314,0.95,granular_ball,>20,322,170,0.6020897832817338
confirm_d60_redundant0_noise0.05,314,0.95,matched_kmeans,1-2,62,62,
confirm_d60_redundant0_noise0.05,314,0.95,matched_kmeans,>20,538,238,0.6380812324929973
confirm_d60_redundant0_noise0.05,314,0.99,granular_ball,1-2,139,70,0.9797101449275363
confirm_d60_redundant0_noise0.05,314,0.99,granular_ball,11-20,57,26,0.8647642679900744
confirm_d60_redundant0_noise0.05,314,0.99,granular_ball,3-5,38,20,0.9527777777777777
confirm_d60_redundant0_noise0.05,314,0.99,granular_ball,6-10,96,49,0.8940512375162831
confirm_d60_redundant0_noise0.05,314,0.99,granular_ball,>20,270,135,0.7040329218106995
confirm_d60_redundant0_noise0.05,314,0.99,matched_kmeans,1-2,73,73,
confirm_d60_redundant0_noise0.05,314,0.99,matched_kmeans,>20,527,227,0.6651688693098385
confirm_d60_redundant0_noise0.05,808,0.9,granular_ball,1-2,149,64,0.9488970588235295
confirm_d60_redundant0_noise0.05,808,0.9,granular_ball,3-5,124,48,0.8379934210526315
confirm_d60_redundant0_noise0.05,808,0.9,granular_ball,6-10,43,25,0.9622222222222223
confirm_d60_redundant0_noise0.05,808,0.9,granular_ball,>20,284,163,0.6666835674086092
confirm_d60_redundant0_noise0.05,808,0.9,matched_kmeans,1-2,52,52,
confirm_d60_redundant0_noise0.05,808,0.9,matched_kmeans,11-20,44,19,0.8568421052631578
confirm_d60_redundant0_noise0.05,808,0.9,matched_kmeans,>20,504,229,0.6770940849543471
confirm_d60_redundant0_noise0.05,808,0.95,granular_ball,1-2,176,79,0.9294010178781157
confirm_d60_redundant0_noise0.05,808,0.95,granular_ball,11-20,44,15,0.6896551724137931
confirm_d60_redundant0_noise0.05,808,0.95,granular_ball,3-5,105,46,0.925939572586588
confirm_d60_redundant0_noise0.05,808,0.95,granular_ball,6-10,35,21,0.9523809523809523
confirm_d60_redundant0_noise0.05,808,0.95,granular_ball,>20,240,139,0.684236769000641
confirm_d60_redundant0_noise0.05,808,0.95,matched_kmeans,1-2,62,62,
confirm_d60_redundant0_noise0.05,808,0.95,matched_kmeans,11-20,101,40,0.8049180327868852
confirm_d60_redundant0_noise0.05,808,0.95,matched_kmeans,>20,437,198,0.6278897764253413
confirm_d60_redundant0_noise0.05,808,0.99,granular_ball,1-2,188,91,0.967032967032967
confirm_d60_redundant0_noise0.05,808,0.99,granular_ball,11-20,89,42,0.8378926038500507
confirm_d60_redundant0_noise0.05,808,0.99,granular_ball,3-5,129,61,0.9375602700096431
confirm_d60_redundant0_noise0.05,808,0.99,granular_ball,6-10,52,31,0.9400921658986175
confirm_d60_redundant0_noise0.05,808,0.99,granular_ball,>20,142,75,0.6380099502487562
confirm_d60_redundant0_noise0.05,808,0.99,matched_kmeans,1-2,78,78,
confirm_d60_redundant0_noise0.05,808,0.99,matched_kmeans,11-20,176,72,0.8417467948717948
confirm_d60_redundant0_noise0.05,808,0.99,matched_kmeans,>20,346,150,0.6530272108843537
